posicao_risco,id_municipio,uf,regiao,n_alunos,taxa_prevista,taxa_observada,risco_previsto,meta_alfabetizacao_2024,gap_meta_2024,gap_meta_2026,risco_de_perder_meta_2024,situacao_historico,em_treino
1,2901908,BA,Nordeste,230,0.2211745,0.16521739130434782,0.7788255,24.7,-2.582551193237304,-20.902551193237308,True,completo,True
2,2907202,BA,Nordeste,430,0.23240237,0.20930232558139536,0.7675976,19.44,3.8002362823486315,-14.84976371765137,False,completo,True
3,2902252,BA,Nordeste,61,0.24104081,0.13114754098360656,0.7589592,23.69,0.4140802001953112,-18.02591979980469,False,completo,True
4,2910503,BA,Nordeste,255,0.25187266,0.3254901960784314,0.74812734,,,-24.222734603881833,False,completo,False
5,2919900,BA,Nordeste,40,0.25752047,0.125,0.74247956,8.39,17.362046585083007,1.3720465850830088,False,completo,True
6,2917003,BA,Nordeste,247,0.257794,0.21052631578947367,0.742206,34.97,-9.190600128173827,-25.43060012817383,True,completo,True
7,2924405,BA,Nordeste,391,0.25982344,0.22506393861892582,0.74017656,31.12,-5.137656326293946,-22.327656326293948,True,completo,True
8,2902104,BA,Nordeste,331,0.26210335,0.24471299093655588,0.7378967,27.37,-1.1596652221679697,-19.089665222167966,True,completo,True
9,2924207,BA,Nordeste,132,0.26725233,0.20454545454545456,0.7327477,36.27,-9.544766921997073,-25.434766921997067,True,completo,True
10,2932457,BA,Nordeste,122,0.2673408,0.22950819672131148,0.7326592,28.46,-1.725918731689454,-19.465918731689456,True,completo,True
11,2910602,BA,Nordeste,359,0.26823968,0.2395543175487465,0.7317603,26.95,-0.12603302001953054,-18.126033020019534,True,completo,True
12,2928307,BA,Nordeste,61,0.26918107,0.22950819672131148,0.7308189,,,-14.561892013549802,False,completo,True
13,2920809,BA,Nordeste,70,0.26920974,0.18571428571428572,0.73079026,28.29,-1.3690252685546866,-19.13902526855469,True,completo,True
14,2911105,BA,Nordeste,234,0.2703216,0.28205128205128205,0.7296784,26.73,0.30216171264648395,-17.727838287353514,False,completo,True
15,2926004,BA,Nordeste,329,0.27175772,0.3525835866261398,0.7282423,32.32,-5.144228286743164,-22.05422828674316,True,completo,False
16,2930501,BA,Nordeste,487,0.2723272,0.19917864476386038,0.7276728,32.42,-5.18727867126465,-22.07727867126465,True,completo,True
17,2930204,BA,Nordeste,429,0.27621728,0.24242424242424243,0.7237827,33.62,-5.998271102905271,-22.588271102905274,True,completo,True
18,2911808,BA,Nordeste,159,0.27682218,0.22641509433962265,0.7231778,29.89,-2.2077814483642584,-19.65778144836426,True,completo,True
19,2930105,BA,Nordeste,487,0.2772065,0.2402464065708419,0.72279346,27.01,0.7106516265869125,-17.279348373413086,False,completo,False
20,2915403,BA,Nordeste,59,0.27732408,0.15254237288135594,0.7226759,27.27,0.46240852355957074,-17.47759147644043,False,completo,True
21,2911006,BA,Nordeste,78,0.27858853,0.41025641025641024,0.72141147,21.74,6.118852386474611,-12.471147613525389,False,completo,False
22,2916302,BA,Nordeste,64,0.2786745,0.234375,0.7213255,21.57,6.297450714111328,-12.302549285888674,False,completo,True
23,2928000,BA,Nordeste,199,0.27905262,0.2914572864321608,0.7209474,32.3,-4.394738006591794,-21.314738006591796,True,completo,True
24,2921500,BA,Nordeste,251,0.27952486,0.2749003984063745,0.72047514,37.95,-9.997513961791995,-25.397513961791994,True,completo,True
25,4301750,RS,Sul,25,0.28019154,0.04,0.71980846,,,4.3691535949707045,False,completo,True
26,2924108,BA,Nordeste,30,0.28020394,0.13333333333333333,0.71979606,27.85,0.17039337158202983,-17.669606628417966,False,completo,True
27,2909901,BA,Nordeste,388,0.2816222,0.22938144329896906,0.7183778,36.77,-8.6077799987793,-24.347779998779295,True,completo,True
28,2919157,BA,Nordeste,301,0.28164947,0.25249169435215946,0.7183505,32.3,-4.135052490234372,-21.055052490234374,True,completo,True
29,2923704,BA,Nordeste,233,0.28209242,0.2446351931330472,0.71790755,28.27,-0.060758132934569886,-17.840758132934567,True,completo,False
30,2906808,BA,Nordeste,332,0.28355834,0.2319277108433735,0.71644163,36.8,-8.44416694641113,-24.184166946411132,True,completo,True
31,2922052,BA,Nordeste,111,0.28383765,0.2882882882882883,0.7161623,29.66,-1.2762357330322267,-18.776235733032223,True,completo,True
32,2906873,BA,Nordeste,242,0.28428364,0.29338842975206614,0.71571636,33.41,-4.9816361999511685,-21.631636199951174,True,completo,True
33,2929800,BA,Nordeste,82,0.28449526,0.2073170731707317,0.71550477,21.63,6.819525833129884,-11.770474166870116,False,completo,True
34,2900405,BA,Nordeste,69,0.2846347,0.30434782608695654,0.7153653,28.14,0.32347045898437443,-17.466529541015625,False,completo,True
35,2902708,BA,Nordeste,474,0.28485954,0.2848101265822785,0.71514046,34.04,-5.55404571533203,-22.044045715332032,True,completo,True
36,2927507,BA,Nordeste,133,0.286346,0.3157894736842105,0.71365404,28.15,0.48459968566894673,-17.305400314331052,False,completo,True
37,2919603,BA,Nordeste,146,0.2869845,0.3013698630136986,0.7130155,25.55,3.148450088500976,-15.061549911499021,False,completo,False
38,2908903,BA,Nordeste,169,0.28731182,0.21301775147928995,0.7126882,37.99,-9.25881790161133,-24.64881790161133,True,completo,True
39,2805604,SE,Nordeste,228,0.28782925,0.17543859649122806,0.7121707,30.74,-1.957075347900389,-19.237075347900394,True,completo,True
40,2904704,BA,Nordeste,140,0.28790566,0.2857142857142857,0.7120943,31.49,-2.699434509277342,-19.809434509277345,True,completo,True
41,2905503,BA,Nordeste,149,0.28810734,0.28187919463087246,0.71189266,28.45,0.36073379516601634,-17.379266204833982,False,completo,True
42,2915809,BA,Nordeste,252,0.2889111,0.2698412698412698,0.7110889,29.39,-0.4988905334472662,-18.05889053344727,True,completo,True
43,2924009,BA,Nordeste,944,0.28942683,0.3050847457627119,0.7105732,32.01,-3.0673158264160136,-20.057315826416016,True,completo,False
44,1600501,AP,Norte,384,0.29011557,0.21354166666666666,0.7098844,33.3,-4.288443374633786,-20.968443374633786,True,completo,True
45,4314902,RS,Sul,7389,0.29037333,0.2829882257409663,0.7096267,,,,False,completo,True
46,2902203,BA,Nordeste,78,0.2916689,0.1794871794871795,0.7083311,28.9,0.26688919067382955,-17.38311080932617,False,completo,True
47,2906824,BA,Nordeste,156,0.2920628,0.30128205128205127,0.70793724,25.86,3.3462797546386724,-14.82372024536133,False,completo,False
48,2929701,BA,Nordeste,88,0.29286268,0.3068181818181818,0.70713735,22.02,7.26626823425293,-11.303731765747074,False,completo,True
49,2931707,BA,Nordeste,95,0.29350045,0.28421052631578947,0.7064996,30.46,-1.1099538421630868,-18.439953842163085,True,completo,False
50,2913606,BA,Nordeste,1378,0.29358226,0.2663280116110305,0.70641774,39.22,-9.861773223876952,-24.881773223876955,True,completo,True
51,2927606,BA,Nordeste,155,0.29369077,0.2838709677419355,0.7063092,32.87,-3.5009223175048803,-20.28092231750488,True,completo,False
52,2927101,BA,Nordeste,162,0.29375878,0.2839506172839506,0.70624125,30.48,-1.1041226196289067,-18.43412261962891,True,completo,True
53,2932705,BA,Nordeste,159,0.29446387,0.2641509433962264,0.7055361,37.1,-7.653611755371095,-23.303611755371094,True,completo,True
54,2923050,BA,Nordeste,64,0.29455924,0.390625,0.70544076,28.92,0.535924987792967,-17.11407501220703,False,completo,True
55,2918100,BA,Nordeste,193,0.29472843,0.29533678756476683,0.7052716,34.24,-4.767156829833986,-21.197156829833986,True,completo,True
56,2926103,BA,Nordeste,123,0.29484048,0.23577235772357724,0.70515954,25.46,4.024048843383788,-14.19595115661621,False,completo,True
57,2805406,SE,Nordeste,345,0.2949614,0.26666666666666666,0.7050386,23.75,5.7461395263671875,-12.673860473632814,False,completo,True
58,2906303,BA,Nordeste,272,0.29564765,0.2867647058823529,0.7043524,36.12,-6.555234069824216,-22.485234069824216,True,completo,True
59,2916500,BA,Nordeste,326,0.29653433,0.5122699386503068,0.7034657,35.25,-5.596567153930664,-21.766567153930666,True,completo,False
60,2922250,BA,Nordeste,118,0.29697433,0.22033898305084745,0.7030257,38.02,-8.322566528320316,-23.70256652832031,True,completo,True
61,2922102,BA,Nordeste,126,0.29709953,0.3333333333333333,0.70290047,33.82,-4.1100466918945315,-20.65004669189453,True,completo,True
62,2905800,BA,Nordeste,236,0.29724786,0.2838983050847458,0.7027521,33.17,-3.445215148925783,-20.155215148925784,True,completo,True
63,2920908,BA,Nordeste,101,0.29868174,0.26732673267326734,0.70131826,29.51,0.3581735992431625,-17.171826400756835,False,completo,True
64,2803609,SE,Nordeste,215,0.29892427,0.26976744186046514,0.70107573,23.05,6.842427444458007,-11.647572555541991,False,completo,True
65,2931103,BA,Nordeste,75,0.29909223,0.30666666666666664,0.70090777,25.95,3.9592235565185554,-14.190776443481447,False,completo,True
66,2904902,BA,Nordeste,242,0.29932427,0.3305785123966942,0.7006757,32.07,-2.1375735473632815,-19.10757354736328,True,completo,False
67,2801504,SE,Nordeste,147,0.29971412,0.16326530612244897,0.7002859,32.07,-2.098587341308594,-19.068587341308593,True,completo,True
68,2905305,BA,Nordeste,135,0.30031317,0.3037037037037037,0.6996868,28.79,1.2413167572021493,-16.43868324279785,False,completo,False
69,2925600,BA,Nordeste,100,0.30034667,0.2,0.6996533,28.43,1.6046679687500003,-16.13533203125,False,completo,True
70,2933158,BA,Nordeste,156,0.30076805,0.1794871794871795,0.699232,39.73,-9.653194885253903,-24.51319488525391,True,completo,True
71,2919207,BA,Nordeste,1280,0.30086222,0.2875,0.6991378,36.74,-6.653778305053713,-22.403778305053713,True,completo,True
72,2905909,BA,Nordeste,189,0.30101562,0.2804232804232804,0.6989844,43.29,-13.1884375,-26.908437499999998,True,completo,True
73,2907103,BA,Nordeste,316,0.30108488,0.31962025316455694,0.6989151,35.7,-5.591511917114261,-21.641511917114258,True,completo,True
74,2925808,BA,Nordeste,188,0.30188978,0.30319148936170215,0.6981102,34.54,-4.3510218048095695,-20.71102180480957,True,completo,True
75,2911907,BA,Nordeste,263,0.3031475,0.28517110266159695,0.6968525,30.13,0.18474876403808693,-17.225251235961913,False,completo,False
76,2900207,BA,Nordeste,159,0.30343094,0.18238993710691823,0.6965691,35.44,-5.096906127929685,-21.21690612792969,True,completo,False
77,2932903,BA,Nordeste,417,0.30379045,0.31894484412470026,0.69620955,38.08,-7.700954513549803,-23.060954513549802,True,completo,True
78,2414209,RN,Nordeste,216,0.30389464,0.25462962962962965,0.69610536,24.51,5.879463424682616,-12.460536575317384,False,completo,True
79,2914307,BA,Nordeste,33,0.30444914,0.36363636363636365,0.69555086,,,,False,completo,False
80,2928505,BA,Nordeste,76,0.3046015,0.27631578947368424,0.6953985,33.84,-3.379850234985355,-19.90985023498535,True,completo,True
81,2914653,BA,Nordeste,313,0.30478048,0.24920127795527156,0.6952195,38.14,-7.66195167541504,-23.001951675415036,True,completo,True
82,2920205,BA,Nordeste,190,0.30482456,0.3368421052631579,0.6951754,32.45,-1.9675437927246122,-18.847543792724608,True,completo,True
83,2925253,BA,Nordeste,173,0.30530226,0.3699421965317919,0.69469774,30.38,0.15022575378418068,-17.199774246215817,False,completo,False
84,2922656,BA,Nordeste,176,0.30548522,0.26136363636363635,0.69451475,38.28,-7.731478958129884,-23.03147895812988,True,completo,True
85,2930303,BA,Nordeste,136,0.30597132,0.33088235294117646,0.6940287,36.13,-5.532868270874026,-21.45286827087402,True,completo,True
86,2923357,BA,Nordeste,141,0.30614123,0.3404255319148936,0.69385874,29.85,0.7641223907470689,-16.695877609252932,False,completo,True
87,2922706,BA,Nordeste,16,0.30650833,0.5,0.6934917,36.6,-5.949166870117189,-21.739166870117188,True,completo,True
88,2931509,BA,Nordeste,186,0.30660656,0.2956989247311828,0.69339347,35.23,-4.5693440246582,-20.7393440246582,True,completo,True
89,2918308,BA,Nordeste,98,0.30727255,0.40816326530612246,0.69272745,31.37,-0.6427451324462901,-17.77274513244629,True,completo,True
90,2926509,BA,Nordeste,162,0.3075473,0.3395061728395062,0.69245267,35.87,-5.115269775390622,-21.115269775390622,True,completo,False
91,2914000,BA,Nordeste,415,0.30760068,0.344578313253012,0.6923993,37.07,-6.309933013916016,-21.969933013916012,True,completo,True
92,2932200,BA,Nordeste,151,0.3076169,0.31125827814569534,0.6923831,36.89,-6.128311767578126,-21.838311767578126,True,completo,True
93,2928109,BA,Nordeste,251,0.3076657,0.26294820717131473,0.6923343,39.29,-8.523428955078124,-23.523428955078124,True,completo,True
94,2910859,BA,Nordeste,136,0.3078461,0.36764705882352944,0.69215393,25.25,5.534610748291016,-12.715389251708984,False,completo,True
95,2913101,BA,Nordeste,100,0.30805948,0.28,0.69194055,33.31,-2.504051742553713,-19.174051742553708,True,completo,True
96,2929370,BA,Nordeste,88,0.30932128,0.2840909090909091,0.6906787,30.39,0.5421289062499994,-16.807871093750002,False,completo,False
97,2805109,SE,Nordeste,62,0.30938944,0.11290322580645161,0.6906105,21.39,9.548943862915038,-9.061056137084961,False,completo,True
98,2913705,BA,Nordeste,229,0.30974856,0.30131004366812225,0.69025147,36.61,-5.635144577026367,-21.425144577026366,True,completo,True
99,1300508,AM,Norte,410,0.30998594,0.25121951219512195,0.69001406,36.81,-5.811405715942385,-21.541405715942382,True,completo,True
100,2917508,BA,Nordeste,558,0.3103634,0.2849462365591398,0.6896366,37.79,-6.753659286499023,-22.203659286499025,True,completo,True
101,2903607,BA,Nordeste,57,0.31037465,0.2982456140350877,0.6896254,29.4,1.6374641418457045,-15.922535858154298,False,completo,True
102,2929206,BA,Nordeste,342,0.31099907,0.2573099415204678,0.68900096,37.11,-6.010093078613281,-21.66009307861328,True,completo,True
103,2804904,SE,Nordeste,106,0.31107086,0.3018867924528302,0.68892914,23.74,7.367086181640627,-11.052913818359372,False,completo,True
104,2912103,BA,Nordeste,166,0.31133172,0.3795180722891566,0.68866825,,,-22.216828918457033,False,completo,False
105,2922904,BA,Nordeste,242,0.31194133,0.3140495867768595,0.6880587,29.32,1.8741318511962888,-15.695868148803712,False,completo,True
106,2907905,BA,Nordeste,193,0.312106,0.31088082901554404,0.687894,35.07,-3.8593981933593753,-20.079398193359374,True,completo,True
107,2800605,SE,Nordeste,278,0.31215847,0.2805755395683453,0.68784153,29.32,1.895847015380859,-15.674152984619141,False,completo,True
108,2933059,BA,Nordeste,82,0.31236085,0.2073170731707317,0.6876391,39.52,-8.28391410827637,-23.21391410827637,True,completo,True
109,2903235,BA,Nordeste,121,0.31250826,0.2975206611570248,0.6874918,31.51,-0.25917411804199375,-17.35917411804199,True,completo,True
110,1703073,TO,Norte,72,0.3131393,0.18055555555555555,0.6868607,18.0,13.313928604125977,-5.306071395874021,False,completo,True
111,2904852,BA,Nordeste,119,0.31325862,0.3277310924369748,0.68674135,,,,False,completo,False
112,2917706,BA,Nordeste,233,0.31375748,0.40772532188841204,0.6862425,37.63,-6.25425231933594,-21.744252319335935,True,completo,False
113,2932309,BA,Nordeste,105,0.3138677,0.41904761904761906,0.6861323,38.45,-7.06323165893555,-22.31323165893555,True,completo,True
114,2913903,BA,Nordeste,326,0.31392083,0.25153374233128833,0.68607914,40.51,-9.11791778564453,-23.737917785644534,True,completo,True
115,2804805,SE,Nordeste,1785,0.3141386,0.2980392156862745,0.6858614,26.93,4.483858413696289,-13.51614158630371,False,completo,True
116,2925709,BA,Nordeste,107,0.31415936,0.3177570093457944,0.6858406,37.48,-6.064064483642575,-21.60406448364258,True,completo,False
117,2901353,BA,Nordeste,109,0.3143123,0.28440366972477066,0.68568766,39.88,-8.448769454956057,-23.268769454956058,True,completo,True
118,2906402,BA,Nordeste,52,0.31432045,0.3076923076923077,0.68567955,37.97,-6.537955017089843,-21.927955017089843,True,completo,True
119,2907004,BA,Nordeste,115,0.31444377,0.33043478260869563,0.68555623,33.87,-2.4256240081787084,-18.95562400817871,True,completo,True
120,2925402,BA,Nordeste,69,0.31517577,0.2753623188405797,0.6848242,35.06,-3.5424218750000023,-19.762421875,True,completo,True
121,2919108,BA,Nordeste,46,0.3152998,0.1956521739130435,0.6847002,29.42,2.109981613159178,-15.44001838684082,False,completo,False
122,2907608,BA,Nordeste,78,0.3162002,0.2564102564102564,0.6837998,37.9,-6.279980087280272,-21.699980087280274,True,completo,True
123,2933604,BA,Nordeste,524,0.3163393,0.32251908396946566,0.6836607,38.06,-6.426067886352541,-21.79606788635254,True,completo,True
124,2912608,BA,Nordeste,32,0.31634304,0.15625,0.68365693,27.17,4.464304046630858,-13.505695953369141,False,completo,False
125,2910701,BA,Nordeste,434,0.31652895,0.31336405529953915,0.6834711,39.98,-8.327105026245114,-23.11710502624512,True,completo,True
126,2928208,BA,Nordeste,230,0.3168854,0.3869565217391304,0.6831146,37.01,-5.321458587646482,-21.001458587646482,True,completo,False
127,2916609,BA,Nordeste,71,0.3171854,0.36619718309859156,0.6828146,38.06,-6.341459808349612,-21.71145980834961,True,completo,True
128,2914901,BA,Nordeste,218,0.31741753,0.3119266055045872,0.6825825,39.28,-7.538247375488282,-22.538247375488282,True,completo,True
129,2921401,BA,Nordeste,119,0.31773952,0.29411764705882354,0.6822605,40.59,-8.816047515869144,-23.41604751586914,True,completo,True
130,2929404,BA,Nordeste,68,0.31794095,0.36764705882352944,0.68205905,35.91,-4.115905914306637,-20.09590591430664,True,completo,True
131,2914505,BA,Nordeste,83,0.31817508,0.3253012048192771,0.6818249,,,,False,completo,True
132,2912202,BA,Nordeste,249,0.31853396,0.3253012048192771,0.68146604,35.04,-3.1866045379638663,-19.406604537963865,True,completo,True
133,2930154,BA,Nordeste,439,0.3185546,0.26651480637813213,0.68144536,42.83,-10.97453887939453,-24.844538879394534,True,completo,False
134,2915353,BA,Nordeste,125,0.31867066,0.328,0.68132937,28.02,3.8470654296875004,-13.972934570312503,False,completo,True
135,2414456,RN,Nordeste,37,0.3189613,0.10810810810810811,0.68103874,,,3.5761296081542966,False,completo,True
136,2930808,BA,Nordeste,132,0.31913733,0.3181818181818182,0.68086267,32.71,-0.7962655639648446,-17.616265563964845,True,completo,True
137,2905602,BA,Nordeste,191,0.31973234,0.24607329842931938,0.6802677,40.84,-8.866765823364261,-23.386765823364257,True,completo,True
138,2932408,BA,Nordeste,83,0.32034847,0.27710843373493976,0.6796515,40.0,-7.965152740478516,-22.745152740478517,True,completo,True
139,2800209,SE,Nordeste,86,0.32046193,0.20930232558139536,0.6795381,28.59,3.4561921691894533,-14.253807830810544,False,completo,True
140,2915908,BA,Nordeste,53,0.32063708,0.24528301886792453,0.6793629,,,,False,completo,True
141,2923100,BA,Nordeste,202,0.32077193,0.21287128712871287,0.67922807,41.3,-9.22280578613281,-23.592805786132814,True,completo,True
142,2926905,BA,Nordeste,32,0.32105282,0.15625,0.6789472,43.13,-11.024718170166018,-24.794718170166014,True,completo,True
143,2909307,BA,Nordeste,214,0.32106283,0.26635514018691586,0.6789372,43.32,-11.213714904785157,-24.923714904785157,True,completo,True
144,2908200,BA,Nordeste,142,0.32188284,0.2746478873239437,0.67811716,38.68,-6.491714172363281,-21.68171417236328,True,completo,True
145,2914802,BA,Nordeste,931,0.32194784,0.2975295381310419,0.6780522,38.61,-6.415213928222656,-21.61521392822266,True,completo,False
146,2911659,BA,Nordeste,87,0.32284898,0.367816091954023,0.677151,36.33,-4.045103149414061,-19.915103149414065,True,completo,True
147,2928059,BA,Nordeste,95,0.32331592,0.28421052631578947,0.6766841,40.34,-8.00840744018555,-22.68840744018555,True,completo,False
148,2931905,BA,Nordeste,256,0.32352176,0.35546875,0.67647827,36.12,-3.767823333740232,-19.69782333374023,True,completo,True
149,2913309,BA,Nordeste,28,0.32356516,0.32142857142857145,0.6764349,,,,False,completo,True
150,2908408,BA,Nordeste,446,0.32376027,0.3094170403587444,0.6762397,35.73,-3.3539738464355437,-19.39397384643555,True,completo,False
151,2911402,BA,Nordeste,85,0.32416847,0.23529411764705882,0.67583156,42.59,-10.173152770996097,-24.123152770996093,True,completo,True
152,2707107,AL,Nordeste,375,0.32418123,0.25066666666666665,0.6758188,31.96,0.45812133789062415,-16.541878662109376,False,completo,True
153,2909208,BA,Nordeste,111,0.32486674,0.36036036036036034,0.6751332,35.85,-3.3633247375488295,-19.36332473754883,True,completo,False
154,1200435,AC,Norte,58,0.32510445,0.15517241379310345,0.6748955,,,-1.529555358886718,False,ausente,True
155,2916906,BA,Nordeste,60,0.32539445,0.3,0.67460555,39.79,-7.250556030273437,-22.09055603027344,True,completo,True
156,2400505,RN,Nordeste,134,0.3256194,0.5895522388059702,0.6743806,24.68,7.881939239501953,-10.438060760498047,False,completo,False
157,2907400,BA,Nordeste,35,0.32564437,0.2571428571428571,0.6743556,16.24,16.32443786621094,-2.1555621337890614,False,completo,True
158,2915304,BA,Nordeste,80,0.3258269,0.25,0.6741731,39.74,-7.157308807373049,-22.01730880737305,True,completo,True
159,2929354,BA,Nordeste,77,0.3259484,0.2727272727272727,0.67405164,38.32,-5.725162811279297,-21.025162811279294,True,completo,True
160,2928802,BA,Nordeste,499,0.32595706,0.3186372745490982,0.67404294,39.59,-6.994293060302738,-21.904293060302734,True,completo,False
161,2803401,SE,Nordeste,137,0.3259779,0.39416058394160586,0.6740221,33.27,-0.6722102355957063,-17.362210235595704,True,completo,False
162,2905156,BA,Nordeste,28,0.3261666,0.4642857142857143,0.6738334,32.08,0.5366610717773455,-16.433338928222653,False,completo,True
163,2930774,BA,Nordeste,302,0.32632324,0.3443708609271523,0.6736767,33.65,-1.0176757812499986,-17.607675781250002,True,completo,True
164,2801702,SE,Nordeste,185,0.32646656,0.34594594594594597,0.67353344,31.96,0.6866560363769523,-16.313343963623048,False,completo,False
165,2913457,BA,Nordeste,55,0.32651952,0.43636363636363634,0.6734805,37.38,-4.728049163818362,-20.298049163818362,True,completo,True
166,2912400,BA,Nordeste,160,0.32675415,0.36875,0.67324585,36.9,-4.224584960937499,-19.9345849609375,True,completo,True
167,2930402,BA,Nordeste,90,0.32728508,0.36666666666666664,0.67271495,38.83,-6.1014920043945295,-21.24149200439453,True,completo,True
168,2405405,RN,Nordeste,57,0.3273001,0.2631578947368421,0.6726999,21.97,10.760010986328126,-7.809989013671874,False,completo,True
169,1505205,PA,Norte,373,0.32733834,0.3136729222520107,0.67266166,25.53,7.20383331298828,-11.00616668701172,False,completo,True
170,2916203,BA,Nordeste,65,0.32739523,0.35384615384615387,0.6726048,37.65,-4.910475158691405,-20.400475158691407,True,completo,True
171,2928950,BA,Nordeste,51,0.32777175,0.5294117647058824,0.6722282,32.49,0.2871759033203105,-16.582824096679687,False,completo,True
172,2929305,BA,Nordeste,203,0.32796368,0.24630541871921183,0.6720363,43.04,-10.243632354736327,-24.04363235473633,True,completo,True
173,2902609,BA,Nordeste,87,0.32828048,0.367816091954023,0.67171955,42.94,-10.11195129394531,-23.941951293945316,True,completo,True
174,2910800,BA,Nordeste,3528,0.3289829,0.33191609977324266,0.6710171,38.95,-6.051711273193362,-21.151711273193357,True,completo,True
175,2906204,BA,Nordeste,255,0.32923356,0.33725490196078434,0.6707665,36.34,-3.416644897460941,-19.28664489746094,True,completo,True
176,2901700,BA,Nordeste,66,0.32976487,0.25757575757575757,0.67023516,40.74,-7.7635137939453145,-22.31351379394531,True,completo,True
177,2920452,BA,Nordeste,59,0.33095634,0.3728813559322034,0.66904366,37.76,-4.664365539550779,-20.12436553955078,True,completo,True
178,2802700,SE,Nordeste,114,0.33148172,0.15789473684210525,0.6685183,34.17,-1.0218257141113298,-17.471825714111326,True,completo,True
179,2901205,BA,Nordeste,115,0.33162886,0.3217391304347826,0.66837114,43.17,-10.007112426757814,-23.757112426757814,True,completo,True
180,2910909,BA,Nordeste,43,0.33267602,0.23255813953488372,0.66732395,,,,False,completo,True
181,2802403,SE,Nordeste,94,0.3328452,0.3723404255319149,0.6671548,26.47,6.814523010253907,-11.265476989746091,False,completo,True
182,2906501,BA,Nordeste,510,0.33302078,0.36666666666666664,0.6669792,39.6,-6.297921752929689,-21.197921752929688,True,completo,True
183,2407104,RN,Nordeste,556,0.33372155,0.3057553956834532,0.6662785,36.28,-2.9078457641601574,-18.787845764160153,True,completo,True
184,2804300,SE,Nordeste,35,0.33426487,0.22857142857142856,0.6657351,15.64,17.78648696899414,-0.6135130310058585,False,completo,True
185,2930600,BA,Nordeste,144,0.33498514,0.2569444444444444,0.66501486,39.77,-6.271487731933597,-21.12148773193359,True,completo,False
186,2907707,BA,Nordeste,105,0.33524996,0.3619047619047619,0.66475004,41.36,-7.835002288818359,-22.18500228881836,True,completo,True
187,2804003,SE,Nordeste,122,0.33533287,0.3114754098360656,0.6646671,28.54,4.993287048339845,-12.73671295166016,False,completo,True
188,2404705,RN,Nordeste,130,0.33580783,0.4,0.6641922,20.1,13.48078384399414,-5.169216156005859,False,completo,False
189,2408953,RN,Nordeste,88,0.33582294,0.3068181818181818,0.66417706,21.44,12.142294464111327,-6.457705535888671,False,completo,True
190,1707702,TO,Norte,55,0.33649945,0.12727272727272726,0.66350055,18.04,15.609944305419923,-3.0000556945800767,False,completo,True
191,2902658,BA,Nordeste,150,0.33681577,0.26666666666666666,0.6631842,46.98,-13.298424224853512,-25.738424224853517,True,completo,True
192,2911857,BA,Nordeste,66,0.3379672,0.36363636363636365,0.66203284,38.42,-4.623281402587892,-19.88328140258789,True,completo,True
193,2915502,BA,Nordeste,88,0.33824515,0.3409090909090909,0.66175485,41.18,-7.355483703613281,-21.765483703613285,True,completo,False
194,2806404,SE,Nordeste,89,0.33844504,0.2247191011235955,0.66155493,36.03,-2.1854946899414074,-18.135494689941403,True,completo,True
195,2918506,BA,Nordeste,122,0.33866975,0.4344262295081967,0.6613302,30.4,3.4669738769531264,-13.883026123046875,False,completo,True
196,2919553,BA,Nordeste,1313,0.33878627,0.3571972581873572,0.66121376,36.53,-2.6513722229003918,-18.461372222900394,True,completo,True
197,2911501,BA,Nordeste,68,0.33902434,0.5,0.6609757,34.92,-1.0175646972656267,-17.277564697265625,True,completo,True
198,2902906,BA,Nordeste,487,0.33927724,0.3059548254620123,0.66072273,42.76,-8.832277069091795,-22.722277069091795,True,completo,True
199,2804409,SE,Nordeste,200,0.33946198,0.31,0.660538,28.33,5.616197509765627,-12.143802490234378,False,completo,True
200,2907806,BA,Nordeste,156,0.34006086,0.36538461538461536,0.65993917,37.98,-3.973915557861325,-19.363915557861326,True,completo,True
201,2206654,PI,Nordeste,72,0.34098116,0.19444444444444445,0.6590189,30.91,3.188114013671875,-14.051885986328124,False,completo,True
202,1504505,PA,Norte,354,0.34124202,0.2909604519774011,0.658758,44.48,-10.355797271728512,-23.675797271728513,True,completo,True
203,2912707,BA,Nordeste,204,0.34142125,0.22058823529411764,0.65857875,38.26,-4.117875823974607,-19.42787582397461,True,completo,False
204,2703106,AL,Nordeste,242,0.34167027,0.23553719008264462,0.6583297,36.85,-2.682973480224611,-18.40297348022461,True,completo,True
205,2901155,BA,Nordeste,192,0.34170905,0.4322916666666667,0.658291,39.16,-4.989093933105465,-20.02909393310547,True,completo,True
206,2921708,BA,Nordeste,219,0.34199217,0.2831050228310502,0.65800786,42.87,-8.670781249999997,-22.52078125,True,completo,True
207,2908606,BA,Nordeste,167,0.34215435,0.281437125748503,0.6578456,46.79,-12.574564971923827,-25.084564971923825,True,completo,True
208,2802304,SE,Nordeste,91,0.3424453,0.37362637362637363,0.6575547,26.27,7.974529724121094,-10.135470275878909,False,completo,True
209,2931301,BA,Nordeste,110,0.342587,0.41818181818181815,0.657413,39.97,-5.711302490234374,-20.501302490234373,True,completo,True
210,2925501,BA,Nordeste,391,0.34288287,0.3273657289002558,0.6571171,41.65,-7.3617118835449205,-21.62171188354492,True,completo,True
211,2801207,SE,Nordeste,460,0.34298724,0.26956521739130435,0.65701276,29.89,4.408725128173828,-13.041274871826175,False,completo,False
212,1718865,TO,Norte,70,0.34302288,0.3142857142857143,0.6569771,23.48,10.822288055419921,-7.637711944580076,False,completo,True
213,1709005,TO,Norte,127,0.34314567,0.3858267716535433,0.65685433,18.74,15.57456756591797,-3.065432434082034,False,completo,True
214,2910057,BA,Nordeste,555,0.3436713,0.3225225225225225,0.6563287,42.22,-7.852869720458983,-21.922869720458984,True,completo,True
215,2912905,BA,Nordeste,195,0.3436927,0.37435897435897436,0.65630734,39.72,-5.350729675292968,-20.220729675292972,True,completo,False
216,2920106,BA,Nordeste,111,0.34381413,0.23423423423423423,0.65618587,46.99,-12.608587493896486,-25.048587493896484,True,completo,True
217,2909802,BA,Nordeste,432,0.34383774,0.33564814814814814,0.65616226,41.43,-7.046226196289062,-21.37622619628906,True,completo,True
218,2903409,BA,Nordeste,168,0.34403628,0.3392857142857143,0.6559637,42.49,-8.086370697021486,-22.066370697021483,True,completo,False
219,2906857,BA,Nordeste,66,0.3441182,0.45454545454545453,0.65588176,42.56,-8.14818054199219,-22.10818054199219,True,completo,False
220,1301159,AM,Norte,112,0.344228,0.33035714285714285,0.655772,44.52,-10.097201843261722,-23.39720184326172,True,completo,True
221,2805901,SE,Nordeste,92,0.3443475,0.31521739130434784,0.6556525,17.27,17.164749603271485,-1.405250396728519,False,completo,True
222,1507300,PA,Norte,704,0.34435567,0.3125,0.6556443,,,-13.71443405151367,False,completo,True
223,2929255,BA,Nordeste,158,0.34466633,0.33544303797468356,0.65533364,40.09,-5.623367156982425,-20.373367156982425,True,completo,True
224,2408706,RN,Nordeste,14,0.34467426,0.14285714285714285,0.6553258,,,1.8874263000488298,False,completo,True
225,2917805,BA,Nordeste,143,0.3451235,0.46853146853146854,0.6548765,33.07,1.4423481750488278,-15.287651824951169,False,completo,True
226,2411205,RN,Nordeste,374,0.34520862,0.35561497326203206,0.65479136,28.5,6.020862579345703,-11.709137420654294,False,completo,True
227,1505304,PA,Norte,734,0.3452321,0.31607629427792916,0.6547679,41.32,-6.796791381835938,-21.156791381835937,True,completo,True
228,2916104,BA,Nordeste,210,0.34535685,0.2857142857142857,0.6546432,44.71,-10.174313507080079,-23.404313507080076,True,completo,True
229,2933000,BA,Nordeste,102,0.34600857,0.37254901960784315,0.65399146,39.21,-4.6091432189941415,-19.629143218994137,True,completo,True
230,2800670,SE,Nordeste,164,0.34605762,0.3597560975609756,0.65394235,29.96,4.645762481689452,-12.794237518310545,False,completo,True
231,1502806,PA,Norte,510,0.34624702,0.25882352941176473,0.653753,32.28,2.34470245361328,-14.575297546386722,False,completo,False
232,2924603,BA,Nordeste,222,0.34653994,0.3918918918918919,0.65346,41.0,-6.346004486083984,-20.806004486083985,True,completo,True
233,2920007,BA,Nordeste,86,0.34685495,0.32558139534883723,0.6531451,36.93,-2.244502716064453,-17.944502716064456,True,completo,True
234,2927200,BA,Nordeste,247,0.3469063,0.2793522267206478,0.6530937,44.71,-10.019368133544923,-23.24936813354492,True,completo,True
235,2911204,BA,Nordeste,214,0.34706804,0.4719626168224299,0.6529319,40.16,-5.453197631835934,-20.183197631835938,True,completo,True
236,2413359,RN,Nordeste,88,0.34729755,0.2840909090909091,0.65270245,39.61,-4.880244598388671,-19.78024459838867,True,completo,True
237,2900603,BA,Nordeste,57,0.34759906,0.2631578947368421,0.652401,36.39,-1.6300932312011724,-17.480093231201174,True,completo,True
238,2925006,BA,Nordeste,181,0.34797516,0.2430939226519337,0.65202487,46.35,-11.552484130859376,-24.212484130859373,True,completo,True
239,2921302,BA,Nordeste,76,0.34849736,0.4605263157894737,0.6515026,40.72,-5.870264739990233,-20.420264739990238,True,completo,True
240,2807600,SE,Nordeste,183,0.34873122,0.39344262295081966,0.6512688,32.62,2.253123168945315,-14.586876831054688,False,completo,False
241,2402600,RN,Nordeste,654,0.34891036,0.3470948012232416,0.65108967,,,-14.398963012695312,False,completo,False
242,2918555,BA,Nordeste,57,0.34925464,0.3157894736842105,0.6507454,42.54,-7.614535369873046,-21.574535369873047,True,completo,False
243,2901809,BA,Nordeste,79,0.34930557,0.25316455696202533,0.65069443,39.52,-4.589442749023441,-19.51944274902344,True,completo,True
244,2919009,BA,Nordeste,33,0.3495429,0.21212121212121213,0.65045714,54.93,-19.975711517333984,-29.47571151733399,True,completo,True
245,2408607,RN,Nordeste,35,0.3498735,0.2857142857142857,0.65012646,,,-10.502649536132814,False,completo,True
246,3303500,RJ,Sudeste,6380,0.35014418,0.3360501567398119,0.64985585,40.13,-5.11558044433594,-19.855580444335935,True,completo,True
247,2910008,BA,Nordeste,112,0.3503078,0.4107142857142857,0.6496922,44.31,-9.279219207763674,-22.64921920776367,True,completo,True
248,1501204,PA,Norte,261,0.35034275,0.39080459770114945,0.64965725,34.71,0.3242750549316398,-15.985724945068363,False,completo,False
249,2903805,BA,Nordeste,140,0.35037118,0.32142857142857145,0.6496288,40.29,-5.252882995605468,-19.942882995605466,True,completo,False
250,2405504,RN,Nordeste,38,0.35089368,0.3157894736842105,0.6491063,23.43,11.659366912841797,-6.800633087158204,False,completo,True
251,2407500,RN,Nordeste,98,0.35105184,0.35714285714285715,0.6489482,,,-16.18481735229492,False,completo,True
252,2922854,BA,Nordeste,37,0.35124102,0.2702702702702703,0.648759,38.9,-3.7758964538574205,-18.895896453857425,True,completo,True
253,2903904,BA,Nordeste,683,0.35142592,0.34553440702781846,0.6485741,40.73,-5.587406616210934,-20.13740661621094,True,completo,True
254,2806305,SE,Nordeste,123,0.3515318,0.21951219512195122,0.6484682,33.12,2.0331791687011744,-14.686820831298832,False,completo,False
255,2409100,RN,Nordeste,99,0.35157368,0.43434343434343436,0.6484263,31.79,3.367367706298829,-13.67263229370117,False,completo,False
256,4300604,RS,Sul,1970,0.35168275,0.3619289340101523,0.6483172,52.0,-16.83172607421875,-27.44172607421875,True,completo,True
257,2409308,RN,Nordeste,85,0.35178918,0.32941176470588235,0.6482108,39.13,-3.951083068847659,-19.001083068847656,True,completo,True
258,1718659,TO,Norte,35,0.35228473,0.2,0.6477153,24.46,10.768473663330077,-7.581526336669924,False,completo,True
259,2918407,BA,Nordeste,2494,0.35247794,0.29310344827586204,0.6475221,38.21,-2.962204895019532,-18.29220489501953,True,completo,False
260,2905404,BA,Nordeste,286,0.35273978,0.32867132867132864,0.6472602,43.5,-8.226020812988281,-21.87602081298828,True,completo,True
261,2405801,RN,Nordeste,277,0.35289332,0.36462093862815886,0.64710665,29.74,5.549333343505861,-11.940666656494137,False,completo,True
262,1500503,PA,Norte,355,0.35314557,0.39154929577464787,0.6468544,37.74,-2.42544387817383,-17.88544387817383,True,completo,True
263,4304663,RS,Sul,241,0.35316366,0.3112033195020747,0.64683634,53.81,-18.493635711669924,-28.423635711669924,True,completo,True
264,1502400,PA,Norte,1890,0.353258,0.33544973544973544,0.646742,,,-14.374198150634768,False,completo,True
265,2928703,BA,Nordeste,467,0.3536818,0.4089935760171306,0.6463182,40.35,-4.981820678710939,-19.65182067871094,True,completo,True
266,2922805,BA,Nordeste,101,0.35447606,0.3465346534653465,0.6455239,39.89,-4.44239486694336,-19.252394866943362,True,completo,True
267,2900702,BA,Nordeste,988,0.35498315,0.36639676113360325,0.64501685,40.44,-4.941686096191404,-19.59168609619141,True,completo,True
268,1303908,AM,Norte,777,0.35498407,0.36936936936936937,0.64501595,40.03,-4.531590728759767,-19.301590728759763,True,completo,True
269,2404200,RN,Nordeste,373,0.35507995,0.353887399463807,0.64492005,29.73,5.77799560546875,-11.712004394531249,False,completo,True
270,2202307,PI,Nordeste,200,0.35597888,0.37,0.64402115,20.06,15.537888946533204,-3.1121110534667977,False,completo,True
271,1600105,AP,Norte,112,0.3568551,0.19642857142857142,0.6431449,38.23,-2.544491271972653,-17.864491271972653,True,completo,True
272,2901957,BA,Nordeste,74,0.356995,0.43243243243243246,0.643005,43.58,-7.880502777099608,-21.500502777099612,True,completo,True
273,2904100,BA,Nordeste,100,0.3569998,0.32,0.6430002,45.8,-10.100018310546872,-22.96001831054687,True,completo,True
274,2408300,RN,Nordeste,176,0.3571156,0.2840909090909091,0.6428844,37.61,-1.8984407043457026,-17.398440704345703,True,completo,True
275,2401206,RN,Nordeste,149,0.35723117,0.31543624161073824,0.64276886,31.97,3.7531178283691418,-13.246882171630858,False,completo,True
276,2906006,BA,Nordeste,619,0.3574642,0.39095315024232635,0.6425358,43.38,-7.633582000732424,-21.323582000732422,True,completo,True
277,2905701,BA,Nordeste,2552,0.3579837,0.36559561128526646,0.6420163,40.43,-4.631629638671875,-19.271629638671875,True,completo,True
278,1504901,PA,Norte,592,0.35826528,0.33614864864864863,0.6417347,42.83,-7.003473358154295,-20.8734733581543,True,completo,True
279,2410405,RN,Nordeste,96,0.35826913,0.3333333333333333,0.6417309,42.59,-6.763088073730472,-20.713088073730468,True,completo,True
280,2916708,BA,Nordeste,73,0.35841417,0.3424657534246575,0.6415858,41.17,-5.328584594726564,-19.73858459472656,True,completo,False
281,2919306,BA,Nordeste,77,0.35845113,0.37662337662337664,0.6415489,42.83,-6.98488815307617,-20.854888153076175,True,completo,True
282,2412203,RN,Nordeste,541,0.358466,0.3419593345656192,0.641534,41.43,-5.583400421142578,-19.913400421142576,True,completo,False
283,2932804,BA,Nordeste,115,0.3584707,0.33043478260869563,0.6415293,40.69,-4.842927398681638,-19.41292739868164,True,completo,True
284,1303536,AM,Norte,450,0.35852656,0.3377777777777778,0.6414734,41.0,-5.147342681884766,-19.607342681884766,True,completo,True
285,2910727,BA,Nordeste,787,0.3587908,0.38373570520965694,0.6412092,41.41,-5.530918273925778,-19.87091827392578,True,completo,True
286,2919926,BA,Nordeste,186,0.3590429,0.25806451612903225,0.6409571,46.9,-10.995706939697264,-23.465706939697263,True,completo,True
287,2703809,AL,Nordeste,197,0.35908827,0.27411167512690354,0.6409117,40.35,-4.441171264648439,-19.11117126464844,True,completo,True
288,2910305,BA,Nordeste,34,0.35928667,0.35294117647058826,0.64071333,37.06,-1.1313348388671898,-16.791334838867186,True,completo,True
289,2905107,BA,Nordeste,79,0.35946405,0.3670886075949367,0.64053595,42.1,-6.153596496582033,-20.263596496582032,True,completo,True
290,2406205,RN,Nordeste,45,0.35949755,0.28888888888888886,0.64050245,,,6.409752807617188,False,completo,True
291,2927705,BA,Nordeste,364,0.35959318,0.37362637362637363,0.64040685,46.67,-10.710679931640627,-23.260679931640624,True,completo,True
292,1500701,PA,Norte,339,0.3597408,0.3421828908554572,0.6402592,34.01,1.9640791320800801,-14.53592086791992,False,completo,True
293,2200509,PI,Nordeste,198,0.36021498,0.3282828282828283,0.63978505,29.44,6.581499633789061,-10.96850036621094,False,completo,True
294,2933505,BA,Nordeste,154,0.3602436,0.3116883116883117,0.63975644,44.82,-8.795639343261719,-21.995639343261722,True,completo,True
295,2926608,BA,Nordeste,501,0.36062023,0.40718562874251496,0.63937974,41.2,-5.137976837158206,-19.537976837158205,True,completo,True
296,2805307,SE,Nordeste,100,0.36136523,0.39,0.6386348,33.03,3.106524200439452,-13.63347579956055,False,completo,False
297,2407203,RN,Nordeste,179,0.36194345,0.31843575418994413,0.6380565,34.46,1.7343435668945304,-14.645656433105472,False,completo,True
298,2908002,BA,Nordeste,115,0.36197478,0.391304347826087,0.6380252,43.8,-7.602520751953122,-21.14252075195313,True,completo,True
299,2906709,BA,Nordeste,162,0.36215332,0.30864197530864196,0.6378467,44.57,-8.35466796875,-21.63466796875,True,completo,True
300,2916401,BA,Nordeste,537,0.36226237,0.3221601489757914,0.63773763,45.94,-9.713761749267576,-22.523761749267578,True,completo,True
301,4309308,RS,Sul,946,0.36230308,0.3266384778012685,0.6376969,54.7,-18.46969146728516,-28.049691467285157,True,completo,True
302,2919504,BA,Nordeste,402,0.36267224,0.3805970149253731,0.6373278,44.87,-8.6027766418457,-21.7827766418457,True,completo,False
303,2412559,RN,Nordeste,81,0.36293456,0.30864197530864196,0.6370654,,,-11.56654296875,False,completo,False
304,2407609,RN,Nordeste,38,0.36355984,0.2631578947368421,0.63644016,23.97,12.38598373413086,-6.014016265869138,False,completo,True
305,2703601,AL,Nordeste,98,0.36366162,0.23469387755102042,0.63633835,30.27,6.096161346435547,-11.283838653564452,False,completo,True
306,2903953,BA,Nordeste,90,0.36366928,0.24444444444444444,0.6363307,47.9,-11.533071899414061,-23.653071899414066,True,completo,False
307,2804201,SE,Nordeste,169,0.3638549,0.35502958579881655,0.6361451,31.99,4.39549041748047,-12.594509582519528,False,completo,True
308,2505238,PB,Nordeste,65,0.36386824,0.23076923076923078,0.63613176,16.05,20.336825561523437,1.8768255615234395,False,completo,True
309,2409704,RN,Nordeste,36,0.3642489,0.3333333333333333,0.6357511,26.54,9.884888610839845,-8.175111389160158,False,completo,True
310,2401453,RN,Nordeste,183,0.3643797,0.4426229508196721,0.6356203,38.99,-2.55203079223633,-17.642030792236326,True,completo,False
311,1711951,TO,Norte,52,0.36446178,0.15384615384615385,0.6355382,27.88,8.566178436279298,-9.273821563720702,False,completo,True
312,2913804,BA,Nordeste,86,0.3649199,0.46511627906976744,0.6350801,41.61,-5.118010864257812,-19.388010864257815,True,completo,True
313,2927408,BA,Nordeste,12158,0.3651767,0.3685639085375884,0.6348233,45.52,-9.002330322265628,-21.962330322265622,True,completo,True
314,2931400,BA,Nordeste,72,0.36532485,0.3055555555555556,0.63467515,47.18,-10.647514038085937,-23.017514038085935,True,completo,True
315,2929008,BA,Nordeste,83,0.365378,0.3132530120481928,0.634622,39.05,-2.512200164794919,-17.58220016479492,True,completo,True
316,2922300,BA,Nordeste,174,0.36545396,0.5172413793103449,0.63454604,30.55,5.995394897460937,-11.32460510253906,False,completo,True
317,1500404,PA,Norte,745,0.36568338,0.35570469798657717,0.6343166,43.05,-6.481663513183591,-20.271663513183597,True,completo,True
318,1703842,TO,Norte,148,0.3668857,0.38513513513513514,0.63311434,22.91,13.778568115234375,-4.731431884765627,False,completo,True
319,1703008,TO,Norte,68,0.36708078,0.19117647058823528,0.6329192,27.6,9.10807647705078,-8.78192352294922,False,completo,True
320,2925907,BA,Nordeste,132,0.36726356,0.3484848484848485,0.63273644,44.9,-8.173643493652342,-21.343643493652344,True,completo,True
321,1503077,PA,Norte,340,0.36736006,0.32941176470588235,0.63263994,44.45,-7.713996124267581,-21.03399612426758,True,completo,True
322,1500305,PA,Norte,615,0.36747292,0.3902439024390244,0.6325271,37.86,-1.1127084350585932,-16.542708435058593,True,completo,True
323,1304237,AM,Norte,296,0.36774465,0.30405405405405406,0.6322553,51.45,-14.67553634643555,-25.49553634643555,True,completo,True
324,2926301,BA,Nordeste,172,0.36786366,0.38372093023255816,0.63213634,44.85,-8.063634490966798,-21.253634490966796,True,completo,True
325,2605707,PE,Nordeste,228,0.3680409,0.5131578947368421,0.6319591,40.31,-3.5059114074707054,-18.185911407470705,True,completo,False
326,1504703,PA,Norte,769,0.36815602,0.3420026007802341,0.631844,39.09,-2.2743986511230503,-17.334398651123045,True,completo,True
327,2907301,BA,Nordeste,203,0.36844298,0.3054187192118227,0.631557,49.79,-12.94570068359375,-24.37570068359375,True,completo,True
328,2800704,SE,Nordeste,139,0.36858764,0.34532374100719426,0.6314124,34.46,2.398764648437499,-13.981235351562503,False,completo,True
329,4306767,RS,Sul,322,0.36860883,0.2950310559006211,0.63139117,,,,False,completo,True
330,2406601,RN,Nordeste,54,0.36862215,0.6481481481481481,0.6313778,30.02,6.842216949462891,-10.587783050537112,False,completo,False
331,2803203,SE,Nordeste,345,0.36892062,0.4028985507246377,0.6310794,31.53,5.3620631408691395,-11.737936859130862,False,completo,True
332,2915106,BA,Nordeste,119,0.36905605,0.23529411764705882,0.63094395,44.26,-7.354394683837889,-20.74439468383789,True,completo,True
333,1503309,PA,Norte,630,0.36910072,0.4031746031746032,0.6308993,43.33,-6.419927673339842,-20.119927673339845,True,completo,True
334,1712801,TO,Norte,38,0.3693394,0.21052631578947367,0.6306606,26.36,10.573940887451172,-7.526059112548829,False,completo,True
335,2915205,BA,Nordeste,190,0.36948976,0.4421052631578947,0.6305102,43.51,-6.561025390624998,-20.201025390625,True,completo,True
336,2918001,BA,Nordeste,927,0.3697571,0.3948220064724919,0.63024294,44.37,-7.394291992187497,-20.7442919921875,True,completo,True
337,2908507,BA,Nordeste,208,0.36994594,0.375,0.63005406,41.12,-4.125405426025388,-18.555405426025388,True,completo,True
338,2806800,SE,Nordeste,47,0.37003738,0.2978723404255319,0.6299626,36.7,0.30373840332030966,-15.466261596679686,False,completo,True
339,2707404,AL,Nordeste,133,0.37031212,0.2706766917293233,0.6296879,37.21,-0.1787881469726571,-15.798788146972655,True,completo,True
340,1600808,AP,Norte,170,0.37038738,0.3588235294117647,0.6296126,35.85,1.1887382507324205,-14.81126174926758,False,completo,True
341,2401859,RN,Nordeste,65,0.3704623,0.27692307692307694,0.6295377,38.23,-1.1837696838378875,-16.503769683837888,True,completo,True
342,2903300,BA,Nordeste,89,0.3708821,0.24719101123595505,0.6291179,45.64,-8.551788940429688,-21.461788940429685,True,completo,True
343,1302306,AM,Norte,360,0.37103274,0.36666666666666664,0.6289673,43.26,-6.156724700927732,-19.87672470092773,True,completo,True
344,3302858,RJ,Sudeste,1227,0.37180373,0.3545232273838631,0.62819624,44.32,-7.139625854492188,-20.509625854492185,True,completo,True
345,2928604,BA,Nordeste,395,0.3723692,0.369620253164557,0.62763083,49.62,-12.383080596923826,-23.873080596923828,True,completo,True
346,2408102,RN,Nordeste,3717,0.3724937,0.3677697067527576,0.62750626,,,,False,completo,True
347,3305109,RJ,Sudeste,2543,0.37293705,0.36059771922925676,0.6270629,44.12,-6.826295013427732,-20.266295013427737,True,completo,True
348,1711902,TO,Norte,177,0.37316486,0.3559322033898305,0.6268351,33.23,4.086486358642581,-12.613513641357422,False,completo,True
349,2902005,BA,Nordeste,83,0.37363532,0.2891566265060241,0.6263647,47.99,-10.62646697998047,-22.70646697998047,True,completo,False
350,1507003,PA,Norte,331,0.37396795,0.31722054380664655,0.62603205,32.94,4.456793365478518,-12.303206634521487,False,completo,False
351,2706109,AL,Nordeste,112,0.37412217,0.5357142857142857,0.62587786,27.52,9.892216186523438,-8.017783813476562,False,completo,False
352,2805703,SE,Nordeste,193,0.3743235,0.3626943005181347,0.6256765,26.71,10.722350158691405,-7.307649841308596,False,completo,True
353,1502905,PA,Norte,315,0.37432405,0.3396825396825397,0.6256759,37.86,-0.42759643554687443,-15.857596435546874,True,completo,True
354,1700400,TO,Norte,126,0.37436524,0.47619047619047616,0.6256348,22.65,14.786523437500001,-3.7334765625000017,False,completo,True
355,2701308,AL,Nordeste,233,0.37463853,0.33905579399141633,0.62536144,33.95,3.5138519287109347,-12.996148071289063,False,completo,True
356,2414407,RN,Nordeste,278,0.3746893,0.38489208633093525,0.62531066,31.91,5.558929290771484,-11.451070709228517,False,completo,True
357,2933208,BA,Nordeste,405,0.3748207,0.38271604938271603,0.6251793,45.5,-8.017929077148438,-20.97792907714844,True,completo,True
358,2410900,RN,Nordeste,79,0.37501237,0.27848101265822783,0.6249876,47.19,-9.688764038085935,-22.05876403808594,True,completo,True
359,1714880,TO,Norte,164,0.37502798,0.42073170731707316,0.624972,32.67,4.832799987792967,-11.997200012207031,False,completo,False
360,2407302,RN,Nordeste,38,0.37517136,0.2631578947368421,0.62482864,34.1,3.417135620117186,-13.052864379882813,False,completo,True
361,2900900,BA,Nordeste,46,0.37538028,0.2391304347826087,0.6246197,38.22,-0.6819712829589832,-16.001971282958984,True,completo,False
362,2902054,BA,Nordeste,115,0.37541634,0.3826086956521739,0.62458366,43.28,-5.73836639404297,-19.45836639404297,True,completo,True
363,2904050,BA,Nordeste,150,0.37583393,0.34,0.6241661,46.43,-8.846606903076172,-21.486606903076172,True,completo,True
364,2914703,BA,Nordeste,375,0.3761763,0.4106666666666667,0.6238237,48.23,-10.612369995117184,-22.602369995117186,True,completo,True
365,2930907,BA,Nordeste,127,0.37622204,0.4330708661417323,0.623778,42.53,-4.907796173095704,-18.877796173095703,True,completo,True
366,1507201,PA,Norte,184,0.37645274,0.32608695652173914,0.62354726,37.87,-0.22472488403320057,-15.6547248840332,True,completo,True
367,3300456,RJ,Sudeste,3174,0.37662566,0.391304347826087,0.62337434,41.51,-3.847432861328123,-18.147432861328127,True,completo,True
368,2405108,RN,Nordeste,60,0.3766335,0.2833333333333333,0.6233665,37.5,0.16334915161132812,-15.376650848388671,False,completo,True
369,1504604,PA,Norte,294,0.3768479,0.3707482993197279,0.62315214,38.95,-1.2652122497558622,-16.37521224975586,True,completo,True
370,1508209,PA,Norte,447,0.37720215,0.3825503355704698,0.62279785,36.87,0.8502148437500026,-14.869785156250003,False,completo,True
371,2207900,PI,Nordeste,367,0.37721452,0.42779291553133514,0.62278545,32.31,5.41145080566406,-11.508549194335934,False,completo,True
372,1718303,TO,Norte,39,0.37756664,0.38461538461538464,0.62243336,25.02,12.736664276123047,-5.54333572387695,False,completo,True
373,2206100,PI,Nordeste,111,0.37770224,0.5225225225225225,0.62229776,31.65,6.120225524902345,-10.949774475097655,False,completo,False
374,1715705,TO,Norte,81,0.3778163,0.30864197530864196,0.6221837,14.38,23.401627655029294,5.201627655029299,False,completo,False
375,1503408,PA,Norte,98,0.37789688,0.4489795918367347,0.6221031,29.0,8.789688110351562,-8.850311889648438,False,completo,True
376,1300839,AM,Norte,123,0.37856618,0.3089430894308943,0.62143385,,,-2.473383026123045,False,completo,False
377,2407906,RN,Nordeste,31,0.3785963,0.3225806451612903,0.6214037,40.25,-2.390369415283203,-17.090369415283206,True,completo,True
378,2802205,SE,Nordeste,86,0.37870872,0.2558139534883721,0.6212913,36.69,1.180872497558596,-14.589127502441407,False,completo,True
379,2922607,BA,Nordeste,97,0.37896237,0.5051546391752577,0.6210376,42.73,-4.8337635803222625,-18.733763580322268,True,completo,True
380,2924058,BA,Nordeste,51,0.37901586,0.39215686274509803,0.62098414,,,,False,completo,True
381,2917300,BA,Nordeste,120,0.37970766,0.2916666666666667,0.6202923,49.86,-11.889232025146484,-23.289232025146482,True,completo,True
382,2402204,RN,Nordeste,309,0.37981632,0.31715210355987056,0.6201837,44.21,-6.228367767333985,-19.638367767333982,True,completo,True
383,2902500,BA,Nordeste,142,0.3799064,0.3591549295774648,0.6200936,46.14,-8.149361267089844,-20.889361267089846,True,completo,True
384,1508308,PA,Norte,682,0.38006014,0.3841642228739003,0.61993986,41.1,-3.0939880371093764,-17.523988037109376,True,completo,True
385,2918605,BA,Nordeste,39,0.3803042,0.3333333333333333,0.6196958,39.08,-1.0495816040039045,-16.109581604003907,True,completo,True
386,2402303,RN,Nordeste,125,0.3803668,0.416,0.6196332,32.45,5.586682128906247,-11.293317871093748,False,completo,True
387,4304630,RS,Sul,618,0.38046345,0.3640776699029126,0.6195365,,,-12.793655242919925,False,completo,False
388,2802908,SE,Nordeste,776,0.38058743,0.4059278350515464,0.61941254,33.84,4.218742523193356,-12.311257476806638,False,completo,True
389,2204907,PI,Nordeste,90,0.38075686,0.34444444444444444,0.61924314,35.03,3.045683593749999,-13.17431640625,False,completo,True
390,2700508,AL,Nordeste,235,0.38093343,0.3276595744680851,0.6190666,37.63,0.46334182739257557,-15.036658172607424,False,completo,True
391,2413201,RN,Nordeste,51,0.38138732,0.27450980392156865,0.61861265,31.11,7.028732910156251,-10.161267089843747,False,completo,False
392,2923902,BA,Nordeste,134,0.38173765,0.3283582089552239,0.61826235,50.35,-12.176236724853517,-23.396236724853516,True,completo,True
393,2404606,RN,Nordeste,122,0.38174132,0.3114754098360656,0.6182587,47.4,-9.225866699218749,-21.515866699218748,True,completo,True
394,2403251,RN,Nordeste,1330,0.3817641,0.36390977443609024,0.6182359,50.04,-11.863589324951171,-23.203589324951174,True,completo,True
395,2211209,PI,Nordeste,280,0.38181233,0.31785714285714284,0.61818767,34.96,3.2212324523925773,-13.018767547607425,False,completo,True
396,2902401,BA,Nordeste,122,0.38181612,0.3360655737704918,0.61818385,48.61,-10.428389892578124,-22.288389892578124,True,completo,True
397,2402105,RN,Nordeste,52,0.38200802,0.40384615384615385,0.617992,31.26,6.940801849365233,-10.219198150634767,False,completo,True
398,2704500,AL,Nordeste,408,0.38204774,0.4583333333333333,0.6179522,39.36,-1.1552270507812494,-16.135227050781253,True,completo,False
399,1504406,PA,Norte,189,0.3826908,0.4497354497354497,0.6173092,35.89,2.37907730102539,-13.610922698974612,False,completo,True
400,4305454,RS,Sul,145,0.3829532,0.3310344827586207,0.61704683,,,,False,completo,True
401,2916807,BA,Nordeste,112,0.38307923,0.4107142857142857,0.61692077,44.64,-6.332077636718751,-19.59207763671875,True,completo,False
402,2412807,RN,Nordeste,41,0.3831155,0.2926829268292683,0.61688447,26.88,11.43155014038086,-6.578449859619141,False,completo,False
403,2401305,RN,Nordeste,71,0.38348225,0.4507042253521127,0.6165178,42.79,-4.441775360107421,-18.321775360107424,True,completo,True
404,2903201,BA,Nordeste,1654,0.38403574,0.36094316807738813,0.6159643,44.47,-6.066427917480468,-19.37642791748047,True,completo,True
405,2923308,BA,Nordeste,85,0.3842635,0.5058823529411764,0.6157365,42.62,-4.193650360107419,-18.133650360107424,True,completo,True
406,2909406,BA,Nordeste,105,0.38450915,0.41904761904761906,0.61549085,46.95,-8.4990837097168,-20.949083709716795,True,completo,True
407,2405306,RN,Nordeste,41,0.38506585,0.21951219512195122,0.61493415,,,,False,completo,True
408,2211100,PI,Nordeste,468,0.3853325,0.3547008547008547,0.61466753,34.02,4.513248901367184,-11.97675109863281,False,completo,True
409,1302553,AM,Norte,186,0.3855645,0.22043010752688172,0.6144355,52.37,-13.813550109863279,-24.283550109863285,True,completo,True
410,2903102,BA,Nordeste,53,0.3857487,0.39622641509433965,0.61425126,44.61,-6.035128936767578,-19.30512893676758,True,completo,True
411,2906105,BA,Nordeste,88,0.38588813,0.29545454545454547,0.6141119,43.85,-5.26118621826172,-18.79118621826172,True,completo,False
412,5005202,MS,Centro-Oeste,332,0.38591307,0.3373493975903614,0.6140869,32.39,6.201308593749999,-10.69869140625,False,completo,True
413,4314407,RS,Sul,1963,0.386017,0.39072847682119205,0.61398304,,,-15.768300170898435,False,completo,True
414,2403806,RN,Nordeste,50,0.38616085,0.4,0.61383915,42.91,-4.293914947509762,-18.133914947509766,True,completo,False
415,2401404,RN,Nordeste,74,0.38682002,0.35135135135135137,0.61318,33.22,5.4620030212402355,-11.237996978759767,False,completo,False
416,1303569,AM,Norte,356,0.38701475,0.46629213483146065,0.61298525,42.05,-3.348526763916013,-17.468526763916017,True,completo,False
417,1720200,TO,Norte,165,0.38707638,0.3696969696969697,0.6129236,34.18,4.527637786865235,-11.922362213134768,False,completo,True
418,1507508,PA,Norte,197,0.38710776,0.34517766497461927,0.61289227,40.49,-1.7792227172851582,-16.409222717285154,True,completo,True
419,2900306,BA,Nordeste,93,0.38712907,0.5913978494623656,0.61287093,26.77,11.942905883789063,-6.087094116210935,False,completo,True
420,2802502,SE,Nordeste,32,0.38743556,0.21875,0.61256444,27.09,11.65355697631836,-6.326443023681641,False,completo,True
421,2403608,RN,Nordeste,578,0.38751668,0.34429065743944637,0.6124833,53.23,-14.478332977294919,-24.628332977294924,True,completo,True
422,2406908,RN,Nordeste,21,0.38759103,0.42857142857142855,0.612409,7.94,30.81910186767578,15.109101867675783,False,completo,True
423,2908804,BA,Nordeste,32,0.3882375,0.40625,0.6117625,31.22,7.603749542236329,-9.566250457763672,False,completo,True
424,2410108,RN,Nordeste,65,0.38838923,0.24615384615384617,0.6116108,,,,False,completo,False
425,2927002,BA,Nordeste,268,0.38843882,0.332089552238806,0.6115612,47.13,-8.286116485595706,-20.676116485595706,True,completo,True
426,2921609,BA,Nordeste,90,0.3887622,0.28888888888888886,0.61123776,38.78,0.09622070312499886,-15.053779296875,False,completo,True
427,1718758,TO,Norte,71,0.38894337,0.2676056338028169,0.6110566,35.01,3.884336700439455,-12.345663299560549,False,completo,True
428,2928406,BA,Nordeste,259,0.38928065,0.3204633204633205,0.6107193,52.33,-13.401933746337889,-23.89193374633789,True,completo,True
429,1507805,PA,Norte,327,0.38937715,0.37003058103975534,0.6106229,40.12,-1.1822863769531224,-15.922286376953124,True,completo,False
430,2413409,RN,Nordeste,48,0.38967595,0.3125,0.610324,33.05,5.9175941467285185,-10.812405853271486,False,completo,True
431,2406700,RN,Nordeste,75,0.38983822,0.3333333333333333,0.6101618,36.25,2.7338218688964844,-13.156178131103516,False,completo,True
432,1717503,TO,Norte,64,0.3900327,0.4375,0.6099673,29.05,9.95326919555664,-7.676730804443359,False,completo,False
433,3304144,RJ,Sudeste,1260,0.3906719,0.38095238095238093,0.6093281,44.56,-5.4928079223632835,-18.772807922363285,True,completo,True
434,2925956,BA,Nordeste,173,0.39100373,0.3352601156069364,0.6089963,53.58,-14.479627685546873,-24.48962768554688,True,completo,True
435,1502103,PA,Norte,1141,0.39137062,0.39526730937773885,0.60862935,46.63,-7.492937927246096,-20.062937927246097,True,completo,True
436,1705607,TO,Norte,69,0.39140615,0.36231884057971014,0.6085938,34.78,4.360613555908202,-11.939386444091795,False,completo,True
437,2413300,RN,Nordeste,43,0.39143923,0.4186046511627907,0.6085608,34.12,5.023924713134768,-11.446075286865238,False,completo,True
438,1507953,PA,Norte,1000,0.39159566,0.383,0.60840434,44.19,-5.03043502807617,-18.440435028076173,True,completo,False
439,1507474,PA,Norte,222,0.39222524,0.40540540540540543,0.60777473,36.94,2.2825227355957054,-13.417477264404297,False,completo,True
440,2501807,PB,Nordeste,428,0.39225617,0.3808411214953271,0.60774386,40.74,-1.514383544921877,-16.064383544921874,True,completo,True
441,1503101,PA,Norte,473,0.39234972,0.3657505285412262,0.6076503,,,,False,completo,True
442,2405207,RN,Nordeste,43,0.39270747,0.37209302325581395,0.60729253,30.69,8.580748138427733,-8.709251861572262,False,completo,True
443,2923209,BA,Nordeste,196,0.3927801,0.39285714285714285,0.60721993,44.58,-5.301988677978514,-18.581988677978515,True,completo,True
444,2933109,BA,Nordeste,55,0.39336637,0.43636363636363634,0.60663366,50.5,-11.16336441040039,-22.323364410400387,True,completo,True
445,4318705,RS,Sul,1834,0.393603,0.38440567066521264,0.60639703,60.83,-21.469701843261717,-28.679701843261725,True,completo,True
446,1600402,AP,Norte,347,0.3937661,0.43515850144092216,0.6062339,36.5,2.8766098022460938,-12.943390197753907,False,completo,True
447,2925105,BA,Nordeste,389,0.39392036,0.42930591259640105,0.60607964,49.79,-10.397963562011718,-21.827963562011718,True,completo,True
448,1506500,PA,Norte,766,0.3941022,0.34073107049608353,0.6058978,46.98,-7.569782714843747,-20.00978271484375,True,completo,True
449,4323002,RS,Sul,2425,0.39412042,0.3781443298969072,0.60587955,62.36,-22.94795928955078,-29.55795928955078,True,completo,True
450,2910404,BA,Nordeste,153,0.3941763,0.37254901960784315,0.6058237,47.92,-8.502370758056642,-20.61237075805664,True,completo,True
451,2415008,RN,Nordeste,50,0.39446208,0.4,0.6055379,26.43,13.016208953857422,-5.063791046142576,False,completo,True
452,2925931,BA,Nordeste,53,0.39465073,0.7547169811320755,0.6053493,45.13,-5.664927368164065,-18.75492736816406,True,completo,True
453,1713809,TO,Norte,82,0.39470962,0.5,0.6052904,25.06,14.410962524414064,-3.869037475585941,False,completo,True
454,2409803,RN,Nordeste,80,0.394781,0.25,0.605219,23.8,15.678099822998046,-2.741900177001952,False,completo,False
455,2931350,BA,Nordeste,1367,0.39482543,0.35040234089246525,0.60517454,56.5,-17.0174560546875,-25.9074560546875,True,completo,True
456,2927804,BA,Nordeste,54,0.3950546,0.37037037037037035,0.6049454,50.76,-11.254537353515623,-22.324537353515623,True,completo,False
457,5005608,MS,Centro-Oeste,396,0.39507803,0.39646464646464646,0.60492194,33.82,5.6878048706054685,-10.85219512939453,False,completo,False
458,2907509,BA,Nordeste,231,0.3951023,0.3939393939393939,0.60489774,49.32,-9.809768981933594,-21.409768981933595,True,completo,False
459,2406809,RN,Nordeste,32,0.39510947,0.46875,0.6048905,,,-20.199051818847657,False,completo,True
460,2915601,BA,Nordeste,556,0.39517432,0.37410071942446044,0.6048257,49.84,-10.322566833496097,-21.732566833496094,True,completo,True
461,2705606,AL,Nordeste,138,0.39588475,0.39855072463768115,0.60411525,34.56,5.028474273681638,-11.321525726318356,False,completo,True
462,2924678,BA,Nordeste,42,0.39609265,0.42857142857142855,0.60390735,,,,False,completo,True
463,2203354,PI,Nordeste,44,0.39613932,0.11363636363636363,0.6038607,40.14,-0.5260664367675787,-15.26606643676758,True,completo,True
464,1304260,AM,Norte,199,0.39674386,0.19095477386934673,0.6032561,19.75,19.92438507080078,1.2743850708007827,False,completo,False
465,4313409,RS,Sul,2045,0.39688674,0.37359413202933983,0.6031133,65.27,-25.581325073242184,-31.051325073242182,True,completo,True
466,2901403,BA,Nordeste,109,0.397016,0.28440366972477066,0.602984,44.53,-4.828400878906251,-18.12840087890625,True,completo,True
467,2913200,BA,Nordeste,289,0.39711568,0.328719723183391,0.6028843,48.37,-8.65843307495117,-20.598433074951174,True,completo,False
468,1301100,AM,Norte,174,0.39725026,0.3735632183908046,0.6027497,,,,False,completo,True
469,2515005,PB,Nordeste,23,0.39728576,1.0,0.60271424,15.73,23.99857666015625,5.588576660156249,False,completo,False
470,2900108,BA,Nordeste,33,0.3974183,0.42424242424242425,0.60258174,41.37,-1.6281710815429662,-15.96817108154297,True,completo,True
471,2414704,RN,Nordeste,35,0.39758483,0.45714285714285713,0.6024152,24.12,15.638483886718749,-2.751516113281248,False,completo,False
472,2904407,BA,Nordeste,94,0.39767897,0.40425531914893614,0.602321,47.23,-7.462101440429684,-19.82210144042969,True,completo,False
473,1300680,AM,Norte,178,0.39770576,0.38202247191011235,0.6022942,33.37,6.400576477050784,-10.25942352294922,False,completo,True
474,1712504,TO,Norte,58,0.397986,0.3620689655172414,0.602014,31.37,8.428599243164062,-8.701400756835938,False,completo,True
475,2901502,BA,Nordeste,84,0.3980747,0.5595238095238095,0.6019253,45.15,-5.342531585693358,-18.422531585693356,True,completo,False
476,2932507,BA,Nordeste,196,0.39823332,0.5816326530612245,0.6017667,44.38,-4.556666259765628,-17.906666259765622,True,completo,True
477,1703909,TO,Norte,60,0.39831668,0.31666666666666665,0.6016833,23.89,15.941668853759765,-2.4683311462402315,False,completo,True
478,2207702,PI,Nordeste,1474,0.39834708,0.38738127544097695,0.6016529,38.04,1.7947091674804696,-13.585290832519533,False,completo,True
479,2401602,RN,Nordeste,55,0.39932895,0.2909090909090909,0.60067105,21.48,18.45289566040039,-0.14710433959960767,False,completo,False
480,2923407,BA,Nordeste,151,0.39946762,0.3576158940397351,0.6005324,51.09,-11.143237915039066,-22.09323791503906,True,completo,False
481,2918209,BA,Nordeste,45,0.40001705,0.4666666666666667,0.599983,,,,False,completo,False
482,3302270,RJ,Sudeste,1085,0.40004882,0.36589861751152075,0.59995115,45.46,-5.455117187500001,-18.435117187499998,True,completo,True
483,1710706,TO,Norte,49,0.40019876,0.1836734693877551,0.59980124,39.48,0.5398745727539094,-14.400125427246095,False,completo,True
484,2110658,MA,Nordeste,116,0.4003366,0.3706896551724138,0.5996634,29.51,10.523660888671873,-7.006339111328124,False,completo,True
485,2202174,PI,Nordeste,60,0.40044543,0.6333333333333333,0.59955454,24.57,15.474544219970703,-2.8654557800292935,False,completo,False
486,2915007,BA,Nordeste,110,0.40074775,0.45454545454545453,0.5992522,47.43,-7.3552243041992185,-19.63522430419922,True,completo,True
487,3301009,RJ,Sudeste,3954,0.400834,0.39580171977744055,0.59916604,45.1,-5.016599273681642,-18.116599273681643,True,completo,True
488,2925303,BA,Nordeste,2200,0.40090808,0.455,0.5990919,52.13,-12.0391911315918,-22.599191131591795,True,completo,False
489,2402501,RN,Nordeste,72,0.4009763,0.4722222222222222,0.5990237,34.58,5.517629547119142,-10.832370452880859,False,completo,True
490,2800506,SE,Nordeste,147,0.40111554,0.4557823129251701,0.59888446,34.29,5.821553192138673,-10.598446807861329,False,completo,True
491,2931202,BA,Nordeste,141,0.40156028,0.475177304964539,0.5984397,45.23,-5.073971252441403,-18.123971252441407,True,completo,True
492,1722107,TO,Norte,119,0.4015788,0.42857142857142855,0.5984212,29.18,10.977882690429688,-6.622117309570314,False,completo,False
493,2412005,RN,Nordeste,712,0.4016481,0.34129213483146065,0.5983519,56.91,-16.745189819335934,-25.485189819335943,True,completo,True
494,2929750,BA,Nordeste,76,0.40166914,0.5263157894736842,0.59833086,49.07,-8.903084106445313,-20.59308410644531,True,completo,True
495,2806602,SE,Nordeste,101,0.40172744,0.37623762376237624,0.59827256,41.37,-1.197255249023435,-15.537255249023438,True,completo,True
496,1300607,AM,Norte,780,0.40211707,0.38076923076923075,0.5978829,,,-10.488291931152347,False,completo,True
497,1200138,AC,Norte,176,0.40241328,0.2556818181818182,0.59758675,,,-4.498670806884768,False,ausente,True
498,2412708,RN,Nordeste,29,0.40246028,0.3103448275862069,0.5975397,,,,False,completo,True
499,2412906,RN,Nordeste,63,0.40263212,0.49206349206349204,0.5973679,27.18,13.08321029663086,-4.876789703369141,False,completo,True
500,1301852,AM,Norte,885,0.4030422,0.3728813559322034,0.5969578,50.85,-10.545781707763673,-21.585781707763672,True,completo,True
501,2905206,BA,Nordeste,428,0.40313995,0.3901869158878505,0.59686005,54.21,-13.896004638671876,-23.666004638671872,True,completo,False
502,2110278,MA,Nordeste,124,0.40320718,0.4032258064516129,0.5967928,40.2,0.12071685791015341,-14.599283142089845,False,completo,True
503,2406155,RN,Nordeste,15,0.40361246,0.3333333333333333,0.5963875,,,-9.648751983642576,False,completo,False
504,2806503,SE,Nordeste,41,0.40385097,0.2682926829268293,0.596149,32.22,8.16509750366211,-8.774902496337887,False,completo,True
505,2807105,SE,Nordeste,358,0.4038833,0.36033519553072624,0.59611666,40.09,0.29833236694335596,-14.451667633056644,False,completo,True
506,5106505,MT,Centro-Oeste,371,0.40398195,0.38544474393531,0.5960181,38.45,1.9481971740722628,-13.301802825927737,False,completo,True
507,2408201,RN,Nordeste,287,0.4042074,0.4843205574912892,0.5957926,39.14,1.2807420349121088,-13.769257965087888,False,completo,True
508,4323804,RS,Sul,204,0.40533423,0.3872549019607843,0.59466577,60.68,-20.146575622558593,-27.416575622558597,True,completo,True
509,4316972,RS,Sul,35,0.40543342,0.2571428571428571,0.5945666,48.4,-7.856657409667967,-19.786657409667967,True,completo,True
510,2919801,BA,Nordeste,273,0.40566215,0.315018315018315,0.5943378,49.35,-8.783784484863283,-20.37378448486328,True,completo,True
511,3301157,RJ,Sudeste,163,0.40587074,0.3619631901840491,0.59412926,38.93,1.6570742797851565,-13.452925720214843,False,completo,True
512,2804508,SE,Nordeste,434,0.4061243,0.3778801843317972,0.5938757,36.66,3.952430572509769,-11.827569427490232,False,completo,True
513,2408409,RN,Nordeste,13,0.40627065,0.3076923076923077,0.5937294,31.39,9.237063751220703,-7.8929362487793,False,completo,True
514,2930709,BA,Nordeste,1151,0.40636453,0.42137271937445697,0.59363544,48.58,-7.943548278808592,-19.813548278808597,True,completo,True
515,2503001,PB,Nordeste,241,0.40664768,0.3029045643153527,0.5933523,44.29,-3.6252317810058585,-17.00523178100586,True,completo,True
516,4311130,RS,Sul,21,0.4067061,0.38095238095238093,0.5932939,,,-11.56939147949219,False,completo,True
517,3304102,RJ,Sudeste,123,0.40678746,0.5284552845528455,0.59321254,42.11,-1.4312547302246088,-15.541254730224608,True,completo,True
518,2801306,SE,Nordeste,317,0.4070191,0.35962145110410093,0.59298086,40.4,0.30191192626953267,-14.348088073730466,False,completo,True
519,2929909,BA,Nordeste,406,0.40732566,0.3497536945812808,0.5926744,53.8,-13.067433166503903,-22.997433166503903,True,completo,True
520,2707701,AL,Nordeste,1249,0.40749392,0.3907125700560448,0.59250605,43.48,-2.7306065368652312,-16.380606536865237,True,completo,True
521,2405603,RN,Nordeste,97,0.40754852,0.5670103092783505,0.59245145,37.47,3.284852294921876,-12.265147705078128,False,completo,True
522,1500107,PA,Norte,1270,0.40764582,0.3653543307086614,0.5923542,46.03,-5.265416412353517,-18.045416412353518,True,completo,False
523,2409506,RN,Nordeste,40,0.4077517,0.45,0.5922483,51.07,-10.294830627441407,-21.24483062744141,True,completo,True
524,2805802,SE,Nordeste,125,0.40786922,0.344,0.5921308,44.45,-3.6630775451660185,-16.98307754516602,True,completo,True
525,2705200,AL,Nordeste,231,0.40810436,0.4199134199134199,0.59189564,37.86,2.9504362487792974,-12.479563751220702,False,completo,True
526,2709202,AL,Nordeste,160,0.40813366,0.475,0.5918664,38.63,2.1833659362792943,-13.016634063720701,False,completo,False
527,2505204,PB,Nordeste,57,0.40846533,0.24561403508771928,0.5915347,36.38,4.466530914306638,-11.383469085693356,False,completo,True
528,2403509,RN,Nordeste,72,0.40852228,0.4861111111111111,0.59147775,,,-18.667773742675784,False,completo,True
529,2708808,AL,Nordeste,336,0.40873006,0.4226190476190476,0.59126997,43.27,-2.396995086669925,-16.126995086669922,True,completo,False
530,2911600,BA,Nordeste,141,0.40882498,0.2907801418439716,0.591175,43.51,-2.6275003051757793,-16.26750030517578,True,completo,False
531,1703883,TO,Norte,36,0.40889794,0.2777777777777778,0.59110206,32.34,8.54979339599609,-8.360206604003906,False,completo,True
532,1715259,TO,Norte,34,0.4089035,0.6176470588235294,0.5910965,29.51,11.380350341796873,-6.149649658203124,False,completo,True
533,1718006,TO,Norte,47,0.4089712,0.3829787234042553,0.5910288,12.49,28.40711761474609,10.657117614746095,False,completo,True
534,4303103,RS,Sul,1162,0.40904316,0.41049913941480204,0.5909568,61.68,-20.77568405151367,-27.655684051513674,True,completo,True
535,4310330,RS,Sul,288,0.4093896,0.3715277777777778,0.5906104,,,,False,completo,True
536,2515302,PB,Nordeste,376,0.40947533,0.39361702127659576,0.5905247,40.74,0.20753265380859176,-14.342467346191405,False,completo,True
537,2507200,PB,Nordeste,79,0.40981066,0.3670886075949367,0.59018934,30.53,10.451067657470702,-6.868932342529298,False,completo,True
538,1304062,AM,Norte,1156,0.40985987,0.40743944636678203,0.5901401,47.62,-6.634015197753904,-18.85401519775391,True,completo,True
539,2702900,AL,Nordeste,395,0.4098748,0.39746835443037976,0.5901252,42.43,-1.442519836425781,-15.442519836425781,True,completo,False
540,2401800,RN,Nordeste,103,0.4098759,0.5339805825242718,0.59012413,,,,False,completo,False
541,2406304,RN,Nordeste,49,0.41013196,0.30612244897959184,0.58986807,52.99,-11.976804962158205,-22.2168049621582,True,completo,False
542,2507002,PB,Nordeste,163,0.4102072,0.48466257668711654,0.5897928,24.9,16.120721435546876,-2.1692785644531227,False,completo,True
543,4309209,RS,Sul,2356,0.41039342,0.4066213921901528,0.5896066,66.33,-25.290659027099608,-30.340659027099605,True,completo,True
544,2903276,BA,Nordeste,91,0.41043514,0.46153846153846156,0.58956486,48.11,-7.066485748291015,-19.106485748291014,True,completo,True
545,1718907,TO,Norte,75,0.4104675,0.37333333333333335,0.5895325,27.99,13.056749114990236,-4.763250885009768,False,completo,True
546,1508100,PA,Norte,1132,0.41054165,0.45229681978798586,0.58945835,43.83,-2.775835113525389,-16.315835113525388,True,completo,True
547,2205581,PI,Nordeste,55,0.41054726,0.45454545454545453,0.58945274,11.95,29.104725646972657,11.514725646972657,False,completo,True
548,2921203,BA,Nordeste,184,0.4107608,0.3695652173913043,0.58923924,53.06,-11.983919677734377,-22.193919677734378,True,completo,True
549,2805208,SE,Nordeste,42,0.41096616,0.38095238095238093,0.58903384,22.98,18.116614837646484,-0.3833851623535125,False,completo,False
550,2500304,PB,Nordeste,312,0.41114113,0.28525641025641024,0.58885884,38.31,2.804112854003904,-12.485887145996095,False,completo,False
551,2704302,AL,Nordeste,6460,0.41149676,0.4072755417956656,0.58850324,45.58,-4.43032272338867,-17.370322723388675,True,completo,True
552,2924801,BA,Nordeste,138,0.4116736,0.4057971014492754,0.5883264,48.97,-7.802637786865233,-19.532637786865237,True,completo,True
553,2413904,RN,Nordeste,93,0.4117615,0.34408602150537637,0.5882385,43.17,-1.9938525390625017,-15.743852539062502,True,completo,True
554,2406007,RN,Nordeste,42,0.41244712,0.5,0.5875529,,,-20.06528717041016,False,completo,False
555,2806206,SE,Nordeste,175,0.4125592,0.4514285714285714,0.5874408,40.63,0.6259204101562474,-13.95407958984375,False,completo,True
556,2400208,RN,Nordeste,325,0.4126533,0.40615384615384614,0.5873467,48.18,-6.914668731689453,-18.934668731689456,True,completo,True
557,2409902,RN,Nordeste,115,0.4128251,0.3391304347826087,0.5871749,47.04,-5.757491149902343,-18.177491149902345,True,completo,True
558,1500206,PA,Norte,517,0.41303313,0.4197292069632495,0.5869669,45.4,-4.096685791015624,-17.086685791015626,True,completo,True
559,2410306,RN,Nordeste,66,0.41337463,0.4090909090909091,0.58662534,,,,False,completo,True
560,1507409,PA,Norte,103,0.41345862,0.3786407766990291,0.5865414,43.6,-2.254136657714845,-15.864136657714845,True,completo,True
561,2801405,SE,Nordeste,123,0.41385815,0.34959349593495936,0.5861418,40.4,0.9858146667480483,-13.66418533325195,False,completo,True
562,2920403,BA,Nordeste,120,0.41393492,0.4166666666666667,0.58606505,45.86,-4.466510162353515,-17.30651016235352,True,completo,True
563,1713957,TO,Norte,32,0.4143413,0.5,0.58565867,24.82,16.614131622314453,-1.6958683776855494,False,completo,True
564,1700301,TO,Norte,77,0.41435456,0.4025974025974026,0.58564544,32.42,9.015455322265623,-7.874544677734377,False,completo,True
565,4314050,RS,Sul,628,0.41450915,0.37898089171974525,0.5854908,61.51,-20.059083709716795,-26.9990837097168,True,completo,True
566,2922730,BA,Nordeste,47,0.41453037,0.3191489361702128,0.5854696,52.21,-10.75696273803711,-21.28696273803711,True,completo,True
567,1503804,PA,Norte,464,0.4146328,0.3771551724137931,0.5853672,46.69,-5.226720275878904,-17.766720275878903,True,completo,True
568,2609907,PE,Nordeste,510,0.41491178,0.3137254901960784,0.58508825,42.82,-1.328823394775391,-15.198823394775388,True,completo,True
569,1503457,PA,Norte,328,0.41525096,0.4420731707317073,0.58474904,46.0,-4.474903106689453,-17.264903106689452,True,completo,True
570,2900801,BA,Nordeste,250,0.41542083,0.296,0.58457917,50.94,-9.397916259765623,-20.397916259765623,True,completo,False
571,1701309,TO,Norte,55,0.4154903,0.5272727272727272,0.58450973,31.83,9.71903030395508,-7.310969696044921,False,completo,True
572,2410702,RN,Nordeste,16,0.41561088,0.375,0.5843891,32.22,9.34108856201172,-7.598911437988278,False,completo,True
573,1600204,AP,Norte,178,0.41573754,0.39325842696629215,0.5842625,41.81,-0.23624664306640852,-14.436246643066404,True,completo,True
574,2700607,AL,Nordeste,122,0.41585743,0.38524590163934425,0.58414257,38.79,2.795742950439454,-12.354257049560545,False,completo,False
575,5107859,MT,Centro-Oeste,136,0.41588718,0.3235294117647059,0.5841128,41.62,-0.03128158569335682,-14.291281585693362,True,completo,True
576,2414605,RN,Nordeste,60,0.41610888,0.36666666666666664,0.58389115,,,,False,completo,True
577,2401008,RN,Nordeste,195,0.41626835,0.4461538461538462,0.58373165,43.46,-1.8331651306152352,-15.493165130615232,True,completo,True
578,1600709,AP,Norte,284,0.4162798,0.9049295774647887,0.5837202,39.04,2.587979278564454,-12.492020721435544,False,completo,False
579,1503754,PA,Norte,187,0.41637653,0.2620320855614973,0.58362347,,,-1.642346649169923,False,completo,False
580,2804706,SE,Nordeste,60,0.41644058,0.5833333333333334,0.5835594,26.18,15.464058227539063,-2.6559417724609347,False,completo,True
581,2933455,BA,Nordeste,121,0.41678795,0.5537190082644629,0.583212,58.33,-16.651205139160155,-24.841205139160152,True,completo,False
582,1501782,PA,Norte,503,0.41687298,0.510934393638171,0.583127,38.27,3.4172978210449187,-11.892702178955076,False,completo,True
583,1506351,PA,Norte,256,0.4169164,0.46484375,0.5830836,44.15,-2.4583610534667955,-15.888361053466795,True,completo,True
584,1200328,AC,Norte,97,0.4169443,0.30927835051546393,0.58305573,,,3.30443130493164,False,ausente,True
585,2407005,RN,Nordeste,70,0.41695008,0.38571428571428573,0.5830499,33.44,8.255007324218752,-8.384992675781248,False,completo,True
586,1506609,PA,Norte,237,0.41724044,0.4008438818565401,0.58275956,,,-12.905955200195315,False,completo,True
587,2211357,PI,Nordeste,48,0.41728052,0.3125,0.58271945,33.18,8.54805404663086,-8.161945953369141,False,completo,True
588,2802809,SE,Nordeste,235,0.4172825,0.3446808510638298,0.58271754,44.78,-3.051751403808595,-16.261751403808596,True,completo,True
589,2921906,BA,Nordeste,85,0.4173451,0.38823529411764707,0.5826549,47.73,-5.995487670898434,-18.165487670898436,True,completo,True
590,2902302,BA,Nordeste,80,0.41763273,0.6,0.5823673,53.15,-11.38672866821289,-21.55672866821289,True,completo,True
591,2804607,SE,Nordeste,221,0.4180746,0.28054298642533937,0.5819254,39.64,2.167460784912109,-12.722539215087892,False,completo,False
592,2901106,BA,Nordeste,140,0.4181958,0.4714285714285714,0.58180416,44.02,-2.200419921875003,-15.670419921875002,True,completo,True
593,2405900,RN,Nordeste,18,0.4183593,0.3888888888888889,0.5816407,51.64,-9.804070129394532,-20.554070129394532,True,completo,True
594,2708006,AL,Nordeste,513,0.4185455,0.442495126705653,0.5814545,41.57,0.2845532226562497,-13.995446777343751,False,completo,True
595,2102200,MA,Nordeste,251,0.41890854,0.2908366533864542,0.58109146,50.62,-8.72914611816406,-19.849146118164064,True,completo,True
596,1501709,PA,Norte,1230,0.41894123,0.375609756097561,0.58105874,48.67,-6.775876922607424,-18.605876922607422,True,completo,True
597,2802601,SE,Nordeste,12,0.41910586,0.16666666666666666,0.5808941,27.09,14.820587310791016,-3.1594126892089847,False,completo,False
598,1721208,TO,Norte,218,0.4195571,0.3577981651376147,0.5804429,41.22,0.7357113647460949,-13.654288635253906,False,completo,True
599,2515807,PB,Nordeste,14,0.41959366,0.8571428571428571,0.5804063,21.09,20.869365844726563,2.2493658447265616,False,completo,False
600,2707206,AL,Nordeste,163,0.41971582,0.49079754601226994,0.5802842,40.27,1.7015805053710906,-12.988419494628907,False,completo,False
601,2803906,SE,Nordeste,128,0.41979218,0.375,0.5802078,41.11,0.8692175292968756,-13.560782470703124,False,completo,True
602,4311981,RS,Sul,20,0.41981435,0.2,0.58018565,,,,False,completo,True
603,4301875,RS,Sul,64,0.41988137,0.265625,0.58011866,64.15,-22.1618637084961,-28.071863708496096,True,completo,True
604,2707305,AL,Nordeste,298,0.41996107,0.4597315436241611,0.5800389,43.17,-1.1738948059082048,-14.933894805908203,True,completo,False
605,2917102,BA,Nordeste,104,0.42022535,0.28846153846153844,0.5797746,52.72,-10.697466583251952,-21.037466583251955,True,completo,False
606,2906907,BA,Nordeste,225,0.4203851,0.49777777777777776,0.5796149,47.08,-5.041490631103514,-17.441490631103512,True,completo,True
607,2406502,RN,Nordeste,161,0.42040944,0.36024844720496896,0.57959056,41.52,0.52094314575195,-13.779056854248047,False,completo,True
608,2706307,AL,Nordeste,624,0.4204544,0.391025641025641,0.5795456,39.15,2.8954406738281264,-12.144559326171873,False,completo,True
609,2931806,BA,Nordeste,77,0.4204867,0.42857142857142855,0.5795133,54.5,-12.451332092285156,-22.111332092285153,True,completo,True
610,4320859,RS,Sul,59,0.42059472,0.22033898305084745,0.5794053,63.05,-20.990528869628903,-27.330528869628907,True,completo,True
611,4318622,RS,Sul,47,0.42069146,0.3617021276595745,0.5793085,,,,False,completo,True
612,2408003,RN,Nordeste,1621,0.4208517,0.44540407156076495,0.5791483,44.54,-2.4548292541503898,-15.744829254150389,True,completo,True
613,1501600,PA,Norte,86,0.42099008,0.32558139534883723,0.5790099,43.59,-1.4909933471679722,-15.11099334716797,True,completo,True
614,2800407,SE,Nordeste,108,0.42179617,0.28703703703703703,0.5782038,38.07,4.1096188354492185,-11.260381164550779,False,completo,False
615,2912509,BA,Nordeste,94,0.42181283,0.46808510638297873,0.57818717,49.93,-7.7487179565429685,-19.12871795654297,True,completo,False
616,1709302,TO,Norte,209,0.42211106,0.4784688995215311,0.57788897,42.74,-0.5288946533203145,-14.428894653320313,True,completo,False
617,4316907,RS,Sul,1686,0.42216352,0.41043890865954924,0.5778365,67.72,-25.503649444580077,-30.013649444580082,True,completo,True
618,1716307,TO,Norte,58,0.42229682,0.3793103448275862,0.5777032,11.05,31.17968292236328,13.909682922363281,False,completo,True
619,2411601,RN,Nordeste,56,0.4225758,0.32142857142857145,0.57742417,61.45,-19.192420196533206,-26.162420196533205,True,completo,True
620,2914604,BA,Nordeste,600,0.4226458,0.4683333333333333,0.5773542,48.05,-5.785420227050778,-17.84542022705078,True,completo,True
621,1503200,PA,Norte,303,0.4226935,0.46534653465346537,0.5773065,39.7,2.569348144531247,-12.30065185546875,False,completo,True
622,2922201,BA,Nordeste,63,0.42276284,0.4126984126984127,0.5772371,51.44,-9.163716735839841,-19.98371673583984,True,completo,False
623,2204402,PI,Nordeste,136,0.42296565,0.3897058823529412,0.57703435,38.32,3.976566009521484,-11.313433990478515,False,completo,True
624,2901601,BA,Nordeste,82,0.42308632,0.23170731707317074,0.5769137,49.89,-7.581368103027344,-18.971368103027345,True,completo,True
625,2906899,BA,Nordeste,90,0.42343056,0.35555555555555557,0.57656944,52.02,-9.676944274902347,-20.27694427490234,True,completo,True
626,2413102,RN,Nordeste,57,0.42345375,0.24561403508771928,0.57654625,,,,False,completo,True
627,2917359,BA,Nordeste,95,0.42349425,0.43157894736842106,0.5765058,47.06,-4.710573730468752,-17.12057373046875,True,completo,True
628,2802106,SE,Nordeste,537,0.4235632,0.31471135940409684,0.57643676,40.81,1.546319427490232,-12.973680572509764,False,completo,False
629,4305371,RS,Sul,7,0.42358103,0.0,0.576419,,,,False,completo,False
630,4314803,RS,Sul,317,0.4236405,0.41009463722397477,0.5763595,60.02,-17.655951995849613,-25.175951995849616,True,completo,True
631,1505486,PA,Norte,500,0.42369518,0.458,0.5763048,43.87,-1.5004817199707006,-15.020481719970704,True,completo,False
632,2406106,RN,Nordeste,112,0.42422137,0.4642857142857143,0.5757786,34.74,7.682138214111326,-8.627861785888669,False,completo,True
633,2924652,BA,Nordeste,79,0.4243124,0.5569620253164557,0.5756876,50.59,-8.158759918212894,-19.28875991821289,True,completo,False
634,2702405,AL,Nordeste,560,0.42435855,0.2839285714285714,0.57564145,38.15,4.285855865478517,-11.054144134521486,False,completo,False
635,2501401,PB,Nordeste,148,0.42448947,0.4527027027027027,0.5755105,28.9,13.548947906494142,-4.1010520935058565,False,completo,True
636,2112274,MA,Nordeste,73,0.42449772,0.3561643835616438,0.5755023,41.57,0.8797718811035153,-13.400228118896486,False,completo,True
637,2930766,BA,Nordeste,73,0.4245841,0.4246575342465753,0.5754159,49.83,-7.371591644287108,-18.78159164428711,True,completo,True
638,4316402,RS,Sul,280,0.42460722,0.37142857142857144,0.5753928,41.94,0.5207200622558616,-13.639279937744142,False,completo,True
639,2411007,RN,Nordeste,44,0.42472488,0.45454545454545453,0.5752751,38.22,4.252488403320314,-11.067511596679687,False,completo,True
640,2926657,BA,Nordeste,76,0.42481267,0.5263157894736842,0.5751873,52.59,-10.108733978271488,-20.49873397827148,True,completo,True
641,2903508,BA,Nordeste,124,0.4250325,0.33064516129032256,0.5749675,52.89,-10.386749877929688,-20.656749877929684,True,completo,True
642,2110401,MA,Nordeste,183,0.4250626,0.3825136612021858,0.5749374,52.21,-9.70374008178711,-20.23374008178711,True,completo,True
643,2923506,BA,Nordeste,89,0.4251228,0.4044943820224719,0.5748772,49.55,-7.03772048950195,-18.557720489501953,True,completo,False
644,1503705,PA,Norte,486,0.42535794,0.44650205761316875,0.57464206,48.62,-6.084206695556638,-17.944206695556637,True,completo,False
645,2502508,PB,Nordeste,95,0.42540795,0.3684210526315789,0.57459205,44.48,-1.9392056274414031,-15.259205627441403,True,completo,True
646,2500908,PB,Nordeste,53,0.42554402,0.5283018867924528,0.574456,42.08,0.47440139770507983,-13.645598602294925,False,completo,True
647,2206357,PI,Nordeste,12,0.4256698,0.3333333333333333,0.5743302,44.03,-1.4630215454101574,-14.933021545410156,True,completo,True
648,2914406,BA,Nordeste,269,0.4257436,0.4423791821561338,0.5742564,45.26,-2.68564010620117,-15.735640106201174,True,completo,True
649,4202602,SC,Sul,107,0.42584193,0.45794392523364486,0.5741581,39.4,3.184194183349611,-11.785805816650388,False,completo,False
650,2903003,BA,Nordeste,111,0.42604348,0.32432432432432434,0.5739565,45.6,-2.995652770996095,-15.925652770996095,True,completo,False
651,2932002,BA,Nordeste,216,0.42621464,0.4027777777777778,0.57378536,50.59,-7.968536224365238,-19.098536224365233,True,completo,True
652,4319125,RS,Sul,31,0.4262551,0.3548387096774194,0.5737449,77.0,-34.374488830566406,-35.40448883056641,True,completo,True
653,1702901,TO,Norte,97,0.42627072,0.4020618556701031,0.5737293,37.42,5.207071380615233,-10.352928619384762,False,completo,True
654,3304805,RJ,Sudeste,338,0.42653066,0.4822485207100592,0.57346934,46.08,-3.426935272216795,-16.1869352722168,True,completo,False
655,2923605,BA,Nordeste,141,0.42677355,0.48936170212765956,0.57322645,52.28,-9.602647094726564,-20.102647094726564,True,completo,True
656,2910750,BA,Nordeste,117,0.42684495,0.49572649572649574,0.57315505,48.48,-5.795505981445309,-17.705505981445313,True,completo,True
657,2412302,RN,Nordeste,92,0.42688504,0.5108695652173914,0.573115,25.0,17.68850326538086,-0.5914967346191418,False,completo,True
658,4300851,RS,Sul,20,0.42689142,0.55,0.57310855,61.27,-18.580859680175784,-25.61085968017578,True,completo,False
659,4314100,RS,Sul,1800,0.4269796,0.37277777777777776,0.5730204,62.1,-19.402040100097658,-26.11204010009766,True,completo,False
660,4301909,RS,Sul,72,0.42700765,0.3472222222222222,0.5729923,70.43,-27.72923629760743,-31.199236297607428,True,completo,False
661,1500347,PA,Norte,185,0.4271958,0.4864864864864865,0.5728042,34.94,7.779577789306643,-8.470422210693357,False,completo,True
662,2929107,BA,Nordeste,141,0.427413,0.41134751773049644,0.572587,51.43,-8.68870132446289,-19.50870132446289,True,completo,True
663,2700706,AL,Nordeste,146,0.42761534,0.4589041095890411,0.57238466,40.06,2.7015356445312477,-12.05846435546875,False,completo,True
664,2105500,MA,Nordeste,245,0.42779672,0.563265306122449,0.5722033,41.8,0.9796707153320341,-13.230329284667967,False,completo,False
665,2802007,SE,Nordeste,51,0.42801902,0.19607843137254902,0.57198095,45.68,-2.878097229003906,-15.778097229003905,True,completo,True
666,1718550,TO,Norte,51,0.42864165,0.5490196078431373,0.5713583,28.46,14.404166259765624,-3.335833740234378,False,completo,True
667,2403400,RN,Nordeste,47,0.42872283,0.5957446808510638,0.57127714,27.64,15.232283935546874,-2.647716064453128,False,completo,True
668,1706506,TO,Norte,82,0.4288159,0.45121951219512196,0.5711841,38.24,4.641591796874998,-10.678408203125002,False,completo,True
669,1721307,TO,Norte,26,0.4288592,0.5384615384615384,0.57114077,32.22,10.665921478271486,-6.274078521728512,False,completo,True
670,2901007,BA,Nordeste,249,0.42899194,0.5100401606425703,0.5710081,55.84,-12.94080718994141,-22.0908071899414,True,completo,True
671,1304203,AM,Norte,1206,0.42905155,0.43781094527363185,0.5709485,,,-9.604844818115232,False,completo,True
672,2900355,BA,Nordeste,139,0.42915744,0.4244604316546763,0.57084256,50.37,-7.454255218505857,-18.674255218505863,True,completo,True
673,1712702,TO,Norte,22,0.42921627,0.09090909090909091,0.57078373,34.77,8.151627044677731,-8.148372955322266,False,completo,False
674,5102702,MT,Centro-Oeste,303,0.42924866,0.42244224422442245,0.5707513,39.4,3.5248657226562514,-11.445134277343747,False,completo,False
675,2702207,AL,Nordeste,75,0.42993954,0.5466666666666666,0.5700605,41.33,1.663953704833986,-12.696046295166013,False,completo,True
676,2918357,BA,Nordeste,254,0.4299401,0.531496062992126,0.5700599,41.43,1.564010925292969,-12.76598907470703,False,completo,True
677,2506400,PB,Nordeste,87,0.42999864,0.27586206896551724,0.57000136,41.85,1.149862670898436,-13.040137329101562,False,completo,True
678,2932101,BA,Nordeste,131,0.43002608,0.3893129770992366,0.56997395,52.71,-9.707390747070313,-20.04739074707031,True,completo,True
679,4313508,RS,Sul,465,0.43030486,0.4236559139784946,0.5696951,69.76,-26.72951293945313,-30.44951293945313,True,completo,True
680,4301107,RS,Sul,130,0.43040097,0.4076923076923077,0.56959903,46.7,-3.6599037170410185,-16.199903717041018,True,completo,True
681,1715101,TO,Norte,47,0.43066645,0.3617021276595745,0.56933355,45.59,-2.5233572387695347,-15.453357238769534,True,completo,True
682,2929057,BA,Nordeste,164,0.43073022,0.36585365853658536,0.5692698,59.05,-15.976979064941403,-23.8869790649414,True,completo,True
683,2917607,BA,Nordeste,527,0.4308851,0.5370018975332068,0.5691149,51.78,-8.691487579345704,-19.381487579345702,True,completo,False
684,2806107,SE,Nordeste,128,0.4308874,0.390625,0.5691126,45.54,-2.4512586975097648,-15.401258697509768,True,completo,True
685,2203271,PI,Nordeste,73,0.43103322,0.4794520547945205,0.56896675,22.86,20.243321075439454,1.7333210754394557,False,completo,True
686,2404507,RN,Nordeste,138,0.4311352,0.4420289855072464,0.5688648,,,-13.796478424072262,False,completo,True
687,2703908,AL,Nordeste,52,0.43138668,0.4423076923076923,0.5686133,41.39,1.7486680603027338,-12.591331939697262,False,completo,True
688,2700300,AL,Nordeste,2473,0.43149713,0.438334007278609,0.5685029,45.77,-2.6202883911132844,-15.490288391113282,True,completo,True
689,1600550,AP,Norte,48,0.43150672,0.2916666666666667,0.56849325,43.05,0.10067291259765909,-13.689327087402347,False,completo,True
690,2923001,BA,Nordeste,481,0.4316251,0.37214137214137216,0.5683749,60.29,-17.12749008178711,-24.547490081787103,True,completo,True
691,1504950,PA,Norte,218,0.43180165,0.4954128440366973,0.5681983,42.35,0.8301643371582017,-13.1998356628418,False,completo,True
692,1501303,PA,Norte,1438,0.43190736,0.39777468706536856,0.56809264,51.99,-8.799265136718752,-19.40926513671875,True,completo,False
693,4306932,RS,Sul,67,0.4319868,0.4626865671641791,0.5680132,,,-18.771319122314452,False,completo,False
694,1302801,AM,Norte,184,0.4320663,0.5163043478260869,0.5679337,28.09,15.11663070678711,-2.683369293212891,False,completo,True
695,1507102,PA,Norte,140,0.4321114,0.6928571428571428,0.5678886,40.26,2.95113967895508,-11.748860321044923,False,completo,True
696,5106778,MT,Centro-Oeste,158,0.43222523,0.5253164556962026,0.5677748,38.13,5.092522735595701,-10.257477264404294,False,completo,False
697,1507607,PA,Norte,676,0.4323749,0.5029585798816568,0.5676251,45.1,-1.8625122070312514,-14.962512207031253,True,completo,True
698,2408805,RN,Nordeste,60,0.4324746,0.31666666666666665,0.5675254,52.37,-9.122540588378904,-19.59254058837891,True,completo,False
699,2413706,RN,Nordeste,39,0.43261063,0.48717948717948717,0.56738937,35.88,7.38106262207031,-8.608937377929685,False,completo,True
700,2924306,BA,Nordeste,150,0.4327561,0.4533333333333333,0.56724393,48.21,-4.93439193725586,-16.93439193725586,True,completo,True
701,2403103,RN,Nordeste,257,0.43280494,0.46303501945525294,0.56719506,47.33,-4.049505310058592,-16.369505310058592,True,completo,True
702,2409332,RN,Nordeste,23,0.43282893,0.43478260869565216,0.5671711,,,,False,completo,False
703,2411700,RN,Nordeste,42,0.4334235,0.3333333333333333,0.5665765,40.24,3.1023500061035136,-11.607649993896487,False,completo,True
704,4321600,RS,Sul,598,0.43353635,0.41638795986622074,0.56646365,58.64,-15.286366119384766,-23.34636611938477,True,completo,True
705,2706802,AL,Nordeste,226,0.43357188,0.4247787610619469,0.5664281,38.74,4.617189178466795,-10.5528108215332,False,completo,True
706,2705309,AL,Nordeste,64,0.43359736,0.28125,0.5664027,37.11,6.249737396240235,-9.400262603759764,False,completo,True
707,1302009,AM,Norte,113,0.43394536,0.30973451327433627,0.56605464,,,,False,completo,True
708,1703305,TO,Norte,59,0.43402648,0.288135593220339,0.5659735,33.34,10.062648925781247,-6.607351074218748,False,completo,False
709,2400802,RN,Nordeste,89,0.4341831,0.550561797752809,0.5658169,26.39,17.02830825805664,-1.0516917419433582,False,completo,True
710,1300300,AM,Norte,277,0.43425417,0.4151624548736462,0.56574583,,,,False,completo,True
711,4313953,RS,Sul,103,0.4344099,0.3106796116504854,0.56559014,73.69,-30.24900955200195,-32.48900955200196,True,completo,True
712,5106422,MT,Centro-Oeste,467,0.43451953,0.42184154175588867,0.5654805,42.73,0.7219538879394563,-13.17804611206055,False,completo,True
713,5102603,MT,Centro-Oeste,131,0.43476054,0.4351145038167939,0.5652394,45.19,-1.7139448547363259,-14.783944854736326,True,completo,True
714,2507606,PB,Nordeste,50,0.43492532,0.34,0.5650747,36.0,7.492530822753906,-8.467469177246095,False,completo,True
715,1701101,TO,Norte,70,0.4350518,0.35714285714285715,0.5649482,37.16,6.345180358886722,-9.28481964111328,False,completo,True
716,2928901,BA,Nordeste,307,0.43512267,0.5407166123778502,0.56487733,50.38,-6.867731933593753,-18.077731933593753,True,completo,False
717,1702109,TO,Norte,1972,0.43528035,0.5081135902636917,0.5647197,42.16,1.3680342102050815,-12.721965789794922,False,completo,False
718,2921054,BA,Nordeste,127,0.43529075,0.4251968503937008,0.56470925,47.77,-4.240924377441409,-16.400924377441406,True,completo,True
719,1714203,TO,Norte,104,0.43534964,0.4423076923076923,0.56465036,35.38,8.154965515136716,-7.975034484863279,False,completo,True
720,2805505,SE,Nordeste,153,0.43572503,0.4117647058823529,0.56427497,37.82,5.7525021362304685,-9.68749786376953,False,completo,True
721,2931608,BA,Nordeste,143,0.4359504,0.44755244755244755,0.5640496,52.65,-9.054960632324217,-19.414960632324217,True,completo,True
722,2401701,RN,Nordeste,94,0.43599308,0.5106382978723404,0.5640069,,,,False,completo,True
723,2904506,BA,Nordeste,82,0.43607855,0.6097560975609756,0.56392145,,,-24.512143249511723,False,completo,False
724,2210623,PI,Nordeste,56,0.43622226,0.5,0.56377774,33.21,10.41222671508789,-6.287773284912106,False,completo,True
725,4318309,RS,Sul,533,0.43640095,0.399624765478424,0.56359905,64.25,-20.609905242919922,-26.479905242919926,True,completo,True
726,4315602,RS,Sul,1518,0.43645215,0.4420289855072464,0.56354785,58.45,-14.804785919189456,-22.944785919189457,True,completo,True
727,2100832,MA,Nordeste,165,0.4365356,0.3878787878787879,0.5634644,38.52,5.133560638427731,-10.096439361572266,False,completo,True
728,4304606,RS,Sul,2553,0.43661037,0.44026635330983155,0.56338966,57.6,-13.938962554931642,-22.408962554931634,True,completo,True
729,5004809,MS,Centro-Oeste,121,0.43673894,0.4462809917355372,0.56326103,18.91,24.763892974853515,6.113892974853513,False,completo,True
730,4305108,RS,Sul,3664,0.4369056,0.4375,0.5630944,70.89,-27.19944061279297,-30.489440612792976,True,completo,True
731,4301073,RS,Sul,22,0.43698204,0.18181818181818182,0.56301796,80.0,-36.301795959472656,-36.301795959472656,True,completo,True
732,2707909,AL,Nordeste,68,0.43765953,0.38235294117647056,0.5623405,38.86,4.905953063964844,-10.224046936035158,False,completo,True
733,3304904,RJ,Sudeste,4415,0.43766424,0.4378255945639864,0.5623357,51.23,-7.463577728271481,-18.363577728271487,True,completo,True
734,2903706,BA,Nordeste,129,0.43773225,0.46511627906976744,0.5622678,49.97,-6.196776123046874,-17.56677612304688,True,completo,True
735,4312500,RS,Sul,130,0.43783337,0.4076923076923077,0.56216663,56.1,-12.316663360595705,-21.36666336059571,True,completo,True
736,2700409,AL,Nordeste,433,0.43787146,0.44341801385681295,0.56212854,39.32,4.467147521972656,-10.522852478027346,False,completo,True
737,1301407,AM,Norte,415,0.4384626,0.43373493975903615,0.5615374,,,,False,completo,True
738,4319901,RS,Sul,826,0.43856645,0.4467312348668281,0.56143355,73.9,-30.043356323242193,-32.20335632324219,True,completo,True
739,2506905,PB,Nordeste,158,0.43908507,0.5379746835443038,0.56091493,32.55,11.358508300781253,-5.501491699218747,False,completo,True
740,2507309,PB,Nordeste,113,0.43912616,0.5221238938053098,0.56087387,41.56,2.352616729736326,-11.927383270263675,False,completo,True
741,1500909,PA,Norte,512,0.43920687,0.453125,0.56079316,44.99,-1.0693113708496114,-14.209311370849612,True,completo,True
742,2933307,BA,Nordeste,2826,0.43923452,0.42745930644019814,0.5607655,53.11,-9.18654571533203,-19.37654571533203,True,completo,True
743,2702603,AL,Nordeste,223,0.43926746,0.4484304932735426,0.56073254,41.94,1.9867463684082054,-12.173253631591798,False,completo,False
744,2709400,AL,Nordeste,254,0.43968797,0.49606299212598426,0.56031203,46.3,-2.3312042236328097,-15.01120422363281,True,completo,True
745,1300805,AM,Norte,331,0.43971136,0.4169184290030212,0.56028867,35.51,8.461138000488283,-7.638861999511718,False,completo,False
746,2800308,SE,Nordeste,3664,0.43995294,0.4443231441048035,0.56004703,36.8,7.195292663574222,-8.54470733642578,False,completo,True
747,2923803,BA,Nordeste,196,0.44016188,0.3979591836734694,0.5598381,56.5,-12.483810424804688,-21.373810424804688,True,completo,True
748,1722081,TO,Norte,94,0.4401743,0.43617021276595747,0.55982566,41.91,2.107429351806644,-12.062570648193358,False,completo,True
749,2513158,PB,Nordeste,54,0.4402633,0.48148148148148145,0.5597367,19.74,24.286329040527345,5.636329040527343,False,completo,True
750,1303809,AM,Norte,689,0.4406088,0.41509433962264153,0.5593912,43.12,0.9408787536621119,-12.829121246337891,False,completo,True
751,2210409,PI,Nordeste,104,0.44064373,0.4519230769230769,0.5593563,36.96,7.104373016357421,-8.585626983642577,False,completo,True
752,2513703,PB,Nordeste,930,0.44075105,0.3817204301075269,0.5592489,47.0,-2.924896240234375,-15.364896240234373,True,completo,False
753,2511806,PB,Nordeste,59,0.4407917,0.423728813559322,0.5592083,41.41,2.6691702270507847,-11.670829772949219,False,completo,True
754,2210938,PI,Nordeste,62,0.44090465,0.5645161290322581,0.5590954,34.28,9.810465545654296,-6.609534454345706,False,completo,True
755,1502855,PA,Norte,172,0.44113615,0.42441860465116277,0.5588639,44.07,0.043616943359374716,-13.406383056640628,False,completo,True
756,3304755,RJ,Sudeste,487,0.44124153,0.4681724845995893,0.5587585,49.36,-5.235846862792968,-16.815846862792966,True,completo,True
757,2207934,PI,Nordeste,23,0.44137052,0.4782608695652174,0.5586295,44.28,-0.14294937133789176,-13.522949371337887,True,completo,True
758,2400307,RN,Nordeste,60,0.44142756,0.48333333333333334,0.5585724,,,,False,completo,True
759,2911303,BA,Nordeste,81,0.44146135,0.5432098765432098,0.5585387,50.71,-6.563862762451173,-17.65386276245117,True,completo,True
760,1303601,AM,Norte,136,0.44162697,0.36764705882352944,0.55837303,33.91,10.25269683837891,-6.2673031616210935,False,completo,False
761,2705101,AL,Nordeste,256,0.44173324,0.48828125,0.55826676,41.99,2.1833245849609355,-11.966675415039063,False,completo,False
762,1200427,AC,Norte,143,0.4418674,0.4125874125874126,0.5581326,,,-9.853259124755859,False,ausente,True
763,1717206,TO,Norte,22,0.44191438,0.5454545454545454,0.5580856,33.29,10.901436767578126,-5.778563232421874,False,completo,True
764,1505809,PA,Norte,766,0.44194293,0.42428198433420367,0.55805707,49.51,-5.31570602416992,-16.84570602416992,True,completo,True
765,5003207,MS,Centro-Oeste,1250,0.4420693,0.3848,0.5579307,47.61,-3.4030717468261713,-15.62307174682617,True,completo,True
766,2205102,PI,Nordeste,64,0.44255832,0.859375,0.5574417,32.37,11.885832672119143,-5.0141673278808625,False,completo,True
767,2920601,BA,Nordeste,167,0.44258943,0.5449101796407185,0.5574106,52.74,-8.481058349609377,-18.811058349609375,True,completo,True
768,4304101,RS,Sul,43,0.44277534,0.3023255813953488,0.55722463,33.67,10.60753448486328,-5.972465515136719,False,completo,True
769,4321709,RS,Sul,239,0.4428009,0.4225941422594142,0.5571991,59.55,-15.269909667968747,-22.979909667968755,True,completo,True
770,3555406,SP,Sudeste,972,0.4429966,0.3683127572016461,0.5570034,47.43,-3.1303402709960935,-15.410340270996095,True,parcial,True
771,4320354,RS,Sul,30,0.4430993,0.23333333333333334,0.55690074,74.77,-30.460071105957027,-32.30007110595703,True,completo,True
772,2803708,SE,Nordeste,24,0.44329974,0.2916666666666667,0.5567002,44.75,-0.4200248718261719,-13.64002487182617,True,completo,False
773,1718709,TO,Norte,39,0.4433137,0.46153846153846156,0.5566863,24.42,19.91136749267578,1.5613674926757781,False,completo,True
774,2909703,BA,Nordeste,144,0.44387576,0.4375,0.5561242,50.23,-5.842422943115231,-17.112422943115234,True,completo,True
775,2402006,RN,Nordeste,309,0.4441251,0.47249190938511326,0.55587494,42.3,2.1125099182128935,-11.927490081787113,False,completo,True
776,2202653,PI,Nordeste,43,0.44439963,0.46511627906976744,0.5556004,27.47,16.969964294433595,-0.9400357055664088,False,completo,True
777,2919702,BA,Nordeste,114,0.4444305,0.4473684210526316,0.5555695,54.13,-9.686949615478518,-19.486949615478515,True,completo,False
778,2409209,RN,Nordeste,24,0.44443965,0.5,0.55556035,52.73,-8.286034088134762,-18.626034088134766,True,completo,True
779,2412609,RN,Nordeste,114,0.44453466,0.35964912280701755,0.55546534,,,,False,completo,True
780,4300877,RS,Sul,99,0.444871,0.43434343434343436,0.555129,76.34,-31.85289749145508,-33.12289749145508,True,completo,True
781,4314209,RS,Sul,51,0.44488436,0.35294117647058826,0.55511564,69.69,-25.201562347412107,-28.951562347412107,True,completo,True
782,4312609,RS,Sul,38,0.44503602,0.47368421052631576,0.55496395,55.68,-11.17639892578125,-20.38639892578125,True,completo,False
783,1717800,TO,Norte,42,0.44507974,0.4523809523809524,0.55492026,15.03,29.477972717285155,11.157972717285155,False,completo,False
784,1200179,AC,Norte,151,0.4453383,0.3576158940397351,0.5546617,,,-6.676167449951173,False,ausente,True
785,2411403,RN,Nordeste,59,0.44537333,0.5932203389830508,0.5546267,28.87,15.66733444213867,-1.9926655578613293,False,completo,False
786,2910107,BA,Nordeste,124,0.44548494,0.4274193548387097,0.55451506,53.52,-8.971507568359378,-19.011507568359377,True,completo,True
787,2414506,RN,Nordeste,30,0.44581193,0.4666666666666667,0.5541881,,,,False,completo,True
788,2403756,RN,Nordeste,29,0.44584367,0.6206896551724138,0.5541563,39.77,4.814365844726559,-10.035634155273435,False,completo,False
789,2500536,PB,Nordeste,87,0.44601908,0.45977011494252873,0.55398095,48.58,-3.9780903625488264,-15.848090362548831,True,completo,True
790,3303203,RJ,Sudeste,851,0.4460454,0.4735605170387779,0.5539546,50.1,-5.495462036132814,-16.80546203613281,True,completo,True
791,4301305,RS,Sul,116,0.44617486,0.4482758620689655,0.55382514,,,,False,completo,False
792,5006903,MS,Centro-Oeste,228,0.44630483,0.6754385964912281,0.5536952,37.55,7.080481719970706,-8.439518280029297,False,completo,False
793,2917904,BA,Nordeste,97,0.44630706,0.36082474226804123,0.55369294,55.37,-10.739293212890622,-20.069293212890628,True,completo,True
794,1504455,PA,Norte,292,0.44646162,0.4828767123287671,0.5535384,54.08,-9.433839874267576,-19.253839874267577,True,completo,True
795,2801603,SE,Nordeste,32,0.44649535,0.46875,0.55350465,29.4,15.249536132812501,-2.310463867187501,False,completo,True
796,1503093,PA,Norte,300,0.44668692,0.43666666666666665,0.5533131,51.56,-6.8913064575195335,-17.66130645751953,True,completo,True
797,2402907,RN,Nordeste,40,0.4467612,0.475,0.5532388,31.08,13.596120758056642,-3.6038792419433605,False,completo,True
798,2702553,AL,Nordeste,137,0.44690713,0.36496350364963503,0.55309284,41.35,3.340711975097655,-11.009288024902347,False,completo,False
799,1200807,AC,Norte,236,0.4470143,0.3983050847457627,0.55298567,,,-9.85856872558594,False,ausente,True
800,2933174,BA,Nordeste,70,0.44708917,0.4,0.5529108,49.91,-5.201084289550778,-16.58108428955078,True,completo,True
801,2112407,MA,Nordeste,294,0.44709364,0.6496598639455783,0.5529064,46.7,-1.990637969970706,-14.530637969970705,True,completo,False
802,2909604,BA,Nordeste,151,0.4471987,0.4304635761589404,0.5528013,55.2,-10.480132293701175,-19.870132293701175,True,completo,True
803,2907558,BA,Nordeste,59,0.44760796,0.5084745762711864,0.552392,52.31,-7.5492044067382835,-18.03920440673828,True,completo,False
804,3137007,MG,Sudeste,85,0.4480335,0.5647058823529412,0.5519665,31.02,13.783352355957032,-3.4266476440429656,False,completo,False
805,4304358,RS,Sul,96,0.4482307,0.3854166666666667,0.55176926,,,,False,completo,True
806,2204352,PI,Nordeste,43,0.44826072,0.5348837209302325,0.5517393,26.56,18.266072692871095,0.2060726928710963,False,completo,True
807,1507466,PA,Norte,20,0.4485692,0.4,0.5514308,,,,False,completo,True
808,2701704,AL,Nordeste,201,0.4485732,0.42786069651741293,0.55142677,47.36,-2.5026811218261713,-14.812681121826174,True,completo,False
809,4311007,RS,Sul,205,0.448589,0.47317073170731705,0.55141103,53.41,-8.5511018371582,-18.631101837158205,True,completo,True
810,4322400,RS,Sul,966,0.44864947,0.4668737060041408,0.55135053,64.39,-19.525051727294922,-25.335051727294925,True,completo,True
811,2909109,BA,Nordeste,140,0.44869334,0.30714285714285716,0.55130666,52.66,-7.79066482543945,-18.150664825439456,True,completo,True
812,1301209,AM,Norte,932,0.4488749,0.40772532188841204,0.5511251,45.17,-0.28251068115234546,-13.362510681152344,True,completo,True
813,4315313,RS,Sul,15,0.44891956,0.4,0.55108047,57.42,-12.528043670654299,-21.06804367065429,True,completo,True
814,2206670,PI,Nordeste,77,0.4491812,0.4025974025974026,0.5508188,35.98,8.938121337890628,-7.031878662109378,False,completo,True
815,2908309,BA,Nordeste,51,0.449227,0.4117647058823529,0.550773,58.18,-13.257301025390625,-21.507301025390632,True,completo,True
816,2806909,SE,Nordeste,16,0.44942126,0.8125,0.5505787,41.56,3.382127227783201,-10.8978727722168,False,completo,True
817,2801009,SE,Nordeste,124,0.44947854,0.3548387096774194,0.5505215,45.54,-0.5921469116210929,-13.542146911621096,True,completo,True
818,1502707,PA,Norte,506,0.44952935,0.5158102766798419,0.55047065,45.08,-0.12706573486327954,-13.237065734863279,True,completo,True
819,4301636,RS,Sul,163,0.44968522,0.44785276073619634,0.5503148,61.97,-17.001478881835936,-23.76147888183594,True,completo,False
820,2705804,AL,Nordeste,139,0.45007908,0.3597122302158273,0.5499209,41.05,3.9579078674316435,-10.49209213256836,False,completo,False
821,2514651,PB,Nordeste,20,0.45020542,0.3,0.54979455,46.27,-1.2494578552246125,-13.93945785522461,True,completo,True
822,2505808,PB,Nordeste,35,0.45025036,0.6,0.5497496,16.94,28.085035858154296,9.535035858154295,False,completo,False
823,2101400,MA,Nordeste,1244,0.45033962,0.3963022508038585,0.5496604,46.12,-1.086037750244138,-13.82603775024414,True,completo,True
824,2103174,MA,Nordeste,178,0.45043698,0.3707865168539326,0.54956305,46.3,-1.2563026428222628,-13.936302642822262,True,completo,True
825,2400901,RN,Nordeste,48,0.45044765,0.5,0.5495523,32.45,12.594765472412107,-4.285234527587889,False,completo,True
826,4322509,RS,Sul,716,0.4504661,0.41899441340782123,0.5495339,68.24,-23.19339202880859,-27.50339202880859,True,completo,True
827,1200336,AC,Norte,215,0.45051533,0.386046511627907,0.54948467,,,-8.38846725463867,False,ausente,False
828,4307708,RS,Sul,635,0.45088935,0.46614173228346456,0.54911065,66.11,-21.021064147949218,-26.16106414794922,True,completo,True
829,1504059,PA,Norte,367,0.45099995,0.4713896457765668,0.549,51.07,-5.970005340576172,-16.920005340576175,True,completo,False
830,1500602,PA,Norte,1559,0.4510437,0.4573444515715202,0.5489563,52.09,-6.985629882812503,-17.5656298828125,True,completo,True
831,2402808,RN,Nordeste,40,0.45106548,0.325,0.5489345,46.85,-1.7434516906738295,-14.233451690673832,True,completo,True
832,2803104,SE,Nordeste,20,0.45110053,0.35,0.5488995,26.4,18.710054016113283,0.6300540161132844,False,completo,True
833,4318200,RS,Sul,247,0.45135173,0.44129554655870445,0.54864824,60.65,-15.514826202392577,-22.794826202392585,True,completo,True
834,2904605,BA,Nordeste,548,0.45157042,0.4215328467153285,0.5484296,57.7,-12.542956542968753,-20.972956542968745,True,completo,True
835,2803500,SE,Nordeste,757,0.4516468,0.37780713342140027,0.5483532,42.31,2.854680480957029,-11.18531951904297,False,completo,False
836,1302504,AM,Norte,1280,0.45166144,0.403125,0.54833853,49.77,-4.603854675292972,-16.04385467529297,True,completo,True
837,2404002,RN,Nordeste,44,0.4518216,0.5227272727272727,0.54817843,27.09,18.092159423828125,0.11215942382812472,False,completo,True
838,1505494,PA,Norte,57,0.45204332,0.43859649122807015,0.5479567,40.66,4.5443342590332065,-10.025665740966794,False,completo,False
839,2800100,SE,Nordeste,10,0.4520707,0.5,0.5479293,47.31,-2.102930603027346,-14.432930603027344,True,completo,True
840,1709807,TO,Norte,14,0.4525964,0.21428571428571427,0.5474036,34.46,10.799639739990234,-5.580360260009769,False,completo,True
841,1703057,TO,Norte,45,0.4526394,0.37777777777777777,0.5473606,42.34,2.9239389038085903,-11.106061096191404,False,completo,True
842,1304401,AM,Norte,257,0.45273182,0.44357976653696496,0.54726815,,,-13.796818084716797,False,completo,True
843,4312377,RS,Sul,33,0.45284063,0.36363636363636365,0.5471594,66.01,-20.72593856811524,-25.905938568115232,True,completo,True
844,2708709,AL,Nordeste,155,0.45328093,0.5032258064516129,0.5467191,41.31,4.018094482421873,-10.351905517578125,False,completo,True
845,2804458,SE,Nordeste,46,0.4533103,0.5869565217391305,0.5466897,44.57,0.761031799316406,-12.518968200683595,False,completo,True
846,1303106,AM,Norte,304,0.45331675,0.3782894736842105,0.54668325,56.11,-10.778323516845703,-19.8283235168457,True,completo,True
847,2509057,PB,Nordeste,129,0.4536992,0.21705426356589147,0.54630077,70.7,-25.330081176757815,-28.700081176757806,True,completo,True
848,1702208,TO,Norte,312,0.45374757,0.5064102564102564,0.5462524,41.9,3.4747558593750014,-10.695244140625,False,completo,True
849,4305124,RS,Sul,41,0.4538288,0.3902439024390244,0.5461712,75.82,-30.437118835449212,-31.89711883544922,True,completo,True
850,1503507,PA,Norte,198,0.45402655,0.5050505050505051,0.5459734,50.89,-5.487343444824219,-16.507343444824215,True,completo,True
851,4314506,RS,Sul,81,0.4542258,0.4567901234567901,0.5457742,69.19,-23.767419281005857,-27.707419281005855,True,completo,True
852,2929503,BA,Nordeste,269,0.45493612,0.46096654275092935,0.54506385,54.89,-9.396389617919922,-18.906389617919928,True,completo,True
853,2921104,BA,Nordeste,226,0.45499548,0.4690265486725664,0.5450045,56.17,-10.670450134277345,-19.69045013427734,True,completo,True
854,2706208,AL,Nordeste,80,0.45501155,0.5125,0.54498845,40.59,4.911155853271481,-9.688844146728513,False,completo,True
855,5003306,MS,Centro-Oeste,467,0.45504096,0.3961456102783726,0.54495907,45.99,-0.48590301513672074,-13.27590301513672,True,completo,True
856,2914208,BA,Nordeste,26,0.45505542,0.6538461538461539,0.5449446,46.57,-1.0644572448730472,-13.654457244873043,True,completo,False
857,3301702,RJ,Sudeste,6581,0.45517987,0.45661753532897736,0.54482013,52.5,-6.982013702392578,-17.40201370239258,True,completo,True
858,2921450,BA,Nordeste,78,0.45518175,0.46153846153846156,0.5448183,56.77,-11.251826782226566,-20.041826782226565,True,completo,True
859,5103353,MT,Centro-Oeste,583,0.45518768,0.5471698113207547,0.5448123,42.31,3.2087683105468727,-10.831231689453126,False,completo,False
860,2902807,BA,Nordeste,265,0.45520437,0.4716981132075472,0.54479563,52.87,-7.349564666748044,-17.629564666748045,True,completo,False
861,1720309,TO,Norte,49,0.45521355,0.5918367346938775,0.54478645,33.77,11.751354675292966,-4.7986453247070315,False,completo,True
862,4303004,RS,Sul,506,0.45523608,0.4031620553359684,0.5447639,61.21,-15.686390838623048,-22.746390838623043,True,completo,True
863,1718501,TO,Norte,48,0.4552697,0.5,0.5447303,8.25,37.27696990966797,21.36696990966797,False,completo,False
864,4306502,RS,Sul,105,0.45540237,0.44761904761904764,0.5445976,63.01,-17.469762573242186,-23.829762573242192,True,completo,True
865,2201960,PI,Nordeste,94,0.45568308,0.425531914893617,0.5443169,40.07,5.498309783935547,-9.261690216064451,False,completo,True
866,5007109,MS,Centro-Oeste,419,0.4557743,0.42720763723150357,0.5442257,41.16,4.41743072509766,-10.002569274902342,False,completo,True
867,2701209,AL,Nordeste,157,0.455819,0.5414012738853503,0.544181,37.62,7.961901550292971,-7.538098449707029,False,completo,True
868,2101509,MA,Nordeste,120,0.45592397,0.525,0.544076,47.68,-2.0876042175292966,-14.2876042175293,True,completo,False
869,1713700,TO,Norte,26,0.45605257,0.46153846153846156,0.54394746,36.45,9.155258941650388,-6.6847410583496085,False,completo,True
870,2410504,RN,Nordeste,33,0.45611113,0.3939393939393939,0.54388887,59.65,-14.038885498046874,-21.708885498046868,True,completo,True
871,1504000,PA,Norte,256,0.45645323,0.4921875,0.5435468,52.92,-7.274675292968752,-17.53467529296875,True,completo,True
872,2501575,PB,Nordeste,61,0.4570001,0.4918032786885246,0.54299986,35.21,10.49001220703125,-5.689987792968751,False,completo,True
873,1600303,AP,Norte,6536,0.4570435,0.4548653610771114,0.5429565,49.2,-3.495650482177737,-15.135650482177738,True,completo,True
874,2209658,PI,Nordeste,57,0.45734417,0.3684210526315789,0.5426558,40.51,5.224416961669924,-9.39558303833008,False,completo,True
875,2906600,BA,Nordeste,120,0.45794246,0.4166666666666667,0.5420575,52.13,-6.335753326416018,-16.895753326416013,True,completo,True
876,2904001,BA,Nordeste,96,0.45808062,0.4895833333333333,0.54191935,50.69,-4.88193649291992,-15.981936492919921,True,completo,True
877,1703891,TO,Norte,34,0.4581177,0.23529411764705882,0.5418823,40.93,4.881767578125,-9.598232421874997,False,completo,True
878,2411056,RN,Nordeste,38,0.458218,0.34210526315789475,0.541782,,,,False,completo,False
879,2927309,BA,Nordeste,201,0.4584757,0.4577114427860697,0.5415243,53.07,-7.222427673339844,-17.432427673339845,True,completo,True
880,2917334,BA,Nordeste,94,0.4587581,0.2553191489361702,0.5412419,54.11,-8.234191284179687,-18.04419128417969,True,completo,False
881,5007901,MS,Centro-Oeste,726,0.45891973,0.38980716253443526,0.54108024,42.85,3.041971588134764,-10.818028411865235,False,completo,False
882,2203255,PI,Nordeste,41,0.4589307,0.2682926829268293,0.54106927,39.57,6.323070220947265,-8.586929779052731,False,completo,True
883,2918803,BA,Nordeste,110,0.4589646,0.45454545454545453,0.5410354,52.04,-6.1435423278808585,-16.733542327880862,True,completo,False
884,2503555,PB,Nordeste,105,0.4589752,0.47619047619047616,0.5410248,39.49,6.407518157958982,-8.532481842041015,False,completo,True
885,2502102,PB,Nordeste,50,0.4590493,0.48,0.54095066,35.73,10.174930114746097,-5.865069885253909,False,completo,True
886,1200393,AC,Norte,87,0.4591302,0.40229885057471265,0.54086983,,,-8.716978912353518,False,ausente,False
887,2926400,BA,Nordeste,198,0.45930627,0.5252525252525253,0.54069376,48.17,-2.239374084472658,-14.259374084472654,True,completo,True
888,2913507,BA,Nordeste,108,0.459337,0.3148148148148148,0.540663,54.55,-8.61629943847656,-18.266299438476565,True,completo,False
889,2702801,AL,Nordeste,157,0.45938975,0.4968152866242038,0.54061025,41.5,4.438976287841797,-9.8610237121582,False,completo,True
890,4311205,RS,Sul,132,0.45962682,0.4166666666666667,0.5403732,,,-10.327319183349609,False,completo,False
891,2514602,PB,Nordeste,31,0.45984074,0.2903225806451613,0.5401592,18.06,27.924073638916017,9.304073638916016,False,completo,True
892,2508109,PB,Nordeste,30,0.45987633,0.6,0.5401237,32.22,13.767632751464845,-3.172367248535153,False,completo,True
893,1707405,TO,Norte,99,0.45995682,0.47474747474747475,0.5400432,47.0,-1.0043182373046875,-13.434318237304687,True,completo,True
894,2201101,PI,Nordeste,122,0.46003088,0.45081967213114754,0.5399691,47.14,-1.1369100952148443,-13.516910095214847,True,completo,True
895,2920502,BA,Nordeste,179,0.46011174,0.43575418994413406,0.53988826,57.02,-11.008826751708988,-19.708826751708983,True,completo,False
896,1711803,TO,Norte,36,0.46031082,0.5,0.5396892,42.09,3.941082153320309,-10.16891784667969,False,completo,False
897,4306106,RS,Sul,535,0.46053815,0.5626168224299065,0.53946185,61.17,-15.11618606567383,-22.186186065673823,True,completo,False
898,3302007,RJ,Sudeste,1455,0.46109313,0.41993127147766324,0.5389069,48.08,-1.9706860351562483,-14.020686035156253,True,completo,True
899,2111052,MA,Nordeste,109,0.4615934,0.44954128440366975,0.5384066,40.36,5.799339904785157,-8.870660095214845,False,completo,True
900,4311627,RS,Sul,80,0.46187168,0.3875,0.5381283,69.56,-23.37283187866211,-27.17283187866211,True,completo,True
901,4311429,RS,Sul,24,0.4619105,0.6666666666666666,0.5380895,,,-21.33895233154297,False,completo,False
902,2933406,BA,Nordeste,100,0.46202505,0.45,0.53797495,57.82,-11.617496795654297,-19.9974967956543,True,completo,True
903,4317301,RS,Sul,253,0.46263564,0.4624505928853755,0.53736436,59.99,-13.72643493652344,-21.26643493652344,True,completo,True
904,4318002,RS,Sul,492,0.4626725,0.4715447154471545,0.5373275,67.78,-21.512749938964845,-26.00274993896484,True,completo,True
905,3300308,RJ,Sudeste,712,0.46269023,0.48735955056179775,0.53730977,50.89,-4.620976104736329,-15.640976104736325,True,completo,True
906,2613404,PE,Nordeste,244,0.46367082,0.38934426229508196,0.53632915,47.83,-1.4629193115234358,-13.602919311523436,True,completo,True
907,2409407,RN,Nordeste,210,0.4637662,0.4095238095238095,0.5362338,45.25,1.126617431640625,-11.923382568359372,False,completo,False
908,2514909,PB,Nordeste,60,0.46400562,0.48333333333333334,0.5359944,44.17,2.2305622863769514,-11.18943771362305,False,completo,False
909,2922003,BA,Nordeste,392,0.46405503,0.47959183673469385,0.53594494,54.16,-7.754497680664059,-17.544497680664065,True,completo,False
910,2705408,AL,Nordeste,90,0.46416453,0.3111111111111111,0.5358355,42.02,4.396454315185544,-9.733545684814452,False,completo,True
911,2606408,PE,Nordeste,447,0.4644175,0.42953020134228187,0.53558254,48.26,-1.8182504272460918,-13.808250427246094,True,completo,True
912,4301602,RS,Sul,898,0.46452087,0.4309576837416481,0.5354791,64.98,-18.527912597656254,-24.107912597656252,True,completo,False
913,2100550,MA,Nordeste,102,0.46460494,0.43137254901960786,0.535395,30.17,16.290494995117186,-1.1095050048828128,False,completo,False
914,2909505,BA,Nordeste,55,0.46469298,0.34545454545454546,0.53530705,61.09,-14.620700683593753,-21.730700683593753,True,completo,True
915,2400604,RN,Nordeste,52,0.46478444,0.40384615384615385,0.53521556,17.02,29.458443145751954,10.908443145751953,False,completo,False
916,4305173,RS,Sul,82,0.46479937,0.4268292682926829,0.5352006,61.22,-14.74006149291992,-21.790061492919918,True,completo,True
917,5000708,MS,Centro-Oeste,405,0.46486738,0.4148148148148148,0.53513265,34.56,11.926740112304685,-4.423259887695309,False,completo,False
918,1703826,TO,Norte,25,0.46491605,0.64,0.53508395,34.72,11.77160385131836,-4.538396148681642,False,completo,True
919,4309654,RS,Sul,63,0.46499842,0.36507936507936506,0.5350016,71.75,-25.25015640258789,-28.22015640258789,True,completo,True
920,2705705,AL,Nordeste,276,0.46507627,0.4528985507246377,0.53492373,46.38,0.12762557983398182,-12.522374420166017,False,completo,True
921,1703800,TO,Norte,113,0.46526176,0.504424778761062,0.53473824,,,-15.063823547363285,False,completo,True
922,1508035,PA,Norte,193,0.46530223,0.3626943005181347,0.5346978,53.63,-7.099776153564456,-17.099776153564456,True,completo,True
923,4320008,RS,Sul,1388,0.4653618,0.48054755043227665,0.53463817,62.6,-16.063821411132814,-22.573821411132812,True,completo,True
924,2904803,BA,Nordeste,50,0.4657339,0.5,0.5342661,53.62,-7.046612854003904,-17.046612854003904,True,completo,False
925,4321501,RS,Sul,438,0.465947,0.4863013698630137,0.53405297,65.68,-19.085300140380866,-24.395300140380854,True,completo,True
926,2600609,PE,Nordeste,171,0.4661631,0.5380116959064327,0.5338369,48.79,-2.173689880371093,-13.963689880371092,True,completo,False
927,4204178,SC,Sul,26,0.46616846,0.5,0.53383154,36.07,10.546847991943359,-5.393152008056639,False,completo,True
928,2706901,AL,Nordeste,528,0.46635446,0.4602272727272727,0.5336455,44.11,2.525444641113282,-10.914555358886716,False,completo,True
929,2204659,PI,Nordeste,148,0.46635905,0.33783783783783783,0.533641,46.17,0.46590621948242017,-12.264093780517577,False,completo,False
930,1500958,PA,Norte,216,0.46662697,0.5555555555555556,0.533373,40.81,5.852696838378904,-8.667303161621092,False,completo,True
931,1101757,RO,Norte,115,0.46676525,0.5565217391304348,0.5332347,43.54,3.1365251159667977,-10.493474884033205,False,completo,True
932,2609303,PE,Nordeste,166,0.4668718,0.5783132530120482,0.5331282,42.17,4.517179565429686,-9.57282043457031,False,completo,True
933,4317509,RS,Sul,612,0.46705374,0.43137254901960786,0.5329462,66.92,-20.214624328613283,-25.04462432861328,True,completo,True
934,2208601,PI,Nordeste,50,0.46706188,0.48,0.5329381,20.78,25.926188201904296,7.2961882019043,False,completo,True
935,4300406,RS,Sul,501,0.4671533,0.45109780439121755,0.5328467,,,,False,completo,True
936,1303700,AM,Norte,555,0.4677532,0.418018018018018,0.5322468,63.05,-16.27467803955078,-22.614678039550782,True,completo,True
937,1502756,PA,Norte,250,0.46778435,0.544,0.53221565,46.82,-0.041565246582031534,-12.541565246582032,True,completo,True
938,2414001,RN,Nordeste,137,0.46794462,0.40145985401459855,0.5320554,48.84,-2.0455358886718784,-13.825535888671872,True,completo,True
939,2102507,MA,Nordeste,72,0.46804708,0.3194444444444444,0.5319529,57.7,-10.895293426513675,-19.325293426513667,True,completo,True
940,1200344,AC,Norte,189,0.46829182,0.43386243386243384,0.5317082,,,-9.64081832885742,False,ausente,True
941,1504976,PA,Norte,182,0.46831572,0.532967032967033,0.5316843,50.09,-3.2584265136718784,-14.578426513671872,True,completo,True
942,2901304,BA,Nordeste,136,0.46836132,0.47794117647058826,0.5316387,50.48,-3.64386795043945,-14.813867950439452,True,completo,True
943,4321204,RS,Sul,489,0.46859264,0.45194274028629855,0.53140736,66.57,-19.710735626220696,-24.670735626220704,True,completo,True
944,2209872,PI,Nordeste,45,0.4687091,0.4444444444444444,0.5312909,34.14,12.73091064453125,-3.7290893554687514,False,completo,True
945,3162450,MG,Sudeste,62,0.46876198,0.3387096774193548,0.531238,47.08,-0.20380218505859204,-12.60380218505859,True,completo,True
946,2109502,MA,Nordeste,283,0.46880284,0.5335689045936396,0.5311972,,,-15.64971664428711,False,completo,True
947,4311775,RS,Sul,50,0.46883512,0.38,0.5311649,,,,False,completo,True
948,4310538,RS,Sul,53,0.46933845,0.37735849056603776,0.5306616,62.43,-15.496154479980468,-22.076154479980474,True,completo,True
949,4302709,RS,Sul,186,0.469471,0.5,0.530529,55.99,-9.042898406982424,-18.13289840698242,True,completo,False
950,4318507,RS,Sul,242,0.46971515,0.43388429752066116,0.5302849,58.23,-11.258484344482419,-19.478484344482425,True,completo,True
951,2103802,MA,Nordeste,170,0.4700463,0.4411764705882353,0.5299537,46.62,0.3846310424804713,-12.185368957519529,False,completo,True
952,2401107,RN,Nordeste,176,0.4701539,0.42613636363636365,0.5298461,56.82,-9.804611511230469,-18.574611511230472,True,completo,False
953,2701803,AL,Nordeste,157,0.47063863,0.3885350318471338,0.52936137,49.37,-2.3061381530761693,-13.886138153076175,True,completo,True
954,2913002,BA,Nordeste,91,0.47096848,0.37362637362637363,0.5290315,65.11,-18.013152465820312,-23.543152465820313,True,completo,True
955,1702158,TO,Norte,63,0.47117385,0.38095238095238093,0.5288261,44.23,2.8873858642578156,-10.51261413574219,False,completo,True
956,2931004,BA,Nordeste,97,0.47144848,0.4742268041237113,0.5285515,62.26,-15.115152130126951,-21.76515213012695,True,completo,True
957,4321303,RS,Sul,226,0.4715218,0.26548672566371684,0.5284782,54.6,-7.447820281982423,-17.06782028198242,True,completo,False
958,1304005,AM,Norte,181,0.47156262,0.43646408839779005,0.5284374,,,-6.7537385559082,False,completo,True
959,2516102,PB,Nordeste,111,0.47171086,0.46846846846846846,0.52828914,40.39,6.781085357666015,-7.8789146423339815,False,completo,False
960,4323457,RS,Sul,32,0.47203386,0.4375,0.52796614,54.11,-6.906615600585937,-16.71661560058594,True,completo,True
961,1703867,TO,Norte,57,0.47212088,0.5263157894736842,0.5278791,22.48,24.73208953857422,6.192089538574216,False,completo,True
962,2500601,PB,Nordeste,216,0.4722264,0.3101851851851852,0.5277736,61.09,-13.867359008789066,-20.977359008789065,True,completo,True
963,4203402,SC,Sul,63,0.47225764,0.4603174603174603,0.5277424,47.83,-0.6042347717285139,-12.744234771728514,True,completo,True
964,2501153,PB,Nordeste,22,0.47230598,0.36363636363636365,0.527694,32.22,15.010598449707032,-1.9294015502929653,False,completo,True
965,3302601,RJ,Sudeste,429,0.4726508,0.4172494172494173,0.52734923,52.84,-5.574920501708988,-15.864920501708987,True,completo,False
966,2904308,BA,Nordeste,147,0.47275087,0.47619047619047616,0.5272491,57.86,-10.58491455078125,-18.954914550781254,True,completo,True
967,2205557,PI,Nordeste,94,0.4728046,0.5851063829787234,0.5271954,28.81,18.470460357666017,0.8004603576660188,False,completo,True
968,2807303,SE,Nordeste,38,0.4731257,0.42105263157894735,0.5268743,24.28,23.03256866455078,4.662568664550783,False,completo,False
969,2706703,AL,Nordeste,623,0.4732051,0.4301765650080257,0.5267949,47.02,0.3005108642578094,-12.12948913574219,False,completo,True
970,4310603,RS,Sul,327,0.47331533,0.4892966360856269,0.52668464,,,,False,completo,True
971,4317103,RS,Sul,680,0.47343162,0.4764705882352941,0.5265684,54.72,-7.376837463378905,-16.956837463378903,True,completo,False
972,3305554,RJ,Sudeste,980,0.47344467,0.5091836734693878,0.5265553,51.95,-4.605532836914065,-15.225532836914063,True,completo,True
973,4309050,RS,Sul,68,0.47353345,0.3382352941176471,0.52646655,67.53,-20.176656036376954,-24.756656036376953,True,completo,True
974,4313656,RS,Sul,151,0.47373876,0.4966887417218543,0.5262612,57.88,-10.506125335693362,-18.866125335693354,True,completo,True
975,4313490,RS,Sul,35,0.47403145,0.37142857142857144,0.52596855,65.03,-17.62685516357422,-23.186855163574222,True,completo,True
976,4306601,RS,Sul,312,0.47421655,0.4807692307692308,0.5257834,61.19,-13.768346252441404,-20.83834625244141,True,completo,False
977,2112100,MA,Nordeste,293,0.47423655,0.44368600682593856,0.52576345,47.97,-0.546343536376952,-12.636343536376955,True,completo,False
978,2922755,BA,Nordeste,49,0.47431833,0.4897959183673469,0.5256817,55.22,-7.788168640136718,-17.178168640136718,True,completo,True
979,4311718,RS,Sul,50,0.47432214,0.5,0.52567786,69.08,-21.647787170410155,-25.63778717041015,True,completo,True
980,2706604,AL,Nordeste,78,0.4744826,0.38461538461538464,0.5255174,43.67,3.7782612609863264,-9.81173873901367,False,completo,True
981,4307005,RS,Sul,929,0.47463644,0.4682454251883746,0.52536356,64.31,-16.846357879638674,-22.69635787963867,True,completo,True
982,4311734,RS,Sul,36,0.47466797,0.5555555555555556,0.52533203,68.47,-21.003203125,-25.223203124999998,True,completo,True
983,2915700,BA,Nordeste,68,0.47476202,0.36764705882352944,0.525238,63.04,-15.563796081542968,-21.903796081542964,True,completo,True
984,2919058,BA,Nordeste,58,0.47477132,0.43103448275862066,0.5252287,59.2,-11.722869110107425,-19.562869110107428,True,completo,False
985,4304705,RS,Sul,547,0.47477642,0.46617915904936014,0.5252236,66.52,-19.042357940673824,-24.022357940673828,True,completo,True
986,4304689,RS,Sul,85,0.4747788,0.5294117647058824,0.5252212,69.65,-22.172121429443365,-25.94212142944336,True,completo,True
987,1702406,TO,Norte,85,0.47519353,0.611764705882353,0.5248065,41.11,6.409351959228516,-8.020648040771484,False,completo,True
988,4302303,RS,Sul,128,0.4755287,0.4140625,0.5244713,73.75,-26.197132110595703,-28.407132110595697,True,completo,True
989,4301057,RS,Sul,136,0.47560143,0.47058823529411764,0.52439857,69.49,-21.92985748291015,-25.75985748291015,True,completo,True
990,2501005,PB,Nordeste,133,0.47561365,0.40601503759398494,0.52438635,41.93,5.63136703491211,-8.528632965087894,False,completo,True
991,2706422,AL,Nordeste,91,0.47584257,0.5714285714285714,0.5241574,47.56,0.0242552185058571,-12.215744781494138,False,completo,True
992,2704401,AL,Nordeste,190,0.47595263,0.37894736842105264,0.5240474,46.33,1.2652606201171892,-11.404739379882812,False,completo,True
993,4315503,RS,Sul,117,0.47597593,0.4444444444444444,0.52402407,51.07,-3.472408599853516,-14.432408599853517,True,completo,True
994,1718881,TO,Norte,41,0.47599304,0.4146341463414634,0.52400696,31.78,15.819304199218749,-1.2206958007812503,False,completo,False
995,2930006,BA,Nordeste,59,0.47621667,0.423728813559322,0.5237833,62.51,-14.888334045410154,-21.43833404541016,True,completo,False
996,3550704,SP,Sudeste,985,0.47628638,0.43959390862944164,0.5237136,45.57,2.058639221191406,-10.881360778808592,False,parcial,True
997,1709500,TO,Norte,752,0.47659203,0.5425531914893617,0.52340794,50.17,-2.510797424316408,-13.800797424316407,True,completo,True
998,2202059,PI,Nordeste,84,0.47664055,0.5238095238095238,0.5233594,26.93,20.73405487060547,2.734054870605469,False,completo,True
999,1303502,AM,Norte,207,0.4767318,0.4927536231884058,0.5232682,45.33,2.3431796264648455,-10.676820373535158,False,completo,True
1000,2208502,PI,Nordeste,155,0.47745135,0.36129032258064514,0.5225487,46.38,1.3651362609863256,-11.284863739013673,False,completo,True
1001,4311122,RS,Sul,42,0.47754207,0.38095238095238093,0.52245796,70.35,-22.59579238891601,-26.09579238891601,True,completo,True
1002,2515609,PB,Nordeste,29,0.47760737,0.4827586206896552,0.52239263,24.28,23.480738372802733,5.110738372802736,False,completo,True
1003,2917201,BA,Nordeste,191,0.47772115,0.4397905759162304,0.52227885,61.25,-13.477886199951172,-20.517886199951178,True,completo,True
1004,1503044,PA,Norte,228,0.47785214,0.6710526315789473,0.5221479,53.03,-5.244786529541017,-15.464786529541016,True,completo,False
1005,2210383,PI,Nordeste,15,0.4779226,0.8,0.52207744,31.36,16.432259216308594,-0.7077407836914062,False,completo,False
1006,2111003,MA,Nordeste,89,0.47808906,0.5955056179775281,0.5219109,36.65,11.158906555175783,-4.6210934448242185,False,completo,True
1007,4218004,SC,Sul,100,0.47812405,0.34,0.521876,,,,False,completo,True
1008,1600279,AP,Norte,539,0.47833112,0.4007421150278293,0.5216689,45.64,2.1931108093261713,-10.716889190673825,False,completo,False
1009,4305439,RS,Sul,33,0.47868598,0.45454545454545453,0.521314,54.93,-7.0614010620117185,-16.561401062011726,True,completo,True
1010,1712405,TO,Norte,21,0.4787357,0.19047619047619047,0.5212643,48.57,-0.6964305114746097,-12.566430511474607,True,completo,True
1011,2412500,RN,Nordeste,217,0.4787417,0.4470046082949309,0.5212583,46.13,1.7441722106933568,-10.995827789306638,False,completo,True
1012,1720655,TO,Norte,75,0.4787649,0.36,0.5212351,41.52,6.356487731933591,-7.9435122680664065,False,completo,True
1013,2910776,BA,Nordeste,66,0.47902954,0.45454545454545453,0.52097046,59.76,-11.857045898437498,-19.4870458984375,True,completo,True
1014,2506301,PB,Nordeste,422,0.47924924,0.5924170616113744,0.52075076,42.78,5.144922943115233,-8.745077056884767,False,completo,True
1015,2513604,PB,Nordeste,38,0.47940168,0.5263157894736842,0.5205983,39.63,8.31016647338867,-6.579833526611331,False,completo,True
1016,4202305,SC,Sul,581,0.4795422,0.459552495697074,0.5204578,,,,False,completo,True
1017,2108702,MA,Nordeste,219,0.47991002,0.639269406392694,0.52009,32.07,15.92100112915039,-1.0489988708496085,False,completo,True
1018,4113254,PR,Sul,93,0.48016366,0.4731182795698925,0.5198363,,,-11.183634948730472,False,completo,True
1019,3303807,RJ,Sudeste,415,0.48051655,0.4891566265060241,0.51948345,55.55,-7.498345184326169,-16.758345184326174,True,completo,True
1020,2502607,PB,Nordeste,49,0.4805814,0.7959183673469388,0.5194186,36.1,11.95813980102539,-3.9718601989746105,False,completo,True
1021,2111532,MA,Nordeste,157,0.48127502,0.5668789808917197,0.518725,39.87,8.257502441406253,-6.562497558593748,False,completo,True
1022,2400109,RN,Nordeste,93,0.481323,0.3870967741935484,0.518677,49.84,-1.7076986694335972,-13.117698669433594,True,completo,True
1023,1718451,TO,Norte,22,0.4816589,0.4090909090909091,0.51834106,27.85,20.315889739990233,2.4758897399902366,False,completo,True
1024,2205599,PI,Nordeste,27,0.4816641,0.6296296296296297,0.51833594,18.93,29.23640853881836,10.586408538818361,False,completo,True
1025,1720903,TO,Norte,173,0.48166952,0.42196531791907516,0.51833045,44.76,3.40695022583008,-9.813049774169919,False,completo,True
1026,2507903,PB,Nordeste,110,0.48172852,0.4636363636363636,0.51827145,55.28,-7.107148437500001,-16.477148437500006,True,completo,True
1027,1502954,PA,Norte,292,0.4817958,0.5136986301369864,0.5182042,57.37,-9.190419311523435,-17.750419311523444,True,completo,True
1028,4302808,RS,Sul,275,0.48197594,0.48727272727272725,0.5180241,58.95,-10.752406311035159,-18.702406311035162,True,completo,False
1029,1100346,RO,Norte,144,0.4820333,0.6875,0.5179667,36.33,11.873330993652345,-3.996669006347659,False,completo,True
1030,5005152,MS,Centro-Oeste,160,0.4820481,0.48125,0.5179519,29.82,18.384811096191406,0.9148110961914071,False,completo,True
1031,1507706,PA,Norte,377,0.48218417,0.47480106100795755,0.5178158,53.3,-5.0815818786621065,-15.201581878662111,True,completo,True
1032,2504900,PB,Nordeste,115,0.4822385,0.4782608695652174,0.51776147,60.34,-12.116149749755863,-19.516149749755854,True,completo,True
1033,2806008,SE,Nordeste,111,0.48250374,0.4144144144144144,0.5174962,40.54,7.710373840332032,-6.899626159667967,False,completo,False
1034,2406403,RN,Nordeste,27,0.48271924,0.2962962962962963,0.51728076,47.75,0.5219230651855469,-11.648076934814455,False,completo,True
1035,2111078,MA,Nordeste,161,0.48299104,0.5341614906832298,0.51700896,31.6,16.699102783203124,-0.3808972167968747,False,completo,True
1036,1710904,TO,Norte,45,0.48302397,0.5333333333333333,0.516976,41.84,6.462398681640622,-7.737601318359374,False,completo,True
1037,2109205,MA,Nordeste,82,0.48313978,0.5853658536585366,0.51686025,43.48,4.833980102539066,-8.81601989746094,False,completo,True
1038,1505700,PA,Norte,296,0.4831752,0.5844594594594594,0.51682484,45.11,3.207520141601563,-9.892479858398438,False,completo,True
1039,2511202,PB,Nordeste,376,0.48335454,0.48936170212765956,0.51664543,43.85,4.485453033447264,-9.044546966552737,False,completo,True
1040,2905008,BA,Nordeste,196,0.48359895,0.47959183673469385,0.51640105,56.48,-8.120106201171872,-17.02010620117187,True,completo,True
1041,2414308,RN,Nordeste,15,0.48364595,0.4,0.5163541,27.96,20.404593505859374,2.574593505859376,False,completo,True
1042,1720978,TO,Norte,31,0.4836897,0.7419354838709677,0.51631033,,,,False,completo,False
1043,5107776,MT,Centro-Oeste,80,0.48401934,0.4,0.51598066,46.1,2.3019355773925767,-10.448064422607423,False,completo,True
1044,2514107,PB,Nordeste,33,0.48404756,0.48484848484848486,0.51595247,43.34,5.064754638671872,-8.635245361328124,False,completo,True
1045,2414100,RN,Nordeste,99,0.48416322,0.5252525252525253,0.5158368,48.81,-0.3936791992187523,-12.173679199218753,True,completo,True
1046,1506005,PA,Norte,452,0.48416835,0.4446902654867257,0.51583165,61.1,-12.683164215087892,-19.783164215087893,True,completo,True
1047,2709103,AL,Nordeste,239,0.484179,0.39330543933054396,0.515821,49.8,-1.3820999145507784,-12.812099914550778,True,completo,False
1048,2102325,MA,Nordeste,708,0.48426414,0.4350282485875706,0.51573586,45.58,2.8464144897460955,-10.09358551025391,False,completo,True
1049,5001508,MS,Centro-Oeste,128,0.4842879,0.5234375,0.51571214,33.17,15.25878723144531,-1.441212768554685,False,completo,True
1050,3536703,SP,Sudeste,400,0.48429376,0.465,0.51570624,43.06,5.3693746948242165,-8.420625305175783,False,parcial,True
1051,2604205,PE,Nordeste,267,0.4843509,0.2209737827715356,0.5156491,50.3,-1.8649108886718722,-13.104910888671874,True,completo,False
1052,1507961,PA,Norte,72,0.48447397,0.5,0.51552606,48.0,0.4473991394042969,-11.632600860595701,False,completo,True
1053,1719004,TO,Norte,49,0.4852024,0.2857142857142857,0.51479757,53.31,-4.789759216308596,-14.899759216308595,True,completo,False
1054,4209151,SC,Sul,73,0.48527506,0.4657534246575342,0.51472497,43.68,4.847507781982422,-8.742492218017581,False,completo,True
1055,2208403,PI,Nordeste,728,0.4854151,0.5480769230769231,0.5145849,40.06,8.481511535644529,-6.278488464355469,False,completo,True
1056,2708501,AL,Nordeste,398,0.48572755,0.5376884422110553,0.51427245,45.9,2.6727539062500014,-10.157246093749997,False,completo,True
1057,4307104,RS,Sul,44,0.48577544,0.5681818181818182,0.5142245,57.32,-8.742454833984375,-17.32245483398438,True,completo,True
1058,4216503,SC,Sul,285,0.4858469,0.43859649122807015,0.5141531,41.26,7.324690093994143,-7.05530990600586,False,completo,True
1059,3302502,RJ,Sudeste,2969,0.48597175,0.46783428763893564,0.51402825,51.74,-3.1428244018554707,-13.852824401855472,True,completo,True
1060,3303708,RJ,Sudeste,349,0.48598757,0.5128939828080229,0.51401246,54.89,-6.291241302490235,-15.80124130249024,True,completo,True
1061,2106706,MA,Nordeste,216,0.48610428,0.5694444444444444,0.51389575,41.77,6.840427856445309,-7.3795721435546895,False,completo,False
1062,2407708,RN,Nordeste,120,0.48658723,0.44166666666666665,0.5134128,62.22,-13.561278076171874,-20.231278076171876,True,completo,True
1063,1508407,PA,Norte,599,0.48670968,0.49248747913188645,0.5132903,54.82,-6.149032897949219,-15.689032897949218,True,completo,False
1064,3551405,SP,Sudeste,91,0.48681122,0.46153846153846156,0.5131888,31.16,17.521121826171875,0.3411218261718716,False,parcial,True
1065,2104800,MA,Nordeste,987,0.48698688,0.46403242147923,0.5130131,48.35,0.3486885070800767,-11.601311492919919,False,completo,True
1066,4318101,RS,Sul,113,0.48724866,0.6106194690265486,0.51275134,61.82,-13.095135040283203,-19.915135040283204,True,completo,False
1067,2702702,AL,Nordeste,61,0.48744348,0.45901639344262296,0.51255655,44.08,4.6643466186523455,-8.785653381347657,False,completo,True
1068,1505437,PA,Norte,425,0.48747215,0.5341176470588235,0.5125278,53.81,-5.0627847290039085,-14.992784729003908,True,completo,True
1069,2209351,PI,Nordeste,40,0.48749027,0.675,0.5125097,40.02,8.729027252197262,-6.0409727478027335,False,completo,True
1070,4216206,SC,Sul,439,0.48765674,0.5421412300683371,0.5123433,,,,False,completo,True
1071,4311403,RS,Sul,733,0.48778063,0.4829467939972715,0.51221937,75.49,-26.71193527221679,-28.2819352722168,True,completo,True
1072,2108504,MA,Nordeste,399,0.48781657,0.5037593984962406,0.5121834,47.1,1.6816581726074205,-10.718341827392578,False,completo,True
1073,2913408,BA,Nordeste,101,0.48830804,0.42574257425742573,0.5116919,60.96,-12.129197082519532,-19.289197082519536,True,completo,True
1074,1505650,PA,Norte,196,0.4884554,0.5714285714285714,0.5115446,,,-16.074457092285158,False,completo,True
1075,4315305,RS,Sul,243,0.48858127,0.4732510288065844,0.5114187,58.95,-10.091872406005862,-18.041872406005865,True,completo,True
1076,4302907,RS,Sul,71,0.48870128,0.4647887323943662,0.5112987,55.58,-6.709871368408201,-15.959871368408201,True,completo,True
1077,4312401,RS,Sul,651,0.4887541,0.4362519201228879,0.5112459,68.22,-19.344591827392577,-23.664591827392584,True,completo,True
1078,2513901,PB,Nordeste,221,0.48877472,0.4660633484162896,0.5112253,48.44,0.4374719238281273,-11.482528076171874,False,completo,True
1079,4317004,RS,Sul,42,0.488909,0.35714285714285715,0.511091,53.93,-5.039100341796875,-14.919100341796877,True,completo,True
1080,2807006,SE,Nordeste,26,0.48902023,0.46153846153846156,0.5109798,45.06,3.8420233154296852,-9.267976684570314,False,completo,True
1081,2908101,BA,Nordeste,207,0.4890627,0.5169082125603864,0.51093733,53.76,-4.85373092651367,-14.793730926513675,True,completo,True
1082,1508001,PA,Norte,1105,0.4895358,0.4968325791855204,0.5104642,53.23,-4.276417236328122,-14.426417236328128,True,completo,False
1083,2103208,MA,Nordeste,685,0.48971802,0.41751824817518246,0.510282,52.46,-3.488198242187501,-13.928198242187499,True,completo,True
1084,4312708,RS,Sul,136,0.4897674,0.4485294117647059,0.51023257,48.14,0.8367417907714838,-11.193258209228517,False,completo,True
1085,2707008,AL,Nordeste,27,0.4901788,0.48148148148148145,0.5098212,36.18,12.837879486083985,-3.082120513916017,False,completo,True
1086,2924900,BA,Nordeste,56,0.490225,0.42857142857142855,0.50977504,58.12,-9.097500915527341,-17.367500915527344,True,completo,True
1087,4213302,SC,Sul,51,0.4902799,0.5490196078431373,0.5097201,47.14,1.8879922485351557,-10.492007751464847,False,completo,True
1088,4321105,RS,Sul,132,0.4903482,0.5227272727272727,0.5096518,62.14,-13.105179443359376,-19.80517944335938,True,completo,True
1089,2922409,BA,Nordeste,139,0.4904999,0.4892086330935252,0.5095001,61.96,-12.910008392333985,-19.670008392333983,True,completo,True
1090,2401909,RN,Nordeste,51,0.4906135,0.37254901960784315,0.50938654,44.52,4.541347961425778,-8.758652038574219,False,completo,True
1091,4306379,RS,Sul,27,0.49069774,0.5185185185185185,0.50930226,69.35,-20.280225372314447,-24.160225372314457,True,completo,True
1092,1713205,TO,Norte,135,0.49070823,0.4444444444444444,0.50929177,47.63,1.4408236694335912,-10.76917633056641,False,completo,True
1093,2918902,BA,Nordeste,29,0.49088648,0.4827586206896552,0.50911355,61.97,-12.88135025024414,-19.641350250244145,True,completo,True
1094,4321352,RS,Sul,39,0.49091944,0.3076923076923077,0.5090805,68.03,-18.93805435180664,-23.328054351806642,True,completo,True
1095,4201950,SC,Sul,119,0.4909789,0.5126050420168067,0.5090211,,,,False,completo,True
1096,4322202,RS,Sul,177,0.49125683,0.4350282485875706,0.50874317,73.19,-24.06431716918945,-26.484317169189453,True,completo,True
1097,2510204,PB,Nordeste,68,0.49152496,0.38235294117647056,0.50847507,51.47,-2.317503662109374,-13.127503662109376,True,completo,True
1098,2911709,BA,Nordeste,776,0.49185768,0.4639175257731959,0.50814235,53.73,-4.544231872558591,-14.494231872558593,True,completo,False
1099,1200385,AC,Norte,214,0.49186194,0.3691588785046729,0.50813806,,,-1.133804626464844,False,ausente,False
1100,1703701,TO,Norte,63,0.49199298,0.49206349206349204,0.50800705,44.57,4.629298858642578,-8.650701141357423,False,completo,True
1101,2807402,SE,Nordeste,415,0.4922609,0.4650602409638554,0.50773907,47.95,1.2760894775390597,-10.813910522460937,False,completo,False
1102,1702000,TO,Norte,59,0.4925766,0.3898305084745763,0.5074234,50.21,-0.9523400878906259,-12.222340087890622,True,completo,True
1103,1506203,PA,Norte,525,0.49267688,0.5085714285714286,0.50732315,49.14,0.12768875122070256,-11.5423112487793,False,completo,True
1104,4208450,SC,Sul,233,0.49270627,0.5450643776824035,0.5072937,,,,False,completo,True
1105,2102804,MA,Nordeste,252,0.4927711,0.5198412698412699,0.5072289,50.25,-0.9728927612304688,-12.232892761230467,True,completo,False
1106,2404853,RN,Nordeste,65,0.49282977,0.4,0.5071702,60.78,-11.497021942138673,-18.727021942138677,True,completo,False
1107,2414159,RN,Nordeste,52,0.49290732,0.38461538461538464,0.5070927,50.34,-1.0492666625976597,-12.279266662597657,True,completo,False
1108,4302378,RS,Sul,14,0.49298725,0.7142857142857143,0.5070127,60.19,-10.89127487182617,-18.351274871826178,True,completo,False
1109,4300638,RS,Sul,41,0.49316728,0.5609756097560976,0.5068327,72.06,-22.74327331542969,-25.593273315429684,True,completo,False
1110,4322376,RS,Sul,21,0.49319232,0.5714285714285714,0.5068077,62.33,-13.01076705932617,-19.630767059326175,True,completo,True
1111,1704105,TO,Norte,30,0.49328154,0.6666666666666666,0.50671846,30.54,18.788155517578126,1.4681555175781256,False,completo,True
1112,2605202,PE,Nordeste,406,0.49336267,0.3078817733990148,0.50663733,58.74,-9.403734436035158,-17.42373443603516,True,completo,True
1113,3551009,SP,Sudeste,3048,0.49337935,0.4868766404199475,0.50662065,49.01,0.3279364013671895,-11.382063598632811,False,parcial,True
1114,2912301,BA,Nordeste,84,0.49338165,0.5,0.5066184,62.43,-13.091834716796875,-19.67183471679688,True,completo,False
1115,2102150,MA,Nordeste,93,0.493792,0.4946236559139785,0.506208,40.15,9.229199981689455,-5.500800018310549,False,completo,True
1116,3520400,SP,Sudeste,410,0.4938226,0.43414634146341463,0.5061774,49.92,-0.5377406311035173,-11.917740631103513,True,parcial,True
1117,1712454,TO,Norte,47,0.49397224,0.48936170212765956,0.50602776,32.22,17.177224426269532,0.23722442626953466,False,completo,True
1118,2100600,MA,Nordeste,309,0.49405462,0.42071197411003236,0.5059454,51.2,-1.7945396423339872,-12.694539642333986,True,completo,True
1119,4209706,SC,Sul,138,0.4941685,0.5942028985507246,0.5058315,47.04,2.376847229003907,-10.043152770996095,False,completo,True
1120,2205458,PI,Nordeste,45,0.49420488,0.4444444444444444,0.5057951,44.75,4.6704864501953125,-8.549513549804686,False,completo,True
1121,4314175,RS,Sul,20,0.49421912,0.55,0.5057809,67.21,-17.788086853027337,-22.498086853027345,True,completo,True
1122,2701902,AL,Nordeste,56,0.49435487,0.5178571428571429,0.50564516,49.65,-0.21451416015624858,-11.694514160156253,True,completo,False
1123,4306205,RS,Sul,59,0.49448073,0.3728813559322034,0.5055193,70.11,-20.661925659179687,-24.25192565917969,True,completo,True
1124,1301308,AM,Norte,288,0.4947656,0.4930555555555556,0.50523436,49.49,-0.01343750000000199,-11.553437500000001,True,completo,True
1125,2509370,PB,Nordeste,11,0.49491274,0.18181818181818182,0.50508726,46.27,3.2212757873535125,-9.468724212646485,False,completo,True
1126,2705002,AL,Nordeste,120,0.4951826,0.425,0.50481737,46.37,3.1482609558105494,-9.511739044189454,False,completo,True
1127,2100055,MA,Nordeste,1208,0.49537027,0.6291390728476821,0.50462973,45.9,3.6370254516601577,-9.19297454833984,False,completo,False
1128,1703602,TO,Norte,29,0.49560475,0.6896551724137931,0.50439525,36.84,12.72047439575195,-2.999525604248049,False,completo,True
1129,3521002,SP,Sudeste,380,0.49630052,0.4421052631578947,0.5036995,47.07,2.560050659179687,-9.84994934082031,False,parcial,False
1130,2402709,RN,Nordeste,99,0.49651885,0.40404040404040403,0.50348115,63.66,-14.008114013671872,-20.10811401367188,True,completo,True
1131,2514503,PB,Nordeste,134,0.4969994,0.5597014925373134,0.5030006,40.93,8.769939727783203,-5.720060272216799,False,completo,True
1132,1507151,PA,Norte,194,0.49704033,0.39690721649484534,0.50295967,51.56,-1.8559671020507835,-12.62596710205078,True,completo,True
1133,4319737,RS,Sul,13,0.4971377,0.46153846153846156,0.50286233,72.78,-23.066231994628907,-25.646231994628906,True,completo,False
1134,3531100,SP,Sudeste,748,0.49718872,0.42112299465240643,0.5028113,53.74,-4.021127929687502,-13.971127929687498,True,parcial,True
1135,1504208,PA,Norte,2997,0.4972406,0.5128461795128462,0.5027594,56.17,-6.445939941406252,-15.465939941406248,True,completo,True
1136,2410256,RN,Nordeste,40,0.4974433,0.425,0.5025567,61.94,-12.195672454833982,-18.965672454833978,True,completo,True
1137,1502764,PA,Norte,155,0.4975605,0.45161290322580644,0.5024395,55.05,-5.293949890136716,-14.743949890136719,True,completo,True
1138,1702307,TO,Norte,65,0.49771827,0.676923076923077,0.5022817,43.86,5.911827697753907,-7.618172302246094,False,completo,True
1139,2704708,AL,Nordeste,869,0.4978656,0.46029919447640966,0.50213444,46.8,2.986560058593753,-9.523439941406252,False,completo,False
1140,5005004,MS,Centro-Oeste,360,0.49795178,0.5416666666666666,0.50204825,42.02,7.775177459716794,-6.354822540283202,False,completo,True
1141,3530607,SP,Sudeste,4279,0.49821195,0.48118719326945547,0.501788,52.01,-2.1888063049316386,-12.78880630493164,True,parcial,True
1142,2606705,PE,Nordeste,58,0.49824506,0.6206896551724138,0.50175494,45.68,4.144504852294922,-8.755495147705076,False,completo,True
1143,2411502,RN,Nordeste,145,0.49836174,0.3586206896551724,0.5016383,68.69,-18.85382598876953,-22.99382598876953,True,completo,True
1144,2405702,RN,Nordeste,72,0.49837843,0.6388888888888888,0.5016216,33.95,15.887841033935544,-0.622158966064454,False,completo,False
1145,2102754,MA,Nordeste,101,0.498704,0.9108910891089109,0.50129604,42.37,7.500399475097659,-6.519600524902344,False,completo,False
1146,1200054,AC,Norte,103,0.49881792,0.5048543689320388,0.5011821,,,-10.948209838867186,False,ausente,True
1147,4100400,PR,Sul,1101,0.4990884,0.4586739327883742,0.5009116,57.0,-7.091159820556641,-15.791159820556643,True,completo,True
1148,4307807,RS,Sul,260,0.49928108,0.5115384615384615,0.50071895,69.6,-19.671891784667963,-23.46189178466797,True,completo,True
1149,1701002,TO,Norte,145,0.49940717,0.46206896551724136,0.5005928,46.22,3.720715789794923,-8.989284210205078,False,completo,True
1150,4311106,RS,Sul,58,0.4994272,0.603448275862069,0.5005728,67.37,-17.42728149414063,-22.07728149414062,True,completo,False
1151,1706258,TO,Norte,23,0.49957114,0.8260869565217391,0.50042886,36.17,13.787115173339842,-2.1228848266601545,False,completo,True
1152,2916856,BA,Nordeste,166,0.49965048,0.5421686746987951,0.5003495,56.29,-6.324950256347655,-15.304950256347652,True,completo,True
1153,2102309,MA,Nordeste,245,0.49968156,0.5714285714285714,0.5003184,38.42,11.54815490722656,-3.711845092773437,False,completo,True
1154,2502409,PB,Nordeste,83,0.49981716,0.6024096385542169,0.50018287,47.04,2.9417161560058602,-9.478283843994141,False,completo,True
1155,1506583,PA,Norte,246,0.49999076,0.43089430894308944,0.50000924,58.01,-8.01092315673828,-16.320923156738274,True,completo,True
1156,4311270,RS,Sul,25,0.5001682,0.36,0.4998318,64.89,-14.87318099975586,-20.48318099975586,True,completo,True
1157,1506161,PA,Norte,219,0.5001922,0.5570776255707762,0.49980778,47.85,2.169222259521483,-9.960777740478512,False,completo,False
1158,3537602,SP,Sudeste,715,0.5002229,0.4727272727272727,0.49977708,45.94,4.082293090820315,-8.727706909179688,False,parcial,False
1159,3534401,SP,Sudeste,6664,0.5002506,0.4918967587034814,0.49974942,51.47,-1.4449412536621082,-12.25494125366211,True,parcial,True
1160,2706505,AL,Nordeste,172,0.50037557,0.32558139534883723,0.49962443,48.06,1.9775556945800759,-10.08244430541992,False,completo,True
1161,2202901,PI,Nordeste,263,0.5004053,0.376425855513308,0.4995947,53.03,-2.9894688415527355,-13.209468841552734,True,completo,True
1162,2206209,PI,Nordeste,329,0.50045794,0.60790273556231,0.49954206,45.41,4.6357954406738315,-8.364204559326168,False,completo,True
1163,2803807,SE,Nordeste,67,0.50048923,0.373134328358209,0.49951077,46.27,3.7789234924316375,-8.91107650756836,False,completo,False
1164,2926707,BA,Nordeste,122,0.5006649,0.5573770491803278,0.4993351,55.31,-5.2435098266601585,-14.593509826660153,True,completo,False
1165,2504009,PB,Nordeste,2736,0.50074106,0.49159356725146197,0.49925894,48.39,1.6841081237792963,-10.255891876220701,False,completo,True
1166,2201309,PI,Nordeste,27,0.500952,0.5185185185185185,0.499048,44.83,5.265199584960939,-7.934800415039064,False,completo,False
1167,2414803,RN,Nordeste,132,0.5010015,0.44696969696969696,0.49899852,62.26,-12.159852752685545,-18.809852752685543,True,completo,True
1168,2607653,PE,Nordeste,247,0.50103533,0.43724696356275305,0.49896467,53.71,-3.6064653015136727,-13.566465301513674,True,completo,True
1169,4311502,RS,Sul,40,0.5011283,0.45,0.49887168,61.56,-11.447168884277346,-18.367168884277348,True,completo,True
1170,4201307,SC,Sul,562,0.50124973,0.49466192170818507,0.49875027,,,,False,completo,True
1171,2409605,RN,Nordeste,16,0.50127953,0.375,0.49872047,48.13,1.9979525756835912,-10.032047424316403,False,completo,True
1172,1502301,PA,Norte,465,0.50131965,0.4946236559139785,0.49868035,55.77,-5.638034362792972,-14.808034362792966,True,completo,True
1173,4320651,RS,Sul,14,0.50144535,0.35714285714285715,0.49855465,68.83,-18.685464935302733,-22.76546493530273,True,completo,True
1174,4322541,RS,Sul,64,0.5015808,0.40625,0.49841923,76.86,-26.701922760009765,-27.781922760009763,True,completo,True
1175,2111763,MA,Nordeste,133,0.5017847,0.6466165413533834,0.49821532,39.21,10.968466796875,-4.051533203124997,False,completo,True
1176,2516300,PB,Nordeste,132,0.50179154,0.6439393939393939,0.49820846,40.1,10.079153442382811,-4.670846557617189,False,completo,True
1177,4202438,SC,Sul,47,0.50192964,0.2765957446808511,0.49807036,45.49,4.702962646484373,-8.257037353515628,False,completo,False
1178,1301605,AM,Norte,242,0.5019865,0.4793388429752066,0.4980135,,,,False,completo,False
1179,1505106,PA,Norte,538,0.50200075,0.550185873605948,0.49799925,53.94,-3.7399267578124977,-13.6199267578125,True,completo,True
1180,1707108,TO,Norte,85,0.50210404,0.611764705882353,0.49789596,45.46,4.750403442382812,-8.229596557617185,False,completo,True
1181,2204204,PI,Nordeste,42,0.5022578,0.47619047619047616,0.49774218,49.73,0.4957843017578156,-10.954215698242187,False,completo,True
1182,3546009,SP,Sudeste,106,0.5023138,0.49056603773584906,0.4976862,46.96,3.2713804626464835,-9.178619537353512,False,parcial,True
1183,1504802,PA,Norte,732,0.5024091,0.4685792349726776,0.4975909,58.27,-8.029090423583988,-16.23909042358399,True,completo,True
1184,4307609,RS,Sul,545,0.50248086,0.43669724770642204,0.49751914,69.31,-19.061914978027346,-22.961914978027337,True,completo,False
1185,2704203,AL,Nordeste,318,0.5027343,0.44654088050314467,0.4972657,49.3,0.9734298706054716,-10.636570129394528,False,completo,True
1186,2209203,PI,Nordeste,100,0.5028257,0.62,0.49717432,34.92,15.362566070556639,-0.8974339294433591,False,completo,True
1187,4311759,RS,Sul,48,0.5029307,0.4791666666666667,0.4970693,35.72,14.573071746826173,-1.4669282531738261,False,completo,True
1188,4304408,RS,Sul,465,0.5030648,0.4752688172043011,0.4969352,78.87,-28.56351959228516,-28.943519592285156,True,completo,True
1189,3300803,RJ,Sudeste,474,0.503145,0.4978902953586498,0.49685502,55.43,-5.115501098632812,-14.415501098632816,True,completo,False
1190,1505007,PA,Norte,120,0.50314945,0.5083333333333333,0.49685055,55.21,-4.895054779052735,-14.285054779052729,True,completo,True
1191,1505536,PA,Norte,2854,0.5031989,0.5059565522074282,0.49680108,58.58,-8.260107116699217,-16.35010711669922,True,completo,True
1192,4319505,RS,Sul,209,0.50332206,0.44019138755980863,0.49667794,61.4,-11.06779327392578,-18.057793273925782,True,completo,True
1193,4313060,RS,Sul,244,0.50371134,0.45491803278688525,0.49628866,73.32,-22.94886428833007,-25.32886428833008,True,completo,False
1194,1718808,TO,Norte,85,0.50400126,0.4235294117647059,0.49599874,49.44,0.9601274108886741,-10.599872589111328,False,completo,True
1195,4304002,RS,Sul,56,0.504098,0.4642857142857143,0.495902,65.72,-15.310198516845702,-20.60019851684571,True,completo,False
1196,2102374,MA,Nordeste,92,0.5041648,0.5543478260869565,0.49583519,47.28,3.136481018066405,-9.203518981933591,False,completo,False
1197,2108603,MA,Nordeste,539,0.5043641,0.47680890538033394,0.49563593,57.5,-7.063591003417969,-15.573591003417974,True,completo,False
1198,1720101,TO,Norte,76,0.50439185,0.5263157894736842,0.49560815,49.76,0.6791860961914082,-10.760813903808597,False,completo,True
1199,1301902,AM,Norte,1148,0.5044932,0.5034843205574913,0.49550682,51.78,-1.3306820678710949,-12.020682067871093,True,completo,False
1200,1507458,PA,Norte,315,0.5045544,0.526984126984127,0.4954456,51.94,-1.4845594787597634,-12.114559478759766,True,completo,True
1201,1717008,TO,Norte,56,0.5046069,0.3392857142857143,0.4953931,52.73,-2.2693104553222625,-12.599310455322268,True,completo,True
1202,2103000,MA,Nordeste,1394,0.5047068,0.554519368723099,0.4952932,49.57,0.900680236816406,-10.609319763183592,False,completo,True
1203,2112456,MA,Nordeste,241,0.504757,0.5020746887966805,0.495243,60.34,-9.864299621582035,-17.264299621582026,True,completo,True
1204,5004403,MS,Centro-Oeste,122,0.504765,0.5163934426229508,0.49523503,40.51,9.966497650146486,-4.653502349853518,False,completo,False
1205,3527207,SP,Sudeste,656,0.5051043,0.4801829268292683,0.4948957,48.46,2.050429382324218,-9.859570617675779,False,parcial,True
1206,2927903,BA,Nordeste,93,0.5053044,0.4731182795698925,0.4946956,52.67,-2.139558715820314,-12.489558715820316,True,completo,True
1207,1501907,PA,Norte,229,0.50568163,0.519650655021834,0.49431837,56.12,-5.551835174560544,-14.591835174560543,True,completo,True
1208,1501402,PA,Norte,8616,0.5058754,0.5224001857010213,0.4941246,53.42,-2.832460327148439,-12.90246032714844,True,completo,False
1209,3139300,MG,Sudeste,201,0.50587994,0.4228855721393035,0.49412006,31.24,19.347993621826173,2.1879936218261733,False,completo,True
1210,3539103,SP,Sudeste,260,0.50622004,0.4115384615384615,0.49377996,49.33,1.292005462646486,-10.307994537353515,False,parcial,True
1211,4302501,RS,Sul,44,0.50625557,0.4772727272727273,0.49374443,54.93,-4.3044430541992185,-13.804443054199226,True,completo,True
1212,1506302,PA,Norte,191,0.5063159,0.4973821989528796,0.4936841,56.58,-5.948412017822264,-14.818412017822268,True,completo,True
1213,2512721,PB,Nordeste,39,0.5063495,0.23076923076923078,0.4936505,52.73,-2.095051269531247,-12.425051269531252,True,completo,True
1214,2407401,RN,Nordeste,90,0.5064173,0.5555555555555556,0.49358273,47.7,2.941727447509763,-9.248272552490235,False,completo,True
1215,1720804,TO,Norte,144,0.506647,0.5069444444444444,0.493353,45.85,4.814699554443358,-8.025300445556638,False,completo,True
1216,1503903,PA,Norte,782,0.50670207,0.5025575447570333,0.49329793,54.21,-3.539792022705079,-13.309792022705075,True,completo,True
1217,1200104,AC,Norte,385,0.50678146,0.4883116883116883,0.49321854,,,-8.55185363769531,False,ausente,False
1218,2400406,RN,Nordeste,29,0.50681627,0.41379310344827586,0.49318373,40.19,10.49162536621094,-4.228374633789059,False,completo,False
1219,1502004,PA,Norte,207,0.5068652,0.357487922705314,0.4931348,56.72,-6.0334803771972645,-14.843480377197267,True,completo,True
1220,4311809,RS,Sul,432,0.5071351,0.4652777777777778,0.4928649,68.78,-18.06649139404297,-22.166491394042964,True,completo,True
1221,4302451,RS,Sul,20,0.5073351,0.7,0.49266487,,,,False,completo,False
1222,1300029,AM,Norte,234,0.5074036,0.594017094017094,0.4925964,46.19,4.550360260009768,-8.169639739990231,False,completo,True
1223,2111250,MA,Nordeste,73,0.50741553,0.5616438356164384,0.49258447,19.22,31.521554260253907,12.871554260253909,False,completo,True
1224,4309407,RS,Sul,240,0.5075642,0.49583333333333335,0.4924358,,,-10.083579864501957,False,completo,True
1225,1501956,PA,Norte,141,0.5079358,0.5177304964539007,0.49206418,53.0,-2.2064170837402344,-12.436417083740231,True,completo,True
1226,4305132,RS,Sul,12,0.50795245,0.6666666666666666,0.49204755,73.15,-22.354753875732428,-24.794753875732425,True,completo,False
1227,2106607,MA,Nordeste,269,0.50828534,0.3420074349442379,0.49171466,73.54,-22.711466827392584,-25.001466827392576,True,completo,True
1228,2208809,PI,Nordeste,161,0.5083141,0.3167701863354037,0.49168593,47.06,3.7714056396484352,-8.638594360351561,False,completo,True
1229,3518800,SP,Sudeste,13135,0.5083727,0.4997335363532547,0.49162728,45.75,5.087272644042969,-7.792727355957034,False,parcial,True
1230,2703700,AL,Nordeste,62,0.5085132,0.4032258064516129,0.4914868,42.72,8.131322174072267,-5.778677825927737,False,completo,True
1231,2807501,SE,Nordeste,113,0.50859475,0.40707964601769914,0.49140525,48.79,2.069474182128907,-9.720525817871092,False,completo,True
1232,4305975,RS,Sul,40,0.50861424,0.525,0.49138576,66.14,-15.27857650756836,-20.408576507568355,True,completo,True
1233,3513009,SP,Sudeste,2899,0.5086725,0.4946533287340462,0.49132752,55.5,-4.63275146484375,-13.912751464843751,True,parcial,True
1234,5002605,MS,Centro-Oeste,182,0.5086855,0.5879120879120879,0.49131447,39.17,11.698553161621092,-3.341446838378907,False,completo,True
1235,4319208,RS,Sul,41,0.5087697,0.3902439024390244,0.4912303,61.56,-10.68303161621094,-17.60303161621094,True,completo,True
1236,4300034,RS,Sul,46,0.5089649,0.5217391304347826,0.4910351,71.55,-20.65351181030273,-23.693511810302738,True,completo,True
1237,3540754,SP,Sudeste,197,0.50912505,0.4720812182741117,0.49087495,47.02,3.892506103515622,-8.537493896484378,False,parcial,True
1238,3519709,SP,Sudeste,963,0.5092817,0.5316718587746625,0.4907183,50.42,0.5081692504882795,-10.681830749511718,False,parcial,True
1239,2613107,PE,Nordeste,338,0.50949085,0.5325443786982249,0.49050915,50.74,0.20908523559570114,-10.870914764404297,False,completo,False
1240,3552809,SP,Sudeste,2465,0.5096013,0.49330628803245435,0.4903987,51.16,-0.1998712158203091,-11.11987121582031,True,parcial,True
1241,4320677,RS,Sul,63,0.5096983,0.36507936507936506,0.49030173,71.29,-20.3201742553711,-23.4601742553711,True,completo,False
1242,5003702,MS,Centro-Oeste,3216,0.50973505,0.5388681592039801,0.49026495,46.65,4.32350311279297,-8.236496887207032,False,completo,True
1243,4304671,RS,Sul,36,0.50991875,0.4444444444444444,0.49008125,47.38,3.611874694824216,-8.688125305175781,False,completo,True
1244,1500859,PA,Norte,318,0.51012653,0.4811320754716981,0.48987347,53.88,-2.8673466491699244,-12.767346649169923,True,completo,True
1245,5003488,MS,Centro-Oeste,204,0.5101506,0.4019607843137255,0.4898494,44.63,6.385060424804685,-6.874939575195313,False,completo,True
1246,3524006,SP,Sudeste,646,0.5101879,0.48297213622291024,0.48981208,50.55,0.4687911987304716,-10.681208801269534,False,parcial,True
1247,3522802,SP,Sudeste,122,0.510231,0.7049180327868853,0.48976898,43.0,8.023101806640625,-5.786898193359377,False,parcial,True
1248,1506559,PA,Norte,158,0.51023847,0.4050632911392405,0.48976153,60.36,-9.336154327392578,-16.726154327392578,True,completo,True
1249,4314472,RS,Sul,41,0.51070535,0.43902439024390244,0.48929465,66.33,-15.259466247558592,-20.30946624755859,True,completo,True
1250,4300059,RS,Sul,29,0.51076436,0.5517241379310345,0.48923564,67.13,-16.053564910888667,-20.793564910888676,True,completo,True
1251,5005400,MS,Centro-Oeste,648,0.51113313,0.4722222222222222,0.48886687,46.82,4.293311767578125,-8.206688232421875,False,completo,True
1252,4309571,RS,Sul,17,0.5113526,0.35294117647058826,0.4886474,,,,False,completo,True
1253,2208205,PI,Nordeste,197,0.51146454,0.583756345177665,0.48853546,42.01,9.136453857421877,-5.003546142578124,False,completo,True
1254,2932606,BA,Nordeste,148,0.5114966,0.40540540540540543,0.4885034,62.68,-11.530337982177734,-18.01033798217773,True,completo,True
1255,2505600,PB,Nordeste,28,0.5115561,0.7142857142857143,0.4884439,32.22,18.935609130859376,1.9956091308593784,False,completo,True
1256,2512036,PB,Nordeste,43,0.51160884,0.813953488372093,0.48839116,30.45,20.710884857177735,3.3708848571777352,False,completo,True
1257,2109759,MA,Nordeste,44,0.5116971,0.4090909090909091,0.4883029,43.08,8.089712066650392,-5.700287933349607,False,completo,False
1258,1717909,TO,Norte,99,0.51190215,0.30303030303030304,0.48809785,52.89,-1.6997839355468756,-11.969783935546872,True,completo,True
1259,5108501,MT,Centro-Oeste,176,0.51191485,0.5284090909090909,0.48808515,41.54,9.651486358642579,-4.63851364135742,False,completo,False
1260,1504752,PA,Norte,178,0.5120718,0.43820224719101125,0.4879282,59.31,-8.102819976806643,-15.90281997680664,True,completo,True
1261,4302600,RS,Sul,33,0.5122813,0.42424242424242425,0.4877187,46.27,4.958130340576169,-7.731869659423829,False,completo,True
1262,1506807,PA,Norte,4040,0.51239336,0.5126237623762376,0.48760664,59.08,-7.840665893554686,-15.730665893554686,True,completo,True
1263,2112605,MA,Nordeste,277,0.5124619,0.3898916967509025,0.4875381,77.24,-25.993810882568354,-26.943810882568357,True,completo,True
1264,1502608,PA,Norte,97,0.51252526,0.3711340206185567,0.48747474,58.64,-7.387474670410157,-15.447474670410159,True,completo,False
1265,2103604,MA,Nordeste,553,0.5130606,0.5587703435804702,0.48693937,47.59,3.716064605712887,-8.503935394287112,False,completo,True
1266,1501105,PA,Norte,276,0.51307136,0.5362318840579711,0.48692864,52.12,-0.8128634643554662,-11.372863464355468,True,completo,True
1267,1701903,TO,Norte,84,0.51318026,0.5,0.48681974,45.04,6.278023681640626,-6.841976318359372,False,completo,True
1268,4306908,RS,Sul,241,0.5132182,0.5186721991701245,0.48678178,66.52,-15.198176879882809,-20.178176879882812,True,completo,True
1269,2412401,RN,Nordeste,36,0.5132725,0.5555555555555556,0.48672748,42.95,8.377251434326169,-5.452748565673829,False,completo,True
1270,2405009,RN,Nordeste,79,0.51406133,0.43037974683544306,0.48593867,52.38,-0.9738682556152369,-11.443868255615236,True,completo,True
1271,4310413,RS,Sul,17,0.5141211,0.35294117647058826,0.48587888,65.51,-14.09788681030274,-19.46788681030273,True,completo,False
1272,4310108,RS,Sul,375,0.51416487,0.47733333333333333,0.48583513,80.0,-28.583515167236328,-28.583515167236328,True,completo,True
1273,4302006,RS,Sul,86,0.5142894,0.6046511627906976,0.48571062,55.82,-4.391060180664063,-13.551060180664066,True,completo,True
1274,1501808,PA,Norte,990,0.5143113,0.5666666666666667,0.4856887,49.78,1.6511294555664051,-9.778870544433595,False,completo,True
1275,2410801,RN,Nordeste,31,0.5144051,0.5161290322580645,0.48559493,52.8,-1.3594940185546847,-11.669494018554687,True,completo,True
1276,3524402,SP,Sudeste,2047,0.51446855,0.5192965315095261,0.48553145,51.14,0.30685363769531193,-10.623146362304688,False,parcial,False
1277,4309951,RS,Sul,29,0.5145784,0.5862068965517241,0.4854216,,,-22.552160034179693,False,completo,True
1278,3515004,SP,Sudeste,2895,0.51468354,0.4949913644214162,0.48531646,39.54,11.928353271484376,-3.001646728515624,False,parcial,True
1279,3522505,SP,Sudeste,3253,0.5146985,0.5561020596372579,0.4853015,55.16,-3.6901513671874966,-13.100151367187493,True,parcial,False
1280,2604601,PE,Nordeste,203,0.5147023,0.43349753694581283,0.48529768,51.14,0.33023010253906193,-10.599769897460938,False,completo,True
1281,4318614,RS,Sul,16,0.5149107,0.375,0.4850893,80.0,-28.508930206298828,-28.508930206298828,True,completo,True
1282,2508604,PB,Nordeste,176,0.51496035,0.4431818181818182,0.48503965,52.54,-1.0439634704589835,-11.443963470458982,True,completo,True
1283,1505064,PA,Norte,707,0.5150345,0.5007072135785007,0.4849655,59.65,-8.146551513671874,-15.816551513671868,True,completo,True
1284,1600600,AP,Norte,1709,0.51507205,0.5318899941486249,0.48492795,47.82,3.6872059631347653,-8.462794036865233,False,completo,True
1285,4202107,SC,Sul,346,0.51508033,0.48265895953757226,0.48491967,,,,False,completo,True
1286,2601706,PE,Nordeste,658,0.51519984,0.4376899696048632,0.48480016,54.67,-3.1500148010253923,-12.750014801025387,True,completo,True
1287,3306008,RJ,Sudeste,636,0.51521784,0.5172955974842768,0.48478216,57.88,-6.358214263916018,-14.71821426391601,True,completo,False
1288,2203909,PI,Nordeste,526,0.5152836,0.5361216730038023,0.48471642,54.22,-2.6916415405273426,-12.461641540527346,True,completo,True
1289,3525003,SP,Sudeste,912,0.51540184,0.5131578947368421,0.48459816,50.54,1.0001840209960946,-10.149815979003904,False,parcial,True
1290,1707306,TO,Norte,50,0.5154145,0.68,0.48458552,41.72,9.821446685791017,-4.408553314208987,False,completo,False
1291,1505551,PA,Norte,64,0.515536,0.484375,0.484464,55.49,-3.936399688720705,-13.2163996887207,True,completo,False
1292,2407807,RN,Nordeste,209,0.5155389,0.5119617224880383,0.48446113,62.63,-11.076113586425784,-17.576113586425777,True,completo,True
1293,4308102,RS,Sul,131,0.51558304,0.4580152671755725,0.48441696,73.9,-22.341696166992193,-24.50169616699219,True,completo,True
1294,4302238,RS,Sul,23,0.5156248,0.2608695652173913,0.48437518,72.67,-21.10751907348633,-23.727519073486334,True,completo,True
1295,4209300,SC,Sul,1478,0.5156392,0.5230040595399188,0.4843608,53.71,-2.1460809326171884,-12.10608093261719,True,completo,False
1296,2202000,PI,Nordeste,298,0.51573455,0.6174496644295302,0.48426545,47.6,3.9734558105468736,-8.246544189453125,False,completo,True
1297,2803302,SE,Nordeste,167,0.5157866,0.5808383233532934,0.4842134,48.16,3.418659057617191,-8.601340942382812,False,completo,True
1298,3149150,MG,Sudeste,75,0.5157963,0.49333333333333335,0.4842037,35.81,15.76963180541992,-0.2403681945800784,False,completo,True
1299,4315750,RS,Sul,29,0.51580644,0.6206896551724138,0.48419356,76.61,-25.029357299804687,-26.19935729980469,True,completo,False
1300,4322152,RS,Sul,22,0.5158229,0.4090909090909091,0.4841771,70.11,-18.527709350585937,-22.11770935058594,True,completo,True
1301,4314159,RS,Sul,60,0.51595485,0.4666666666666667,0.48404515,66.28,-14.684514312744142,-19.754514312744135,True,completo,True
1302,1504422,PA,Norte,1472,0.5159931,0.499320652173913,0.48400688,61.1,-9.50068817138672,-16.60068817138672,True,completo,True
1303,3551504,SP,Sudeste,493,0.5160197,0.4462474645030426,0.4839803,51.47,0.131970672607423,-10.67802932739258,False,parcial,True
1304,2919959,BA,Nordeste,38,0.51615334,0.47368421052631576,0.48384666,64.12,-12.504666442871098,-18.4246664428711,True,completo,True
1305,2506608,PB,Nordeste,29,0.5162412,0.5862068965517241,0.4837588,19.37,32.254118804931636,13.604118804931637,False,completo,True
1306,4312138,RS,Sul,28,0.5163221,0.39285714285714285,0.48367792,77.01,-25.37779403686524,-26.40779403686524,True,completo,True
1307,1200609,AC,Norte,619,0.51644003,0.505654281098546,0.48355997,,,-6.605995178222656,False,ausente,True
1308,2926806,BA,Nordeste,89,0.5164901,0.43820224719101125,0.4835099,65.42,-13.770990295410158,-19.180990295410155,True,completo,True
1309,3301850,RJ,Sudeste,593,0.51669085,0.47386172006745364,0.48330915,55.1,-3.4309135437011733,-12.860913543701173,True,completo,True
1310,3513405,SP,Sudeste,451,0.5167273,0.5631929046563193,0.48327267,45.68,5.992733306884766,-6.907266693115233,False,parcial,True
1311,2403905,RN,Nordeste,19,0.51702654,0.7894736842105263,0.48297346,50.65,1.0526557922363295,-10.05734420776367,False,completo,False
1312,2505352,PB,Nordeste,49,0.51703054,0.5102040816326531,0.48296946,44.24,7.463052520751951,-5.936947479248047,False,completo,False
1313,4302105,RS,Sul,1033,0.5170367,0.49080348499515974,0.48296332,77.77,-26.066333312988277,-26.826333312988282,True,completo,False
1314,4211900,SC,Sul,1796,0.5170834,0.48552338530066813,0.4829166,,,,False,completo,True
1315,3516408,SP,Sudeste,1792,0.51734024,0.4838169642857143,0.48265976,55.69,-3.9559759521484352,-13.165975952148443,True,parcial,True
1316,2411106,RN,Nordeste,20,0.5174625,0.35,0.4825375,61.84,-10.093749847412113,-16.903749847412115,True,completo,True
1317,2402402,RN,Nordeste,58,0.51748925,0.29310344827586204,0.48251075,67.88,-16.1310757446289,-20.581075744628905,True,completo,True
1318,4212650,SC,Sul,120,0.51752806,0.4666666666666667,0.48247194,46.6,5.152807617187499,-7.4271923828125,False,completo,False
1319,5002704,MS,Centro-Oeste,10001,0.5179123,0.5169483051694831,0.48208767,47.69,4.101233062744143,-8.088766937255862,False,completo,True
1320,4300661,RS,Sul,15,0.51825917,0.3333333333333333,0.48174083,70.55,-18.724083709716794,-22.1540837097168,True,completo,True
1321,2109270,MA,Nordeste,219,0.51837975,0.4063926940639269,0.48162025,65.63,-13.792025451660152,-19.12202545166015,True,completo,True
1322,3522109,SP,Sudeste,1291,0.51861274,0.48412083656080557,0.48138726,58.59,-6.728725280761722,-14.80872528076172,True,parcial,True
1323,2703403,AL,Nordeste,75,0.5186519,0.5466666666666666,0.4813481,44.64,7.225188598632812,-6.034811401367186,False,completo,False
1324,3509007,SP,Sudeste,1025,0.51876837,0.5248780487804878,0.48123163,49.69,2.1868386840820335,-9.273161315917967,False,parcial,True
1325,4305355,RS,Sul,322,0.5187952,0.5124223602484472,0.4812048,66.43,-14.550479583740241,-19.560479583740232,True,completo,False
1326,3522901,SP,Sudeste,147,0.5189627,0.5306122448979592,0.48103732,41.78,10.116266937255858,-4.093733062744143,False,parcial,True
1327,1302603,AM,Norte,23125,0.5189702,0.5196108108108108,0.4810298,56.8,-4.90298156738281,-13.68298156738281,True,completo,True
1328,4205407,SC,Sul,2861,0.5189963,0.5103110800419434,0.4810037,,,,False,completo,True
1329,5107800,MT,Centro-Oeste,153,0.5190754,0.49019607843137253,0.4809246,,,,False,completo,True
1330,4317202,RS,Sul,709,0.519079,0.5148095909732017,0.48092097,73.6,-21.69209823608398,-23.96209823608399,True,completo,True
1331,2613701,PE,Nordeste,914,0.51912665,0.5306345733041575,0.48087335,49.84,2.072666320800778,-9.337333679199219,False,completo,True
1332,2104404,MA,Nordeste,94,0.5193552,0.6595744680851063,0.48064482,50.85,1.0855163574218736,-9.954483642578126,False,completo,True
1333,2100477,MA,Nordeste,332,0.5197602,0.572289156626506,0.4802398,42.71,9.26602081298828,-4.643979187011716,False,completo,True
1334,1714302,TO,Norte,50,0.5198125,0.34,0.48018748,51.46,0.5212507629394523,-10.28874923706055,False,completo,True
1335,2504207,PB,Nordeste,50,0.5198182,0.96,0.4801818,39.72,12.261819152832032,-2.608180847167972,False,completo,False
1336,2203750,PI,Nordeste,25,0.51984,0.52,0.48016,43.27,8.714001159667966,-5.005998840332033,False,completo,False
1337,4321832,RS,Sul,24,0.5198591,0.5416666666666666,0.48014092,,,-2.79409149169922,False,completo,True
1338,4302659,RS,Sul,60,0.51995206,0.5666666666666667,0.48004794,67.29,-15.294795074462897,-19.97479507446289,True,completo,False
1339,2106326,MA,Nordeste,315,0.5199562,0.4158730158730159,0.48004383,61.61,-9.614383087158203,-16.51438308715821,True,completo,True
1340,2201507,PI,Nordeste,208,0.52000135,0.46634615384615385,0.47999865,49.49,2.510133514404295,-9.029866485595704,False,completo,False
1341,1301506,AM,Norte,234,0.5202675,0.45726495726495725,0.4797325,,,14.03674865722656,False,completo,True
1342,3537206,SP,Sudeste,106,0.5203794,0.46226415094339623,0.47962058,41.87,10.167940979003909,-4.022059020996096,False,parcial,True
1343,4317707,RS,Sul,97,0.5205261,0.5463917525773195,0.4794739,74.48,-22.427387695312504,-24.377387695312507,True,completo,True
1344,2103307,MA,Nordeste,1166,0.5205974,0.5188679245283019,0.4794026,52.32,-0.2602618408203128,-10.750261840820315,True,completo,True
1345,2413607,RN,Nordeste,73,0.5208374,0.4794520547945205,0.47916257,72.95,-20.866255950927737,-23.376255950927728,True,completo,True
1346,3126604,MG,Sudeste,16,0.52084273,0.375,0.47915727,38.49,13.594274291992186,-1.6557257080078145,False,completo,True
1347,2600054,PE,Nordeste,722,0.5209417,0.46121883656509693,0.47905833,52.75,-0.6558341979980469,-10.985834197998045,True,completo,False
1348,2517001,PB,Nordeste,111,0.520963,0.7927927927927928,0.479037,44.74,7.356302032470701,-5.873697967529296,False,completo,False
1349,4318606,RS,Sul,60,0.5211203,0.38333333333333336,0.4788797,65.42,-13.307969970703127,-18.717969970703123,True,completo,True
1350,2407252,RN,Nordeste,45,0.5211764,0.6,0.4788236,38.44,13.677641448974612,-1.5823585510253935,False,completo,True
1351,2201408,PI,Nordeste,50,0.52135164,0.4,0.47864836,44.76,7.375162353515627,-5.844837646484372,False,completo,True
1352,1708254,TO,Norte,66,0.52146083,0.5151515151515151,0.47853917,54.03,-1.8839161682128918,-11.723916168212888,True,completo,True
1353,1301704,AM,Norte,762,0.52149266,0.5787401574803149,0.47850734,55.15,-3.000734710693358,-12.410734710693362,True,completo,True
1354,2505303,PB,Nordeste,16,0.5216296,0.625,0.47837043,44.57,7.5929562377929685,-5.687043762207033,False,completo,True
1355,2404101,RN,Nordeste,35,0.52172214,0.5714285714285714,0.47827786,44.78,7.3922145080566395,-5.817785491943361,False,completo,True
1356,1300706,AM,Norte,348,0.5219099,0.5086206896551724,0.4780901,62.56,-10.369009552001955,-16.899009552001957,True,completo,True
1357,3140852,MG,Sudeste,112,0.52210426,0.3125,0.47789574,44.2,8.010426330566403,-5.399573669433593,False,completo,True
1358,4320107,RS,Sul,214,0.52212083,0.5,0.47787917,72.81,-20.597918090820315,-23.167918090820308,True,completo,True
1359,3516309,SP,Sudeste,2160,0.5221474,0.5097222222222222,0.47785258,55.48,-3.2652592468261687,-12.555259246826168,True,parcial,True
1360,4301859,RS,Sul,12,0.5221999,0.5833333333333334,0.47780007,,,,False,completo,True
1361,4310405,RS,Sul,47,0.5222573,0.574468085106383,0.47774267,68.77,-16.544269104003902,-20.64426910400391,True,completo,True
1362,2211704,PI,Nordeste,35,0.52239454,0.5428571428571428,0.47760546,44.12,8.11945236206055,-5.320547637939455,False,completo,True
1363,3541000,SP,Sudeste,3853,0.52257127,0.5112899039709318,0.47742873,55.55,-3.2928741455078097,-12.552874145507815,True,parcial,False
1364,1716604,TO,Norte,63,0.5228737,0.4603174603174603,0.4771263,51.92,0.3673687744140608,-10.27263122558594,False,completo,True
1365,1720259,TO,Norte,45,0.52298236,0.5777777777777777,0.47701764,52.91,-0.6117631530761685,-10.871763153076174,True,completo,True
1366,3509601,SP,Sudeste,846,0.5231595,0.4905437352245863,0.4768405,54.81,-2.4940515136718773,-12.03405151367187,True,parcial,True
1367,4309753,RS,Sul,41,0.523227,0.4878048780487805,0.47677302,72.44,-20.117303314208982,-22.817303314208985,True,completo,False
1368,3301900,RJ,Sudeste,2438,0.52332395,0.5127153404429861,0.47667605,56.04,-3.7076063537597648,-12.777606353759765,True,completo,True
1369,3513504,SP,Sudeste,1093,0.52335685,0.45105215004574567,0.47664315,53.65,-1.3143142700195298,-11.304314270019532,True,parcial,True
1370,1505403,PA,Norte,147,0.5233923,0.54421768707483,0.47660768,53.68,-1.3407666015624997,-11.310766601562499,True,completo,False
1371,2616407,PE,Nordeste,1004,0.5234305,0.5079681274900398,0.47656947,51.59,0.7530519104003872,-10.00694808959961,False,completo,True
1372,2607604,PE,Nordeste,205,0.5235188,0.5073170731707317,0.4764812,57.61,-5.258120880126953,-13.728120880126951,True,completo,True
1373,4308433,RS,Sul,20,0.52377725,0.55,0.47622275,63.97,-11.592276306152343,-17.572276306152347,True,completo,True
1374,3303302,RJ,Sudeste,2361,0.52389306,0.5124947056332063,0.47610694,56.56,-4.1706948852539085,-13.040694885253913,True,completo,True
1375,2511301,PB,Nordeste,55,0.5239773,0.38181818181818183,0.47602272,53.95,-1.552272033691409,-11.422272033691407,True,completo,True
1376,2502201,PB,Nordeste,19,0.52404356,0.6842105263157895,0.47595644,32.78,19.62435791015625,2.8243579101562517,False,completo,True
1377,2106904,MA,Nordeste,245,0.5240545,0.35918367346938773,0.47594547,56.61,-4.204547271728515,-13.05454727172851,True,completo,True
1378,3522307,SP,Sudeste,1519,0.52406573,0.54312047399605,0.47593427,48.17,4.236574249267576,-7.78342575073242,False,parcial,True
1379,3531803,SP,Sudeste,754,0.5240978,0.47214854111405835,0.4759022,54.58,-2.170221405029295,-11.80022140502929,True,parcial,True
1380,2102903,MA,Nordeste,288,0.5241403,0.6215277777777778,0.4758597,59.63,-7.215971832275393,-14.895971832275393,True,completo,False
1381,4320909,RS,Sul,329,0.5241997,0.46808510638297873,0.47580028,71.34,-18.92002853393555,-22.04002853393554,True,completo,True
1382,3506607,SP,Sudeste,302,0.5243325,0.5231788079470199,0.47566748,48.54,3.8932504272460946,-7.986749572753908,False,parcial,False
1383,2503209,PB,Nordeste,565,0.52437526,0.5752212389380531,0.47562474,54.02,-1.5824732971191438,-11.42247329711914,True,completo,True
1384,4202503,SC,Sul,49,0.5244461,0.3469387755102041,0.47555387,46.82,5.62461441040039,-6.87538558959961,False,completo,False
1385,4315800,RS,Sul,83,0.5244576,0.4578313253012048,0.47554243,76.28,-23.834241180419923,-25.124241180419915,True,completo,True
1386,2101905,MA,Nordeste,77,0.5247327,0.6103896103896104,0.4752673,39.93,12.543270416259766,-2.2567295837402312,False,completo,True
1387,2503803,PB,Nordeste,45,0.5249196,0.3333333333333333,0.47508037,59.08,-6.58803756713867,-14.47803756713867,True,completo,False
1388,4312476,RS,Sul,33,0.52498066,0.6666666666666666,0.47501934,56.24,-3.741934051513674,-12.731934051513676,True,completo,False
1389,5006309,MS,Centro-Oeste,451,0.52508974,0.5521064301552107,0.47491026,37.71,14.79897216796875,-0.6710278320312497,False,completo,True
1390,2111672,MA,Nordeste,28,0.5252141,0.35714285714285715,0.47478592,53.44,-0.9185919189453102,-10.978591918945312,True,completo,True
1391,2612901,PE,Nordeste,71,0.52543545,0.7183098591549296,0.47456455,41.36,11.18354476928711,-3.1664552307128915,False,completo,True
1392,1712009,TO,Norte,55,0.52557504,0.38181818181818183,0.47442496,46.67,5.8875027465820295,-6.662497253417968,False,completo,True
1393,2112308,MA,Nordeste,298,0.5255936,0.6610738255033557,0.47440642,45.32,7.239356689453125,-5.780643310546878,False,completo,False
1394,1100106,RO,Norte,488,0.5256247,0.45286885245901637,0.4743753,47.82,4.742469482421875,-7.407530517578124,False,completo,True
1395,4313706,RS,Sul,281,0.5256833,0.5302491103202847,0.47431672,53.85,-1.2816711425781264,-11.191671142578123,True,completo,True
1396,3554805,SP,Sudeste,312,0.52576244,0.5384615384615384,0.47423756,48.77,3.8062443542480437,-7.993755645751953,False,parcial,False
1397,4311304,RS,Sul,266,0.5259647,0.5225563909774437,0.47403532,64.16,-11.563533935546872,-17.463533935546877,True,completo,True
1398,1721109,TO,Norte,51,0.5261492,0.5098039215686274,0.4738508,48.88,3.734921569824216,-8.025078430175782,False,completo,True
1399,2100907,MA,Nordeste,239,0.5266909,0.4309623430962343,0.4733091,60.17,-7.500909729003908,-14.970909729003907,True,completo,True
1400,1503002,PA,Norte,148,0.52669764,0.5337837837837838,0.47330236,55.82,-3.1502383422851565,-12.31023834228516,True,completo,True
1401,1600055,AP,Norte,49,0.52674174,0.7346938775510204,0.47325826,39.84,12.834175262451168,-1.9958247375488298,False,completo,True
1402,4210852,SC,Sul,27,0.52677274,0.7407407407407407,0.47322726,45.55,7.127272796630862,-5.812727203369143,False,completo,False
1403,4320602,RS,Sul,31,0.5268127,0.3548387096774194,0.47318733,,,,False,completo,True
1404,4303608,RS,Sul,39,0.5269517,0.5384615384615384,0.47304833,63.31,-10.614832458496096,-16.85483245849609,True,completo,True
1405,3554003,SP,Sudeste,1236,0.5270437,0.5396440129449838,0.4729563,55.87,-3.1656314086914037,-12.305631408691411,True,parcial,True
1406,2503308,PB,Nordeste,59,0.5271989,0.5423728813559322,0.4728011,48.08,4.639890594482424,-7.410109405517581,False,completo,True
1407,4314605,RS,Sul,136,0.527303,0.5441176470588235,0.47269702,63.34,-10.609702911376957,-16.839702911376946,True,completo,False
1408,3300209,RJ,Sudeste,1329,0.52734554,0.5598194130925508,0.47265446,55.66,-2.925445709228512,-12.145445709228511,True,completo,True
1409,2933257,BA,Nordeste,53,0.5273465,0.3584905660377358,0.4726535,69.8,-17.065350341796872,-20.77535034179688,True,completo,True
1410,2517209,PB,Nordeste,39,0.5273582,0.6410256410256411,0.47264183,35.36,17.375816955566407,1.2458169555664043,False,completo,False
1411,2610004,PE,Nordeste,322,0.5274136,0.6459627329192547,0.4725864,48.92,3.8213597106933577,-7.928640289306642,False,completo,True
1412,1501253,PA,Norte,53,0.5274879,0.4716981132075472,0.47251213,,,-6.9212130737304705,False,completo,True
1413,4319158,RS,Sul,75,0.5275499,0.5066666666666667,0.47245008,76.86,-24.105006561279296,-25.185006561279295,True,completo,True
1414,1303957,AM,Norte,122,0.52799916,0.4426229508196721,0.47200084,56.43,-3.6300846862792966,-12.550084686279291,True,completo,True
1415,2611309,PE,Nordeste,133,0.5280073,0.41353383458646614,0.47199267,52.33,0.4707316589355486,-10.019268341064453,False,completo,False
1416,2207801,PI,Nordeste,236,0.5280958,0.5042372881355932,0.47190422,50.71,2.0995779418945304,-8.990422058105466,False,completo,True
1417,2708907,AL,Nordeste,269,0.5281067,0.550185873605948,0.4718933,48.85,3.9606689453124986,-7.809331054687497,False,completo,True
1418,3532009,SP,Sudeste,128,0.5282647,0.46875,0.4717353,52.33,0.49646942138672046,-9.993530578613282,False,parcial,True
1419,2602001,PE,Nordeste,289,0.52828157,0.47750865051903113,0.47171843,50.85,1.9781555175781236,-9.061844482421876,False,completo,True
1420,2112506,MA,Nordeste,637,0.52848494,0.5792778649921507,0.47151506,44.16,8.688495483398441,-4.731504516601561,False,completo,True
1421,5007802,MS,Centro-Oeste,97,0.5286402,0.5979381443298969,0.4713598,33.87,18.994021301269534,2.4640213012695327,False,completo,True
1422,2202117,PI,Nordeste,34,0.52865255,0.5882352941176471,0.47134745,44.96,7.905253448486327,-5.244746551513671,False,completo,True
1423,3510302,SP,Sudeste,284,0.5286544,0.4753521126760563,0.4713456,52.82,0.045440368652343466,-10.254559631347654,False,parcial,True
1424,1300060,AM,Norte,176,0.5288341,0.6477272727272727,0.4711659,65.52,-12.636588592529293,-18.006588592529297,True,completo,False
1425,2414753,RN,Nordeste,13,0.5288417,0.5384615384615384,0.47115833,47.31,5.574166717529295,-6.755833282470704,False,completo,True
1426,5006002,MS,Centro-Oeste,381,0.52899206,0.5695538057742782,0.47100794,43.79,9.109204254150391,-4.440795745849613,False,completo,True
1427,1300086,AM,Norte,59,0.5291746,0.6610169491525424,0.47082537,40.16,12.757461395263675,-1.9725386047363287,False,completo,True
1428,3508603,SP,Sudeste,229,0.5292564,0.4148471615720524,0.4707436,55.01,-2.084359893798826,-11.554359893798832,True,parcial,True
1429,1704600,TO,Norte,16,0.52938205,0.0625,0.47061795,54.93,-1.991794281005859,-11.491794281005866,True,completo,True
1430,2925204,BA,Nordeste,291,0.5295705,0.5154639175257731,0.47042948,63.76,-10.80294967651367,-16.862949676513665,True,completo,True
1431,2109908,MA,Nordeste,865,0.52963674,0.5167630057803468,0.47036326,52.49,0.47367263793945114,-9.956327362060549,False,completo,True
1432,4105201,PR,Sul,184,0.5296706,0.5054347826086957,0.4703294,58.95,-5.982939910888675,-13.932939910888678,True,completo,True
1433,4315321,RS,Sul,8,0.5296992,0.25,0.4703008,,,,False,completo,True
1434,4316808,RS,Sul,1032,0.5297038,0.4932170542635659,0.4702962,67.32,-14.349621124267571,-19.019621124267573,True,completo,False
1435,5001904,MS,Centro-Oeste,321,0.5300497,0.5264797507788161,0.46995032,44.18,8.824966735839844,-4.58503326416016,False,completo,True
1436,1200203,AC,Norte,1103,0.5300739,0.5158658204895739,0.46992612,,,-3.2526109313964824,False,ausente,True
1437,1505635,PA,Norte,153,0.5305012,0.5686274509803921,0.4694988,61.89,-8.83988250732422,-15.629882507324226,True,completo,False
1438,5002902,MS,Centro-Oeste,230,0.5306894,0.5478260869565217,0.46931058,44.23,8.838943023681644,-4.561056976318362,False,completo,True
1439,3532306,SP,Sudeste,64,0.53101516,0.578125,0.46898484,46.55,6.551516723632815,-6.048483276367186,False,parcial,True
1440,4220000,SC,Sul,209,0.53107977,0.5167464114832536,0.46892023,55.22,-2.1120211791992176,-11.502021179199218,True,completo,False
1441,3525201,SP,Sudeste,507,0.53110766,0.4418145956607495,0.46889234,53.9,-0.7892326354980455,-10.679232635498046,True,parcial,True
1442,2510006,PB,Nordeste,42,0.5311845,0.6428571428571429,0.4688155,43.11,10.008450164794922,-3.7715498352050787,False,completo,True
1443,4308052,RS,Sul,14,0.5312151,0.5,0.46878493,78.45,-25.328494262695315,-25.84849426269531,True,completo,True
1444,4316709,RS,Sul,84,0.5312222,0.42857142857142855,0.46877778,68.31,-15.187777099609377,-19.46777709960938,True,completo,True
1445,3545308,SP,Sudeste,468,0.53154624,0.46794871794871795,0.46845376,49.9,3.254624938964845,-8.135375061035155,False,parcial,True
1446,2921005,BA,Nordeste,636,0.5316813,0.5691823899371069,0.4683187,58.32,-5.151871032714844,-13.341871032714849,True,completo,True
1447,1300409,AM,Norte,226,0.53173816,0.4778761061946903,0.46826184,53.75,-0.5761833190917969,-10.5261833190918,True,completo,True
1448,3522653,SP,Sudeste,57,0.5318333,0.2982456140350877,0.4681667,51.28,1.9033305358886707,-8.976669464111325,False,parcial,True
1449,4311155,RS,Sul,40,0.5319173,0.55,0.46808273,,,,False,completo,True
1450,2201770,PI,Nordeste,45,0.5319658,0.4666666666666667,0.4680342,62.26,-9.06342102050781,-15.713421020507809,True,completo,True
1451,3509700,SP,Sudeste,442,0.53203034,0.5701357466063348,0.46796966,55.98,-2.776966552734372,-11.866966552734368,True,parcial,True
1452,2101202,MA,Nordeste,902,0.53205085,0.5110864745011087,0.46794915,51.22,1.9850857543945324,-8.914914245605466,False,completo,False
1453,3518701,SP,Sudeste,3023,0.53237784,0.48891829308633805,0.46762216,53.43,-0.19221466064453097,-10.262214660644531,True,parcial,True
1454,3302304,RJ,Sudeste,64,0.53239906,0.484375,0.46760094,50.82,2.419906311035156,-8.630093688964841,False,completo,True
1455,4218301,SC,Sul,234,0.53248054,0.5170940170940171,0.46751946,54.77,-1.5219454956054719,-11.081945495605467,True,completo,True
1456,2105302,MA,Nordeste,2612,0.53251314,0.5463246554364471,0.46748686,50.82,2.4313122558593747,-8.618687744140622,False,completo,True
1457,4312252,RS,Sul,85,0.5326054,0.5647058823529412,0.4673946,74.31,-21.04945999145508,-23.05945999145507,True,completo,True
1458,2706448,AL,Nordeste,232,0.5328267,0.3577586206896552,0.46717328,57.82,-4.537327117919922,-12.917327117919925,True,completo,True
1459,3509205,SP,Sudeste,967,0.53287673,0.5305067218200621,0.46712327,55.71,-2.4223260498046884,-11.622326049804684,True,parcial,True
1460,2413805,RN,Nordeste,25,0.532899,0.72,0.46710098,51.04,2.2499017333984384,-8.72009826660156,False,completo,True
1461,4305447,RS,Sul,41,0.5329794,0.6829268292682927,0.46702057,72.46,-19.16205688476562,-21.86205688476562,True,completo,False
1462,2202505,PI,Nordeste,118,0.53298235,0.4830508474576271,0.46701765,64.12,-10.821766967773442,-16.741766967773444,True,completo,True
1463,3551108,SP,Sudeste,107,0.53309894,0.5327102803738317,0.46690106,47.53,5.779894561767577,-6.470105438232423,False,parcial,True
1464,4314464,RS,Sul,17,0.5331995,0.35294117647058826,0.4668005,75.04,-21.72004989624024,-23.460049896240236,True,completo,False
1465,4303509,RS,Sul,560,0.533463,0.5946428571428571,0.466537,62.16,-8.813701782226559,-15.503701782226557,True,completo,True
1466,2205805,PI,Nordeste,208,0.5340666,0.5528846153846154,0.46593338,56.4,-2.993338012695311,-11.92333801269531,True,completo,True
1467,3554102,SP,Sudeste,2159,0.5341434,0.540064844835572,0.4658566,50.1,3.3143371582031236,-8.005662841796877,False,parcial,True
1468,2111573,MA,Nordeste,72,0.5341538,0.5972222222222222,0.46584618,46.51,6.905382385253908,-5.704617614746091,False,completo,True
1469,1100205,RO,Norte,5422,0.5341656,0.5208410180745112,0.46583438,67.5,-14.083438873291016,-18.68343887329101,True,completo,True
1470,4211306,SC,Sul,821,0.5342337,0.5286236297198539,0.4657663,,,,False,completo,True
1471,4306973,RS,Sul,29,0.534305,0.4482758620689655,0.46569502,74.36,-20.929503784179687,-22.919503784179682,True,completo,True
1472,4300901,RS,Sul,60,0.5345192,0.4,0.4654808,80.0,-26.548080444335938,-26.548080444335938,True,completo,True
1473,3549607,SP,Sudeste,34,0.53456104,0.5294117647058824,0.46543896,44.38,9.07610427856445,-4.273895721435544,False,parcial,True
1474,5002100,MS,Centro-Oeste,321,0.53456503,0.48598130841121495,0.46543497,49.58,3.8765048217773455,-7.63349517822266,False,completo,False
1475,1600253,AP,Norte,105,0.53460467,0.41904761904761906,0.46539533,55.34,-1.8795317077636753,-11.219531707763679,True,completo,True
1476,1718204,TO,Norte,713,0.53462595,0.4431977559607293,0.46537405,60.65,-7.187406921386717,-14.467406921386726,True,completo,True
1477,1304104,AM,Norte,255,0.5346509,0.5137254901960784,0.46534908,54.31,-0.8449082946777366,-10.584908294677732,True,completo,True
1478,1713601,TO,Norte,64,0.534728,0.203125,0.465272,71.56,-18.087202606201174,-21.127202606201166,True,completo,True
1479,2101251,MA,Nordeste,194,0.53473324,0.5412371134020618,0.46526676,56.2,-2.7266761779785185,-11.73667617797851,True,completo,True
1480,1701051,TO,Norte,34,0.53476197,0.5882352941176471,0.46523803,46.41,7.066196289062503,-5.573803710937497,False,completo,True
1481,2206803,PI,Nordeste,158,0.5348254,0.45569620253164556,0.46517462,66.78,-13.297459869384767,-18.177459869384762,True,completo,True
1482,3502754,SP,Sudeste,226,0.5348615,0.5442477876106194,0.4651385,55.05,-1.5638511657714815,-11.013851165771484,True,parcial,False
1483,4306056,RS,Sul,65,0.53489596,0.6307692307692307,0.46510404,68.53,-15.04040267944336,-19.240402679443363,True,completo,True
1484,1504109,PA,Norte,60,0.5349439,0.6,0.46505612,58.32,-4.825611419677735,-13.01561141967774,True,completo,True
1485,2614857,PE,Nordeste,258,0.53498477,0.5658914728682171,0.46501523,50.56,2.9384779357910134,-8.211522064208985,False,completo,True
1486,3127057,MG,Sudeste,44,0.5350509,0.6818181818181818,0.46494907,43.82,9.685092620849609,-3.85490737915039,False,completo,True
1487,2606200,PE,Nordeste,702,0.5351492,0.4586894586894587,0.46485078,57.59,-4.075076904296878,-12.545076904296877,True,completo,True
1488,2609402,PE,Nordeste,385,0.5353279,0.44155844155844154,0.4646721,57.79,-4.257208862304687,-12.647208862304694,True,completo,True
1489,4300307,RS,Sul,64,0.5353485,0.421875,0.46465153,,,3.5548472595214875,False,completo,False
1490,2603702,PE,Nordeste,226,0.535366,0.6548672566371682,0.464634,53.45,0.08659820556640341,-9.973401794433592,False,completo,False
1491,3557006,SP,Sudeste,1103,0.53537226,0.5485040797824116,0.46462774,53.97,-0.4327761840820301,-10.302776184082035,True,parcial,False
1492,4300109,RS,Sul,162,0.5355236,0.5740740740740741,0.4644764,60.08,-6.5276394653320295,-14.02763946533203,True,completo,True
1493,2514453,PB,Nordeste,56,0.5355575,0.26785714285714285,0.4644425,62.36,-8.80424819946289,-15.41424819946289,True,completo,True
1494,4316956,RS,Sul,37,0.5358146,0.5945945945945946,0.46418542,78.55,-24.96854095458984,-25.45854095458985,True,completo,True
1495,5007208,MS,Centro-Oeste,569,0.5358974,0.5272407732864675,0.46410263,46.43,7.159736938476563,-5.480263061523438,False,completo,True
1496,4310652,RS,Sul,32,0.5360293,0.65625,0.46397072,52.69,0.912928161621096,-9.437071838378905,False,completo,True
1497,4319604,RS,Sul,144,0.53607434,0.5277777777777778,0.46392566,80.0,-26.392566680908203,-26.392566680908203,True,completo,True
1498,4214409,SC,Sul,64,0.5361618,0.46875,0.46383822,,,,False,completo,True
1499,4300802,RS,Sul,87,0.5361733,0.5632183908045977,0.46382672,68.22,-14.60267135620117,-18.922671356201178,True,completo,True
1500,2503605,PB,Nordeste,54,0.5363924,0.7407407407407407,0.4636076,58.17,-4.530759735107424,-12.780759735107424,True,completo,False
1501,3305000,RJ,Sudeste,554,0.53640425,0.592057761732852,0.46359575,56.73,-3.0895733642578094,-11.889573364257814,True,completo,True
1502,4310553,RS,Sul,10,0.53649056,0.3,0.46350944,,,,False,completo,True
1503,4319802,RS,Sul,82,0.53661144,0.4634146341463415,0.46338856,77.73,-24.068855743408207,-24.838855743408203,True,completo,True
1504,3527603,SP,Sudeste,123,0.5366572,0.43089430894308944,0.4633428,47.62,6.045721893310549,-6.1742781066894565,False,parcial,True
1505,1200252,AC,Norte,293,0.5367501,0.5324232081911263,0.46324992,,,-9.104993133544923,False,ausente,True
1506,4300471,RS,Sul,11,0.53690857,0.36363636363636365,0.46309143,,,,False,ausente,True
1507,4120507,PR,Sul,85,0.5369365,0.6235294117647059,0.46306348,56.15,-2.4563468933105455,-11.486346893310554,True,completo,True
1508,3536505,SP,Sudeste,1040,0.5370533,0.6192307692307693,0.4629467,53.65,0.05532989501953267,-9.93467010498047,False,parcial,False
1509,2904209,BA,Nordeste,57,0.53706527,0.47368421052631576,0.46293473,65.03,-11.323472290039064,-16.893472290039057,True,completo,True
1510,3519600,SP,Sudeste,511,0.5371306,0.49510763209393344,0.4628694,54.7,-0.9869415283203153,-10.566941528320314,True,parcial,True
1511,3508504,SP,Sudeste,752,0.53740025,0.449468085106383,0.46259975,57.51,-3.7699754333496074,-12.269975433349614,True,parcial,True
1512,3556206,SP,Sudeste,829,0.53741395,0.48492159227985526,0.46258605,55.55,-1.8086059570312472,-11.068605957031252,True,parcial,True
1513,2701357,AL,Nordeste,97,0.5375182,0.6185567010309279,0.4624818,47.36,6.391819610595704,-5.918180389404299,False,completo,True
1514,3513108,SP,Sudeste,335,0.53780806,0.5880597014925373,0.46219194,47.95,5.830807495117185,-6.259192504882812,False,parcial,True
1515,4322525,RS,Sul,30,0.5379307,0.4666666666666667,0.46206927,80.0,-26.206928253173828,-26.206928253173828,True,completo,True
1516,5002159,MS,Centro-Oeste,137,0.53793913,0.45985401459854014,0.46206087,50.32,3.4739147949218747,-7.756085205078122,False,completo,True
1517,3506805,SP,Sudeste,69,0.5379465,0.4927536231884058,0.46205348,39.68,14.114651031494141,-0.7653489685058616,False,parcial,True
1518,3301207,RJ,Sudeste,140,0.5379911,0.6857142857142857,0.4620089,49.44,4.3591104125976585,-7.190889587402346,False,completo,False
1519,4310751,RS,Sul,15,0.53809863,0.6,0.46190137,,,-13.720135955810548,False,ausente,True
1520,2503902,PB,Nordeste,63,0.5387066,0.6825396825396826,0.4612934,42.98,10.890658874511722,-2.9293411254882784,False,completo,True
1521,4309159,RS,Sul,8,0.5387227,0.375,0.4612773,,,,False,completo,True
1522,1721257,TO,Norte,24,0.53883183,0.6666666666666666,0.46116817,43.0,10.883182525634766,-2.9268174743652366,False,completo,False
1523,2702504,AL,Nordeste,83,0.53892034,0.6385542168674698,0.46107966,51.92,1.972032623291014,-8.667967376708987,False,completo,True
1524,2613800,PE,Nordeste,136,0.5389893,0.4264705882352941,0.4610107,53.76,0.13892959594726761,-9.801070404052737,False,completo,True
1525,2610707,PE,Nordeste,2040,0.5390608,0.5495098039215687,0.46093923,55.98,-2.07392166137695,-11.163921661376946,True,completo,True
1526,2509107,PB,Nordeste,189,0.539136,0.708994708994709,0.460864,44.47,9.44360092163086,-3.8763990783691398,False,completo,True
1527,2801108,SE,Nordeste,28,0.5393494,0.6428571428571429,0.46065062,51.04,2.894936523437501,-8.075063476562498,False,completo,False
1528,2501500,PB,Nordeste,148,0.5395918,0.5472972972972973,0.4604082,55.82,-1.8608210754394534,-11.010821075439452,True,completo,False
1529,4321436,RS,Sul,105,0.53962237,0.5714285714285714,0.46037763,69.02,-15.057761688232418,-19.067761688232423,True,completo,True
1530,1715002,TO,Norte,29,0.5396921,0.5517241379310345,0.4603079,39.14,14.82921157836914,-0.2207884216308571,False,completo,True
1531,2514008,PB,Nordeste,41,0.53977066,0.6097560975609756,0.46022934,36.7,17.27706604003906,1.5070660400390636,False,completo,True
1532,4314787,RS,Sul,19,0.539848,0.5789473684210527,0.46015197,63.31,-9.325197753906252,-15.565197753906247,True,completo,True
1533,4305959,RS,Sul,34,0.53990483,0.4411764705882353,0.46009517,74.92,-20.929517669677736,-22.709517669677737,True,completo,True
1534,4310702,RS,Sul,29,0.540047,0.3793103448275862,0.459953,80.0,-25.99530029296875,-25.99530029296875,True,completo,True
1535,2110708,MA,Nordeste,348,0.54005903,0.49712643678160917,0.45994097,47.88,6.125901336669919,-5.994098663330078,False,completo,True
1536,2413003,RN,Nordeste,48,0.5401421,0.5,0.45985788,65.76,-11.745786437988286,-17.025786437988288,True,completo,False
1537,1506138,PA,Norte,1080,0.5402952,0.5833333333333334,0.45970482,59.2,-5.170481872558597,-13.0104818725586,True,completo,False
1538,3552502,SP,Sudeste,3638,0.5403693,0.5153930731170973,0.45963073,48.1,5.936926269531249,-6.103073730468751,False,parcial,True
1539,3301405,RJ,Sudeste,179,0.5403714,0.5586592178770949,0.45962858,54.71,-0.6728601074218759,-10.252860107421881,True,completo,True
1540,1502772,PA,Norte,271,0.5405383,0.7343173431734318,0.4594617,55.58,-1.5261669921874983,-10.776166992187498,True,completo,False
1541,1301654,AM,Norte,158,0.5405415,0.5506329113924051,0.45945847,64.85,-10.795846557617182,-16.42584655761719,True,completo,True
1542,3529906,SP,Sudeste,230,0.54061806,0.6478260869565218,0.45938194,49.39,4.671805725097656,-6.908194274902343,False,parcial,True
1543,3522208,SP,Sudeste,1878,0.5406766,0.5537806176783813,0.4593234,57.76,-3.692342529296873,-12.102342529296877,True,parcial,True
1544,2912806,BA,Nordeste,148,0.54073787,0.3783783783783784,0.45926213,63.71,-9.636212310791016,-15.716212310791022,True,completo,False
1545,5219753,GO,Centro-Oeste,908,0.54082566,0.539647577092511,0.45917434,48.66,5.422565307617191,-6.4174346923828125,False,completo,True
1546,4320503,RS,Sul,28,0.54091924,0.4642857142857143,0.45908076,63.15,-9.058077239990233,-15.358077239990237,True,completo,True
1547,4312104,RS,Sul,22,0.5409392,0.5,0.4590608,67.91,-13.816078338623043,-18.25607833862304,True,completo,True
1548,3510807,SP,Sudeste,217,0.54102653,0.6221198156682027,0.45897347,50.63,3.472653503417966,-7.647346496582031,False,parcial,True
1549,2700102,AL,Nordeste,150,0.5410792,0.4866666666666667,0.45892078,52.49,1.6179216003417949,-8.812078399658205,False,completo,True
1550,2111805,MA,Nordeste,250,0.541197,0.54,0.458803,48.38,5.739701385498044,-6.200298614501953,False,completo,True
1551,3506706,SP,Sudeste,141,0.5412243,0.5531914893617021,0.4587757,48.12,6.002428894042971,-6.037571105957028,False,parcial,False
1552,2507507,PB,Nordeste,5447,0.5413596,0.5581053791077657,0.4586404,52.13,2.005959625244138,-8.554040374755857,False,completo,True
1553,2614709,PE,Nordeste,96,0.5413925,0.4479166666666667,0.4586075,51.45,2.689251708984372,-8.120748291015623,False,completo,False
1554,4319752,RS,Sul,31,0.54141814,0.41935483870967744,0.45858186,80.0,-25.858184814453125,-25.858184814453125,True,completo,True
1555,2923035,BA,Nordeste,82,0.54146403,0.7317073170731707,0.45853597,63.79,-9.643595733642577,-15.693595733642582,True,completo,False
1556,2506103,PB,Nordeste,60,0.54148567,0.43333333333333335,0.45851433,63.9,-9.751432800292967,-15.751432800292974,True,completo,True
1557,4307401,RS,Sul,37,0.5416262,0.4864864864864865,0.45837379,80.0,-25.837379455566406,-25.837379455566406,True,completo,True
1558,1706001,TO,Norte,74,0.5419407,0.4864864864864865,0.4580593,53.39,0.8040689086914057,-9.275931091308593,False,completo,False
1559,2608206,PE,Nordeste,92,0.54211026,0.4673913043478261,0.45788974,54.58,-0.3689747619628889,-9.998974761962884,True,completo,True
1560,2500809,PB,Nordeste,104,0.54223114,0.47115384615384615,0.45776886,66.65,-12.42688598632813,-17.356885986328123,True,completo,True
1561,1716653,TO,Norte,55,0.5422329,0.6181818181818182,0.45776713,41.97,12.25328567504883,-1.8967143249511693,False,completo,False
1562,2513802,PB,Nordeste,35,0.5422351,0.42857142857142855,0.45776492,46.65,7.573506927490236,-4.9864930725097665,False,completo,True
1563,3548500,SP,Sudeste,2275,0.5422993,0.5283516483516484,0.45770073,59.92,-5.6900729370117205,-13.260072937011714,True,parcial,True
1564,1501576,PA,Norte,178,0.5423598,0.5280898876404494,0.45764017,61.74,-7.504015197753908,-14.35401519775391,True,completo,False
1565,2602605,PE,Nordeste,420,0.54252934,0.49047619047619045,0.45747066,57.44,-3.187066497802732,-11.717066497802733,True,completo,False
1566,2109106,MA,Nordeste,429,0.542595,0.44988344988344986,0.45740497,58.95,-4.690497589111331,-12.640497589111334,True,completo,True
1567,3300936,RJ,Sudeste,138,0.5426181,0.6014492753623188,0.4573819,55.79,-1.5281896972656241,-10.698189697265619,True,completo,False
1568,3506359,SP,Sudeste,963,0.54276747,0.6988577362409139,0.45723253,58.87,-4.593255157470701,-12.563255157470707,True,parcial,False
1569,2110807,MA,Nordeste,30,0.5428167,0.43333333333333335,0.4571833,49.59,4.691669616699215,-6.808330383300785,False,completo,True
1570,2610400,PE,Nordeste,175,0.54284817,0.5942857142857143,0.45715183,53.79,0.4948167419433602,-9.445183258056637,False,completo,True
1571,3523107,SP,Sudeste,4693,0.5430368,0.5770296185808651,0.45696318,48.89,5.413680419921874,-6.346319580078124,False,parcial,True
1572,4308300,RS,Sul,59,0.54315495,0.6610169491525424,0.45684505,65.01,-10.69450546264649,-16.264505462646483,True,completo,True
1573,2608800,PE,Nordeste,407,0.54327744,0.5749385749385749,0.45672256,52.98,1.3477435302734406,-8.892256469726561,False,completo,False
1574,4304713,RS,Sul,48,0.54327774,0.625,0.45672226,80.0,-25.672225952148438,-25.672225952148438,True,completo,False
1575,4208807,SC,Sul,302,0.54338783,0.5960264900662252,0.45661217,48.39,5.948783264160156,-5.991216735839842,False,completo,False
1576,5100409,MT,Centro-Oeste,172,0.54345655,0.5290697674418605,0.45654345,46.93,7.415657348632813,-5.044342651367188,False,completo,False
1577,3511409,SP,Sudeste,236,0.54352254,0.4025423728813559,0.45647746,49.79,4.562252960205079,-6.867747039794921,False,parcial,True
1578,2209609,PI,Nordeste,28,0.5435275,0.6428571428571429,0.45647252,42.27,12.082748870849606,-1.977251129150389,False,completo,True
1579,3502507,SP,Sudeste,321,0.54367167,0.5389408099688473,0.45632833,49.33,5.037168426513674,-6.562831573486328,False,parcial,True
1580,2612505,PE,Nordeste,1020,0.54380596,0.5568627450980392,0.45619404,57.31,-2.9294038391113304,-11.509403839111329,True,completo,False
1581,2204501,PI,Nordeste,128,0.5438339,0.6796875,0.4561661,54.0,0.383392333984375,-9.466607666015626,False,completo,False
1582,5106828,MT,Centro-Oeste,141,0.5439536,0.49645390070921985,0.4560464,49.74,4.655359039306639,-6.794640960693357,False,completo,True
1583,4313375,RS,Sul,357,0.54416513,0.6470588235294118,0.45583487,61.05,-6.633488464355466,-13.75348846435547,True,completo,True
1584,2602902,PE,Nordeste,1976,0.544202,0.5075910931174089,0.45579797,59.25,-4.829795837402344,-12.649795837402337,True,completo,True
1585,3513603,SP,Sudeste,135,0.54429483,0.5777777777777777,0.45570517,54.88,-0.4505184936523463,-9.97051849365235,True,parcial,False
1586,2206001,PI,Nordeste,63,0.5443357,0.8095238095238095,0.45566428,29.37,25.063570861816405,7.5035708618164065,False,completo,True
1587,4302220,RS,Sul,18,0.54436487,0.6666666666666666,0.45563513,72.77,-18.333514709472652,-20.91351470947265,True,completo,True
1588,3556503,SP,Sudeste,1188,0.5445083,0.531986531986532,0.45549172,53.85,0.6008285522460923,-9.309171447753904,False,parcial,True
1589,2108405,MA,Nordeste,84,0.5447022,0.6071428571428571,0.45529783,42.07,12.400218658447265,-1.719781341552732,False,completo,True
1590,3300704,RJ,Sudeste,2212,0.5448777,0.5524412296564195,0.4551223,58.8,-4.312229919433591,-12.312229919433591,True,completo,True
1591,3550605,SP,Sudeste,725,0.5448804,0.5158620689655172,0.4551196,56.9,-2.4119628906249986,-11.151962890625,True,parcial,True
1592,1718840,TO,Norte,45,0.54490435,0.5333333333333333,0.45509565,51.26,3.23043655395508,-7.649563446044922,False,completo,False
1593,1200450,AC,Norte,280,0.54500294,0.4857142857142857,0.45499706,,,-2.759706268310545,False,ausente,True
1594,2703205,AL,Nordeste,249,0.5450686,0.5100401606425703,0.45493138,53.17,1.3368626403808577,-8.833137359619144,False,completo,True
1595,3511003,SP,Sudeste,209,0.5453188,0.45933014354066987,0.45468122,53.1,1.4318794250488267,-8.768120574951169,False,parcial,True
1596,4202073,SC,Sul,180,0.5453681,0.5166666666666667,0.45463192,,,-6.313191986083986,False,completo,True
1597,5218003,GO,Centro-Oeste,357,0.5453727,0.49859943977591037,0.45462728,56.34,-1.8027265930175815,-10.762726593017575,True,completo,True
1598,2610806,PE,Nordeste,174,0.5455072,0.5459770114942529,0.4544928,52.41,2.1407202148437534,-8.30927978515625,False,completo,True
1599,3548708,SP,Sudeste,6727,0.54560196,0.5430355284673704,0.45439804,59.62,-5.059804077148435,-12.739804077148435,True,parcial,True
1600,4304804,RS,Sul,259,0.54569536,0.6293436293436293,0.45430464,69.44,-14.87046188354492,-18.720461883544928,True,completo,False
1601,2106102,MA,Nordeste,129,0.5459533,0.6589147286821705,0.45404673,45.2,9.395329284667966,-3.6746707153320344,False,completo,True
1602,2107605,MA,Nordeste,119,0.54617244,0.7058823529411765,0.45382756,48.1,6.517244720458983,-5.522755279541016,False,completo,True
1603,3521804,SP,Sudeste,282,0.5462163,0.4716312056737589,0.4537837,52.73,1.8916316223144563,-8.43836837768555,False,parcial,True
1604,1302207,AM,Norte,137,0.54624254,0.5109489051094891,0.45375746,46.8,7.82425231933594,-4.685747680664065,False,completo,True
1605,1200013,AC,Norte,180,0.54652125,0.5888888888888889,0.45347875,,,-12.687873687744144,False,ausente,True
1606,5105309,MT,Centro-Oeste,28,0.5468324,0.4642857142857143,0.45316762,44.17,10.513238983154295,-2.9067610168457065,False,completo,True
1607,4323754,RS,Sul,13,0.547346,0.6923076923076923,0.452654,,,,False,completo,False
1608,2210656,PI,Nordeste,54,0.547349,0.7592592592592593,0.45265102,50.79,3.9448976135253915,-7.115102386474611,False,completo,True
1609,2111300,MA,Nordeste,6251,0.5474778,0.569828827387618,0.45252222,52.79,1.957779846191407,-8.352220153808595,False,completo,True
1610,3539301,SP,Sudeste,460,0.5476448,0.5673913043478261,0.4523552,51.43,3.334480590820313,-7.4855194091796875,False,parcial,True
1611,3502309,SP,Sudeste,66,0.5476652,0.4696969696969697,0.45233482,44.99,9.776517639160154,-3.3634823608398463,False,parcial,True
1612,2205508,PI,Nordeste,451,0.5479217,0.43015521064301554,0.45207828,54.78,0.012171478271483238,-9.547828521728519,False,completo,True
1613,4219358,SC,Sul,52,0.547956,0.75,0.452044,50.26,4.535600891113283,-6.724399108886722,False,completo,False
1614,5200258,GO,Centro-Oeste,2979,0.54800856,0.5391070829137294,0.45199144,54.0,0.8008575439453125,-9.049142456054689,False,completo,True
1615,2513356,PB,Nordeste,26,0.548026,0.38461538461538464,0.45197397,57.18,-2.3773991394042966,-11.0073991394043,True,completo,True
1616,1708205,TO,Norte,176,0.5482089,0.45454545454545453,0.4517911,66.36,-11.53911148071289,-16.579111480712896,True,completo,True
1617,3542602,SP,Sudeste,514,0.54822206,0.6439688715953308,0.45177794,56.89,-2.0677954101562506,-10.807795410156245,True,parcial,False
1618,4302352,RS,Sul,171,0.5485393,0.5029239766081871,0.45146072,74.68,-19.82607238769532,-21.69607238769531,True,completo,True
1619,2701605,AL,Nordeste,199,0.54861456,0.6231155778894473,0.45138544,51.08,3.781457824707033,-7.16854217529297,False,completo,False
1620,2601052,PE,Nordeste,221,0.5488566,0.5384615384615384,0.45114338,51.26,3.625662078857424,-7.264337921142577,False,completo,True
1621,2107506,MA,Nordeste,1548,0.5489049,0.5581395348837209,0.4510951,55.54,-0.6495123291015616,-9.90951232910156,True,completo,True
1622,2608255,PE,Nordeste,174,0.5490163,0.6896551724137931,0.4509837,49.83,5.07163040161133,-6.338369598388674,False,completo,False
1623,4310363,RS,Sul,12,0.54904324,0.5,0.45095676,78.5,-23.59567642211914,-24.105676422119146,True,completo,True
1624,2515930,PB,Nordeste,63,0.5490693,0.746031746031746,0.4509307,56.63,-1.7230709838867213,-10.563070983886718,True,completo,False
1625,4314456,RS,Sul,24,0.5490958,0.3333333333333333,0.4509042,60.36,-5.450419769287109,-12.84041976928711,True,completo,False
1626,4305900,RS,Sul,77,0.5493526,0.44155844155844154,0.4506474,79.32,-24.38474304199218,-24.614743041992185,True,completo,True
1627,2507705,PB,Nordeste,150,0.5494171,0.46,0.45058292,55.74,-0.7982923889160176,-9.988292388916022,True,completo,True
1628,4307203,RS,Sul,53,0.5495356,0.4716981132075472,0.45046443,80.0,-25.046443939208984,-25.046443939208984,True,completo,True
1629,3503802,SP,Sudeste,505,0.5495632,0.5445544554455446,0.45043677,55.03,-0.07367828369140739,-9.533678283691401,True,parcial,True
1630,2404804,RN,Nordeste,9,0.5497927,0.2222222222222222,0.4502073,,,,False,completo,True
1631,3557204,SP,Sudeste,112,0.5498208,0.5089285714285714,0.45017922,44.52,10.46207855224609,-2.8379214477539065,False,parcial,True
1632,2508208,PB,Nordeste,68,0.5498555,0.4411764705882353,0.45014453,69.61,-14.624453887939453,-18.404453887939454,True,completo,True
1633,2103505,MA,Nordeste,392,0.5500549,0.5,0.4499451,62.9,-7.894510650634764,-14.284510650634772,True,completo,True
1634,4318432,RS,Sul,13,0.5501403,0.9230769230769231,0.44985968,,,,False,ausente,True
1635,5105101,MT,Centro-Oeste,390,0.5504601,0.5974358974358974,0.4495399,57.76,-2.713990936279295,-11.113990936279293,True,completo,True
1636,5105507,MT,Centro-Oeste,200,0.5504861,0.475,0.4495139,52.17,2.878606872558592,-7.661393127441407,False,completo,False
1637,4321451,RS,Sul,268,0.5504942,0.6305970149253731,0.4495058,80.0,-24.950580596923828,-24.950580596923828,True,completo,False
1638,2411809,RN,Nordeste,27,0.5504946,0.5925925925925926,0.4495054,,,,False,completo,True
1639,2400703,RN,Nordeste,137,0.5506746,0.5255474452554745,0.44932538,53.58,1.4874629211425798,-8.522537078857425,False,completo,True
1640,1707207,TO,Norte,62,0.550713,0.532258064516129,0.449287,53.8,1.2713005065917997,-8.6586994934082,False,completo,True
1641,5106307,MT,Centro-Oeste,308,0.5507543,0.6071428571428571,0.4492457,50.99,4.085431823730467,-6.89456817626953,False,completo,True
1642,2500577,PB,Nordeste,52,0.55087286,0.5,0.44912714,50.06,5.027287902832029,-6.302712097167969,False,completo,True
1643,1711100,TO,Norte,25,0.5509453,0.24,0.44905472,66.76,-11.665471801757818,-16.545471801757813,True,completo,True
1644,4305801,RS,Sul,105,0.5511153,0.49523809523809526,0.44888473,80.0,-24.888473510742188,-24.888473510742188,True,completo,True
1645,4117602,PR,Sul,629,0.55117065,0.5453100158982512,0.44882935,59.7,-4.582934570312503,-12.232934570312494,True,completo,True
1646,4207205,SC,Sul,111,0.5512306,0.45045045045045046,0.4487694,,,-2.946937866210938,False,completo,True
1647,4310207,RS,Sul,767,0.55146885,0.5645371577574967,0.44853115,77.0,-21.85311508178711,-22.88311508178711,True,completo,True
1648,2410603,RN,Nordeste,19,0.5515107,0.6842105263157895,0.4484893,37.03,18.12106964111328,2.4510696411132784,False,completo,True
1649,1506104,PA,Norte,133,0.55153877,0.5037593984962406,0.44846123,54.05,1.103877258300784,-8.726122741699221,False,completo,False
1650,3502200,SP,Sudeste,232,0.55175185,0.6077586206896551,0.44824815,53.44,1.7351861572265648,-8.334813842773436,False,parcial,True
1651,3532868,SP,Sudeste,12,0.5518873,0.25,0.44811273,46.27,8.918728332519528,-3.7712716674804696,False,parcial,True
1652,4309902,RS,Sul,53,0.5518972,0.49056603773584906,0.44810277,78.69,-23.50027603149414,-23.940276031494136,True,completo,True
1653,4318481,RS,Sul,32,0.55197513,0.4375,0.44802487,78.94,-23.742486419677732,-24.10248641967773,True,completo,True
1654,3553302,SP,Sudeste,189,0.55207425,0.6031746031746031,0.44792575,53.01,2.1974241638183614,-8.032575836181643,False,parcial,True
1655,3540705,SP,Sudeste,460,0.5520843,0.5043478260869565,0.44791567,54.0,1.2084312438964844,-8.641568756103517,False,parcial,True
1656,2804102,SE,Nordeste,90,0.5521225,0.5777777777777777,0.44787753,49.05,6.162245941162112,-5.537754058837891,False,completo,True
1657,1200708,AC,Norte,205,0.5521553,0.5219512195121951,0.44784468,,,-7.34446960449219,False,ausente,True
1658,2500700,PB,Nordeste,113,0.5521822,0.7345132743362832,0.4478178,48.11,7.108219757080079,-4.9317802429199205,False,completo,False
1659,1705508,TO,Norte,442,0.55222374,0.5588235294117647,0.44777626,55.79,-0.5676260375976554,-9.73762603759765,True,completo,False
1660,2404309,RN,Nordeste,77,0.5522287,0.4935064935064935,0.4477713,61.52,-6.297130126953128,-13.237130126953119,True,completo,True
1661,4312625,RS,Sul,13,0.552271,0.6923076923076923,0.447729,,,,False,completo,True
1662,2805000,SE,Nordeste,23,0.55233616,0.4782608695652174,0.44766384,52.91,2.323615875244144,-7.936384124755861,False,completo,True
1663,4128559,PR,Sul,111,0.5523423,0.7657657657657657,0.4476577,56.94,-1.7057699584960915,-10.42576995849609,True,completo,False
1664,1100338,RO,Norte,404,0.5523619,0.45792079207920794,0.4476381,65.81,-10.573809204101565,-15.833809204101556,True,completo,True
1665,4309100,RS,Sul,442,0.55236477,0.5769230769230769,0.44763523,79.21,-23.973523101806634,-24.243523101806645,True,completo,True
1666,4314779,RS,Sul,22,0.5523761,0.5,0.4476239,,,,False,completo,True
1667,4305157,RS,Sul,20,0.55243695,0.75,0.44756305,,,,False,completo,True
1668,5107008,MT,Centro-Oeste,242,0.5524519,0.4669421487603306,0.4475481,52.47,2.775189666748048,-7.654810333251952,False,completo,True
1669,3543907,SP,Sudeste,1648,0.5524798,0.5449029126213593,0.4475202,55.16,0.08798202514648779,-9.322017974853509,False,parcial,False
1670,2604106,PE,Nordeste,3085,0.5524928,0.5831442463533225,0.4475072,59.11,-3.8607209777832026,-11.740720977783198,True,completo,False
1671,4312617,RS,Sul,36,0.55255103,0.5555555555555556,0.44744897,70.55,-15.294895935058591,-18.724895935058598,True,completo,True
1672,2924504,BA,Nordeste,120,0.5526005,0.38333333333333336,0.4473995,72.46,-17.199948272705072,-19.889948272705084,True,completo,True
1673,4300570,RS,Sul,31,0.55266535,0.5806451612903226,0.44733465,73.84,-18.57346328735352,-20.75346328735351,True,completo,False
1674,3532827,SP,Sudeste,109,0.5529775,0.6146788990825688,0.4470225,50.74,4.557748565673826,-6.522251434326172,False,parcial,True
1675,2206704,PI,Nordeste,48,0.55360043,0.3958333333333333,0.44639957,52.31,3.050042572021482,-7.449957427978518,False,completo,True
1676,2931053,BA,Nordeste,178,0.553626,0.6179775280898876,0.446374,66.17,-10.807401580810549,-15.927401580810553,True,completo,False
1677,3520103,SP,Sudeste,209,0.5536978,0.5598086124401914,0.44630218,52.47,2.899781494140626,-7.530218505859374,False,parcial,True
1678,4322251,RS,Sul,64,0.55375373,0.546875,0.44624627,80.0,-24.62462615966797,-24.62462615966797,True,completo,True
1679,1702554,TO,Norte,191,0.55376315,0.5968586387434555,0.44623685,54.94,0.4363160705566429,-9.063683929443357,False,completo,True
1680,2403202,RN,Nordeste,44,0.5537706,0.5227272727272727,0.4462294,58.21,-2.8329400634765634,-11.06294006347656,True,completo,True
1681,1705102,TO,Norte,42,0.5538615,0.5238095238095238,0.4461385,54.09,1.2961503601074185,-8.523849639892575,False,completo,True
1682,4318804,RS,Sul,352,0.55409455,0.5681818181818182,0.44590545,79.22,-23.810545654296874,-24.07054565429688,True,completo,True
1683,2512903,PB,Nordeste,231,0.5541849,0.47186147186147187,0.4458151,78.16,-22.741508636474606,-23.371508636474616,True,completo,True
1684,3503901,SP,Sudeste,1016,0.55426943,0.610236220472441,0.44573057,55.66,-0.23305526733398096,-9.45305526733398,True,parcial,True
1685,5007950,MS,Centro-Oeste,187,0.55427635,0.5668449197860963,0.44572365,56.3,-0.8723648071289034,-9.842364807128902,True,completo,True
1686,1100809,RO,Norte,366,0.5542766,0.5136612021857924,0.4457234,54.05,1.3776580810546903,-8.452341918945315,False,completo,True
1687,2100709,MA,Nordeste,141,0.5544814,0.41134751773049644,0.4455186,73.92,-18.471860809326174,-20.621860809326165,True,completo,True
1688,2614501,PE,Nordeste,286,0.55452245,0.5944055944055944,0.44547755,59.49,-4.037756195068361,-11.767756195068358,True,completo,True
1689,4306320,RS,Sul,20,0.5546457,0.8,0.44535428,54.69,0.7745729064941429,-8.81542709350586,False,completo,True
1690,4202099,SC,Sul,18,0.55467623,0.6666666666666666,0.44532377,54.93,0.5376246643066409,-8.962375335693366,False,completo,True
1691,4322806,RS,Sul,206,0.5548346,0.5728155339805825,0.4451654,77.57,-22.086540527343743,-22.916540527343756,True,completo,True
1692,2109304,MA,Nordeste,94,0.5548837,0.4787234042553192,0.44511628,50.02,5.468372802734372,-5.871627197265624,False,completo,True
1693,3512308,SP,Sudeste,144,0.5550123,0.6944444444444444,0.4449877,52.67,2.8312283325195295,-7.518771667480472,False,parcial,False
1694,3557303,SP,Sudeste,84,0.55504924,0.5238095238095238,0.44495076,50.77,4.734924774169919,-6.3350752258300815,False,parcial,True
1695,1501451,PA,Norte,197,0.55521005,0.5786802030456852,0.44478995,63.83,-8.308996276855467,-14.338996276855468,True,completo,True
1696,2709004,AL,Nordeste,75,0.5552986,0.5333333333333333,0.44470137,48.08,7.449861450195314,-4.60013854980469,False,completo,True
1697,5103858,MT,Centro-Oeste,100,0.55542666,0.6,0.44457334,50.68,4.862667388916016,-6.2373326110839855,False,completo,True
1698,1500800,PA,Norte,4114,0.55544287,0.5354885755955274,0.44455713,62.51,-6.965711364746092,-13.515711364746096,True,completo,True
1699,3300258,RJ,Sudeste,377,0.55550855,0.583554376657825,0.44449145,55.35,0.20085372924804545,-9.13914627075195,False,completo,True
1700,1506195,PA,Norte,320,0.5557289,0.546875,0.4442711,61.62,-6.047108764648435,-12.947108764648434,True,completo,True
1701,2600708,PE,Nordeste,237,0.55580014,0.39662447257383965,0.44419986,59.27,-3.6899867248535188,-11.509986724853519,True,completo,True
1702,1504307,PA,Norte,197,0.55582327,0.4720812182741117,0.44417673,69.99,-14.407675018310542,-18.047675018310542,True,completo,True
1703,3504008,SP,Sudeste,869,0.55595773,0.5512082853855006,0.44404227,49.23,6.365771789550784,-5.274228210449216,False,parcial,False
1704,2100303,MA,Nordeste,212,0.55597305,0.45754716981132076,0.44402695,69.85,-14.252694702148432,-17.942694702148444,True,completo,True
1705,2205300,PI,Nordeste,57,0.5560539,0.7543859649122807,0.44394612,33.53,22.07538864135742,5.455388641357423,False,completo,True
1706,4307906,RS,Sul,703,0.55612516,0.5604551920341394,0.44387484,80.0,-24.387481689453125,-24.387481689453125,True,completo,True
1707,3304128,RJ,Sudeste,114,0.5562581,0.6052631578947368,0.44374192,54.03,1.5958087158203114,-8.244191284179685,False,completo,True
1708,3101706,MG,Sudeste,408,0.5562805,0.5490196078431373,0.4437195,45.59,10.038047943115231,-2.8919520568847688,False,completo,True
1709,4207304,SC,Sul,485,0.5563075,0.5608247422680412,0.4436925,,,,False,completo,True
1710,2504306,PB,Nordeste,221,0.5565926,0.4660633484162896,0.44340742,59.32,-3.660740203857422,-11.460740203857426,True,completo,False
1711,2112902,MA,Nordeste,249,0.55662686,0.606425702811245,0.44337314,54.07,1.592685394287109,-8.227314605712891,False,completo,True
1712,2506202,PB,Nordeste,14,0.55669624,0.7142857142857143,0.44330376,45.11,10.559624328613282,-2.5403756713867196,False,completo,True
1713,4318465,RS,Sul,9,0.5567053,0.3333333333333333,0.4432947,,,,False,completo,True
1714,4312450,RS,Sul,61,0.5567114,0.4918032786885246,0.44328862,74.06,-18.388861236572268,-20.488861236572262,True,completo,False
1715,2708402,AL,Nordeste,398,0.5567884,0.5050251256281407,0.44321162,54.11,1.5688368225097662,-8.241163177490236,False,completo,True
1716,1713304,TO,Norte,132,0.5567987,0.6363636363636364,0.4432013,57.09,-1.4101293945312534,-10.080129394531255,True,completo,True
1717,2200103,PI,Nordeste,63,0.55684716,0.6031746031746031,0.44315284,39.55,16.134715270996097,1.2147152709960949,False,completo,True
1718,2924702,BA,Nordeste,85,0.55687135,0.5647058823529412,0.44312865,66.84,-11.152866210937503,-16.002866210937498,True,completo,True
1719,4317558,RS,Sul,26,0.5569484,0.34615384615384615,0.44305158,73.44,-17.74515670776367,-20.075156707763668,True,completo,True
1720,3535309,SP,Sudeste,170,0.5571637,0.6058823529411764,0.44283628,51.9,3.8163696289062514,-6.833630371093747,False,parcial,True
1721,4119509,PR,Sul,1321,0.55723953,0.5094625283875852,0.44276047,61.92,-6.196046752929689,-12.97604675292969,True,completo,True
1722,2404408,RN,Nordeste,84,0.5573292,0.6666666666666666,0.44267082,46.65,9.082917785644533,-3.4770822143554696,False,completo,False
1723,4319000,RS,Sul,152,0.55741733,0.4473684210526316,0.44258267,80.0,-24.25826644897461,-24.25826644897461,True,completo,True
1724,4314134,RS,Sul,20,0.5574221,0.5,0.4425779,65.38,-9.637789611816402,-15.067789611816409,True,completo,True
1725,3548203,SP,Sudeste,72,0.55743736,0.7361111111111112,0.44256264,48.8,6.943736267089847,-4.84626373291016,False,parcial,True
1726,5006408,MS,Centro-Oeste,110,0.5574405,0.5636363636363636,0.44255948,40.53,15.21405288696289,0.6040528869628901,False,completo,True
1727,1506401,PA,Norte,104,0.55754083,0.5192307692307693,0.44245917,54.82,0.9340817260742185,-8.60591827392578,False,completo,True
1728,3510500,SP,Sudeste,1504,0.55769646,0.5824468085106383,0.44230354,58.59,-2.8203543090820347,-10.910354309082038,True,parcial,False
1729,2607901,PE,Nordeste,4684,0.5577565,0.552732707087959,0.44224352,61.03,-5.254349975585939,-12.384349975585934,True,completo,True
1730,3535804,SP,Sudeste,212,0.5577832,0.4339622641509434,0.4422168,54.37,1.4083203125000026,-8.301679687499998,False,parcial,True
1731,1302900,AM,Norte,530,0.5579156,0.5509433962264151,0.44208437,57.61,-1.818438873291015,-10.288438873291014,True,completo,True
1732,2510808,PB,Nordeste,785,0.5579779,0.6777070063694267,0.4420221,49.44,6.357790527343752,-5.20220947265625,False,completo,True
1733,3526100,SP,Sudeste,194,0.5580651,0.5515463917525774,0.44193488,59.04,-3.2334890747070304,-11.143489074707034,True,parcial,True
1734,2609808,PE,Nordeste,116,0.5580894,0.5086206896551724,0.44191062,51.44,4.3689370727539085,-6.451062927246092,False,completo,True
1735,3539806,SP,Sudeste,1172,0.5581705,0.5213310580204779,0.4418295,58.69,-2.872949066162107,-10.922949066162104,True,parcial,True
1736,3149952,MG,Sudeste,75,0.558183,0.44,0.441817,50.92,4.898302154541014,-6.111697845458984,False,completo,True
1737,4307302,RS,Sul,32,0.55834585,0.5,0.44165415,69.44,-13.605412902832029,-17.455412902832038,True,completo,True
1738,3508405,SP,Sudeste,668,0.55847347,0.6452095808383234,0.44152653,54.18,1.6673472595214847,-8.112652740478516,False,parcial,True
1739,5007505,MS,Centro-Oeste,90,0.5585437,0.5,0.44145632,45.12,10.734370117187503,-2.355629882812501,False,completo,False
1740,4308409,RS,Sul,44,0.5587049,0.5681818181818182,0.4412951,80.0,-24.12950897216797,-24.12950897216797,True,completo,True
1741,2900504,BA,Nordeste,43,0.5588403,0.37209302325581395,0.44115973,69.97,-14.08597442626953,-17.735974426269536,True,completo,True
1742,2505279,PB,Nordeste,27,0.55904996,0.5555555555555556,0.44095004,60.93,-5.02500503540039,-12.195005035400385,True,completo,True
1743,5100102,MT,Centro-Oeste,62,0.5591486,0.4032258064516129,0.4408514,44.52,11.394859771728512,-1.9051402282714847,False,completo,True
1744,3506904,SP,Sudeste,115,0.5592919,0.6869565217391305,0.4407081,51.32,4.6091915893554685,-6.260808410644529,False,parcial,True
1745,4313607,RS,Sul,30,0.5593768,0.5333333333333333,0.44062322,79.11,-23.172320709228515,-23.472320709228512,True,completo,True
1746,4307815,RS,Sul,25,0.559451,0.6,0.44054902,80.0,-24.054901123046875,-24.054901123046875,True,completo,False
1747,3508009,SP,Sudeste,278,0.5595389,0.6330935251798561,0.4404611,53.99,1.9638917541503886,-7.896108245849611,False,parcial,True
1748,2611606,PE,Nordeste,9918,0.55967116,0.5462794918330308,0.44032884,65.29,-9.322882690429694,-14.782882690429688,True,completo,True
1749,4103107,PR,Sul,229,0.55970746,0.5764192139737991,0.44029254,54.2,1.770745086669919,-7.999254913330077,False,completo,True
1750,4323358,RS,Sul,17,0.559981,0.5294117647058824,0.440019,72.6,-16.601899719238276,-19.241899719238276,True,completo,False
1751,2708600,AL,Nordeste,564,0.56012845,0.5762411347517731,0.43987155,55.0,1.0128440856933594,-8.45715591430664,False,completo,True
1752,4317400,RS,Sul,392,0.56025213,0.5994897959183674,0.43974787,73.95,-17.924788665771487,-20.064788665771488,True,completo,True
1753,3501152,SP,Sudeste,189,0.5603224,0.5396825396825397,0.4396776,53.71,2.3222418212890616,-7.637758178710939,False,parcial,True
1754,3507605,SP,Sudeste,1425,0.560394,0.5340350877192982,0.439606,56.64,-0.6006018066406256,-9.440601806640629,True,parcial,True
1755,2205524,PI,Nordeste,14,0.5606758,1.0,0.4393242,49.16,6.907581176757816,-4.752418823242188,False,completo,True
1756,2208007,PI,Nordeste,528,0.56073856,0.5511363636363636,0.43926144,57.43,-1.356143646240234,-9.886143646240228,True,completo,False
1757,3519253,SP,Sudeste,54,0.56075853,0.42592592592592593,0.43924147,48.52,7.555851440429684,-4.334148559570309,False,parcial,True
1758,2613503,PE,Nordeste,408,0.56085837,0.6053921568627451,0.43914163,52.12,3.9658383178710963,-6.594161682128906,False,completo,True
1759,1718899,TO,Norte,30,0.5609615,0.43333333333333335,0.43903852,65.92,-9.823850555419924,-15.033850555419917,True,completo,True
1760,2612406,PE,Nordeste,171,0.5610591,0.6608187134502924,0.43894088,47.86,8.245911254882813,-3.8840887451171895,False,completo,True
1761,2101939,MA,Nordeste,33,0.5612201,0.8787878787878788,0.4387799,19.1,37.02200927734375,18.37200927734375,False,completo,True
1762,4301800,RS,Sul,43,0.56128156,0.5581395348837209,0.43871844,74.37,-18.241845245361333,-20.231845245361328,True,completo,True
1763,3171030,MG,Sudeste,90,0.5614586,0.4666666666666667,0.4385414,,,,False,completo,True
1764,4321808,RS,Sul,211,0.5614908,0.5213270142180095,0.43850923,79.17,-23.020921630859377,-23.300921630859378,True,completo,True
1765,4304200,RS,Sul,228,0.5615432,0.5307017543859649,0.43845677,76.07,-19.915676422119134,-21.275676422119147,True,completo,True
1766,2609501,PE,Nordeste,221,0.5615833,0.5701357466063348,0.43841672,58.93,-2.771670989990234,-10.72167098999023,True,completo,True
1767,4322707,RS,Sul,202,0.5615912,0.45544554455445546,0.4384088,68.66,-12.500877532958981,-16.650877532958987,True,completo,False
1768,1506708,PA,Norte,561,0.56160253,0.5882352941176471,0.43839747,58.75,-2.5897483825683594,-10.609748382568355,True,completo,True
1769,3136959,MG,Sudeste,46,0.56164676,0.45652173913043476,0.43835324,,,,False,completo,False
1770,4303905,RS,Sul,607,0.5617196,0.4645799011532125,0.4382804,77.73,-21.55804107666016,-22.33804107666016,True,completo,False
1771,3552106,SP,Sudeste,247,0.5617308,0.611336032388664,0.4382692,55.63,0.5430804443359349,-8.686919555664062,False,parcial,True
1772,3305208,RJ,Sudeste,1152,0.56179297,0.5564236111111112,0.43820703,60.17,-3.9907015991210955,-11.45070159912109,True,completo,True
1773,2113009,MA,Nordeste,258,0.5618724,0.7364341085271318,0.43812758,55.82,0.3672406005859372,-8.782759399414061,False,completo,False
1774,1708304,TO,Norte,41,0.56203264,0.3902439024390244,0.43796736,57.94,-1.7367376708984352,-10.076737670898439,True,completo,True
1775,3546256,SP,Sudeste,21,0.5621146,0.42857142857142855,0.4378854,51.45,4.761460113525388,-6.0585398864746125,False,parcial,True
1776,4311239,RS,Sul,11,0.5621332,0.5454545454545454,0.4378668,72.28,-16.06668212890625,-18.836682128906247,True,completo,True
1777,1700707,TO,Norte,110,0.5622555,0.7181818181818181,0.4377445,53.11,3.11555160522461,-7.074448394775388,False,completo,False
1778,2504355,PB,Nordeste,56,0.56227237,0.7678571428571429,0.43772763,57.47,-1.2427622985839832,-9.76276229858398,True,completo,False
1779,4317608,RS,Sul,297,0.56238186,0.5824915824915825,0.43761814,77.72,-21.48181411743164,-22.26181411743164,True,completo,True
1780,5004908,MS,Centro-Oeste,87,0.5625006,0.4482758620689655,0.4374994,44.9,11.350061035156251,-1.8199389648437503,False,completo,True
1781,2102705,MA,Nordeste,208,0.5625418,0.7067307692307693,0.43745822,57.5,-1.2458229064941406,-9.755822906494146,True,completo,False
1782,4304507,RS,Sul,338,0.56257457,0.5680473372781065,0.43742543,79.74,-23.482542266845698,-23.5725422668457,True,completo,False
1783,4315701,RS,Sul,317,0.562619,0.61198738170347,0.43738103,74.39,-18.128101959228516,-20.10810195922852,True,completo,True
1784,1710508,TO,Norte,44,0.5627172,0.4090909090909091,0.4372828,63.69,-7.418279113769529,-13.508279113769532,True,completo,True
1785,2601904,PE,Nordeste,401,0.5628271,0.5660847880299252,0.4371729,56.18,0.10271102905273466,-8.917288970947268,False,completo,True
1786,4215455,SC,Sul,157,0.56284285,0.49044585987261147,0.43715715,70.98,-14.695713500976566,-17.955713500976557,True,completo,True
1787,2608008,PE,Nordeste,131,0.56286794,0.35877862595419846,0.43713206,56.54,-0.253207244873046,-9.133207244873049,True,completo,True
1788,1720937,TO,Norte,27,0.5629267,0.5555555555555556,0.4370733,59.86,-3.567328796386718,-11.157328796386722,True,completo,True
1789,2604304,PE,Nordeste,78,0.56295043,0.6282051282051282,0.43704957,52.32,3.9750439453124997,-6.514956054687502,False,completo,True
1790,2612604,PE,Nordeste,462,0.5629623,0.645021645021645,0.4370377,51.17,5.126230316162108,-5.793769683837894,False,completo,True
1791,1506112,PA,Norte,143,0.56301975,0.4755244755244755,0.43698025,53.99,2.3119752502441386,-7.548024749755861,False,completo,True
1792,1703206,TO,Norte,56,0.56304705,0.5892857142857143,0.43695295,57.3,-0.995293426513669,-9.585293426513672,True,completo,False
1793,3303955,RJ,Sudeste,282,0.5631393,0.6347517730496454,0.43686068,56.08,0.23393051147461108,-8.826069488525391,False,completo,True
1794,3512001,SP,Sudeste,188,0.563283,0.5797872340425532,0.43671697,49.61,6.718304290771485,-4.771695709228517,False,parcial,False
1795,4301552,RS,Sul,27,0.56339294,0.5555555555555556,0.43660706,80.0,-23.66070556640625,-23.66070556640625,True,completo,False
1796,4307500,RS,Sul,137,0.5634468,0.5109489051094891,0.43655318,80.0,-23.655319213867188,-23.655319213867188,True,completo,True
1797,4311791,RS,Sul,25,0.5636378,0.6,0.4363622,69.78,-13.416219024658204,-17.136219024658203,True,completo,True
1798,2514305,PB,Nordeste,57,0.5636991,0.5263157894736842,0.43630087,53.39,2.9799111938476557,-7.110088806152341,False,completo,True
1799,5107578,MT,Centro-Oeste,57,0.5638091,0.5087719298245614,0.4361909,36.18,20.200908966064453,4.29090896606445,False,completo,True
1800,1600212,AP,Norte,82,0.563926,0.5365853658536586,0.43607402,52.37,4.022597198486331,-6.447402801513675,False,completo,True
1801,3305604,RJ,Sudeste,260,0.56399494,0.5769230769230769,0.43600506,59.47,-3.0705058288574207,-10.810505828857416,True,completo,True
1802,2909000,BA,Nordeste,61,0.56406134,0.5245901639344263,0.43593866,71.03,-14.62386444091797,-17.863864440917965,True,completo,True
1803,4323770,RS,Sul,26,0.56436723,0.6153846153846154,0.43563277,80.0,-23.563278198242188,-23.563278198242188,True,completo,True
1804,1715507,TO,Norte,19,0.56436765,0.3157894736842105,0.43563235,54.93,1.5067637634277347,-7.9932362365722724,False,completo,False
1805,5003256,MS,Centro-Oeste,451,0.56437856,0.5476718403547672,0.43562144,45.24,11.197854766845701,-1.862145233154294,False,completo,True
1806,3549805,SP,Sudeste,3296,0.56444776,0.5700849514563107,0.43555224,56.68,-0.23522537231445284,-9.055225372314453,True,parcial,True
1807,4306700,RS,Sul,15,0.56466234,0.26666666666666666,0.43533766,80.0,-23.533767700195312,-23.533767700195312,True,completo,True
1808,3528403,SP,Sudeste,466,0.56468457,0.49356223175965663,0.43531543,,,-4.461543731689453,False,parcial,True
1809,3534203,SP,Sudeste,77,0.5647222,0.4805194805194805,0.43527782,49.39,7.082217559814453,-4.497782440185546,False,parcial,True
1810,4316600,RS,Sul,160,0.5647406,0.5375,0.4352594,75.28,-18.80593994140625,-20.455939941406257,True,completo,True
1811,4318457,RS,Sul,18,0.5648738,0.6111111111111112,0.4351262,78.67,-22.18261901855469,-22.632619018554692,True,completo,False
1812,3502903,SP,Sudeste,374,0.56487477,0.5641711229946524,0.43512523,54.42,2.0674763488769514,-7.622523651123046,False,parcial,True
1813,2211308,PI,Nordeste,184,0.5648913,0.42934782608695654,0.43510872,56.58,-0.09087188720702954,-8.950871887207029,True,completo,False
1814,4320800,RS,Sul,248,0.56505615,0.6290322580645161,0.43494385,68.48,-11.974384765625004,-16.194384765625003,True,completo,True
1815,3504909,SP,Sudeste,70,0.56506073,0.6,0.43493927,53.04,3.466072998046876,-6.753927001953123,False,parcial,True
1816,3554508,SP,Sudeste,301,0.5650623,0.6312292358803987,0.43493772,53.53,2.9762294006347645,-7.053770599365237,False,parcial,False
1817,4314704,RS,Sul,98,0.56513375,0.5612244897959183,0.43486625,73.65,-17.136625671386724,-19.386625671386724,True,completo,True
1818,4300554,RS,Sul,11,0.5653033,0.6363636363636364,0.43469667,,,,False,completo,True
1819,3550308,SP,Sudeste,94373,0.5654149,0.5659245758850519,0.4345851,44.37,12.17148864746094,-1.1785113525390614,False,parcial,True
1820,4305207,RS,Sul,113,0.5655137,0.48672566371681414,0.43448633,75.82,-19.268631286621087,-20.728631286621095,True,completo,True
1821,2207959,PI,Nordeste,63,0.5655759,0.49206349206349204,0.4344241,53.26,3.2975904846191426,-6.83240951538086,False,completo,True
1822,3521150,SP,Sudeste,68,0.56569916,0.4264705882352941,0.43430084,53.23,3.339915771484378,-6.810084228515628,False,parcial,True
1823,3300506,RJ,Sudeste,227,0.56574434,0.6740088105726872,0.43425566,55.3,1.2744323730468778,-8.085567626953122,False,completo,True
1824,3503356,SP,Sudeste,22,0.5657836,0.7727272727272727,0.43421638,35.72,20.85836151123047,4.818361511230471,False,parcial,False
1825,5103254,MT,Centro-Oeste,399,0.56583947,0.6892230576441103,0.43416053,47.78,8.803946228027343,-3.356053771972654,False,completo,True
1826,2107209,MA,Nordeste,128,0.5658437,0.46875,0.4341563,57.54,-0.955630340576171,-9.445630340576173,True,completo,True
1827,4315404,RS,Sul,59,0.5658884,0.6440677966101694,0.4341116,80.0,-23.41115951538086,-23.41115951538086,True,completo,True
1828,2200707,PI,Nordeste,126,0.566042,0.5714285714285714,0.433958,51.99,4.6142022705078105,-5.995797729492189,False,completo,True
1829,2516201,PB,Nordeste,524,0.5660506,0.6583969465648855,0.4339494,49.9,6.7050605773925795,-4.684939422607421,False,completo,True
1830,3552007,SP,Sudeste,70,0.56622964,0.4714285714285714,0.43377036,51.4,5.222962951660158,-5.607037048339841,False,parcial,True
1831,2107407,MA,Nordeste,141,0.5662811,0.5886524822695035,0.43371892,58.25,-1.6218910217285156,-9.841891021728514,True,completo,True
1832,4207106,SC,Sul,188,0.56630105,0.46808510638297873,0.43369895,,,,False,completo,False
1833,2508406,PB,Nordeste,29,0.5664003,0.8275862068965517,0.4335997,27.9,28.740029907226564,10.90002990722656,False,completo,True
1834,2110856,MA,Nordeste,138,0.56643575,0.427536231884058,0.43356425,65.51,-8.866426239013677,-14.236426239013667,True,completo,True
1835,4307054,RS,Sul,17,0.56643623,0.6470588235294118,0.43356377,64.9,-8.256376647949224,-13.866376647949224,True,completo,False
1836,1505031,PA,Norte,466,0.5665275,0.5793991416309013,0.4334725,64.5,-7.847251892089844,-13.61725189208984,True,completo,True
1837,3519071,SP,Sudeste,2413,0.56654704,0.5536676336510568,0.43345296,61.65,-4.995294952392577,-11.885294952392584,True,parcial,True
1838,2202208,PI,Nordeste,448,0.5666206,0.5491071428571429,0.4333794,56.83,-0.16794021606445142,-8.937940216064447,True,completo,True
1839,5107602,MT,Centro-Oeste,2966,0.56671745,0.6065407956844234,0.43328255,57.26,-0.5882546997070293,-9.18825469970703,True,completo,False
1840,2509800,PB,Nordeste,81,0.5669346,0.654320987654321,0.4330654,60.21,-3.5165414428710946,-10.96654144287109,True,completo,False
1841,1707009,TO,Norte,233,0.5669397,0.6094420600858369,0.4330603,56.47,0.22396972656250114,-8.676030273437505,False,completo,True
1842,2209005,PI,Nordeste,67,0.5669617,0.417910447761194,0.4330383,53.74,2.9561708068847636,-6.993829193115232,False,completo,True
1843,3512209,SP,Sudeste,337,0.5670727,0.5548961424332344,0.4329273,58.29,-1.5827322387695304,-9.782732238769526,True,parcial,True
1844,2102101,MA,Nordeste,272,0.5671183,0.5808823529411765,0.4328817,55.2,1.5118301391601534,-7.878169860839847,False,completo,True
1845,4322608,RS,Sul,487,0.5672521,0.6119096509240246,0.4327479,78.41,-21.684791717529293,-22.2247917175293,True,completo,False
1846,2511400,PB,Nordeste,191,0.5673658,0.42408376963350786,0.43263417,57.06,-0.3234162902832054,-9.003416290283198,True,completo,True
1847,2110906,MA,Nordeste,134,0.567503,0.835820895522388,0.43249702,56.04,0.7102975463867196,-8.35970245361328,False,completo,False
1848,3521200,SP,Sudeste,32,0.5675533,0.65625,0.43244672,56.89,-0.13467086791992244,-8.874670867919917,True,parcial,True
1849,1200401,AC,Norte,4491,0.5676267,0.548207526163438,0.4323733,,,-8.097327575683593,False,ausente,False
1850,4312385,RS,Sul,13,0.56768703,0.7692307692307693,0.43231297,80.0,-23.23129653930664,-23.23129653930664,True,completo,False
1851,4309126,RS,Sul,8,0.5677227,0.375,0.43227732,,,3.732266387939454,False,completo,True
1852,3511706,SP,Sudeste,183,0.5679077,0.6229508196721312,0.4320923,50.3,6.490767669677737,-4.749232330322265,False,parcial,True
1853,4322533,RS,Sul,46,0.5682081,0.5652173913043478,0.4317919,80.0,-23.17919158935547,-23.17919158935547,True,completo,True
1854,2104057,MA,Nordeste,500,0.56830853,0.606,0.43169147,59.05,-2.2191474914550753,-10.129147491455072,True,completo,False
1855,4308607,RS,Sul,303,0.5683144,0.5841584158415841,0.43168563,75.26,-18.428563842773443,-20.08856384277344,True,completo,True
1856,2111102,MA,Nordeste,276,0.56832874,0.5543478260869565,0.43167126,57.94,-1.1071257019042946,-9.447125701904298,True,completo,True
1857,2616001,PE,Nordeste,109,0.56834376,0.5963302752293578,0.43165624,57.68,-0.8456227111816403,-9.285622711181645,True,completo,True
1858,3511607,SP,Sudeste,264,0.5685163,0.5113636363636364,0.4314837,59.73,-2.8783688354492156,-10.518368835449223,True,parcial,True
1859,5107701,MT,Centro-Oeste,137,0.56854534,0.5547445255474452,0.43145466,58.02,-1.1654658508300813,-9.465465850830071,True,completo,True
1860,4306403,RS,Sul,341,0.568627,0.5777126099706745,0.431373,78.68,-21.817298583984382,-22.25729858398438,True,completo,True
1861,3534302,SP,Sudeste,293,0.5687638,0.5699658703071673,0.4312362,50.6,6.276380920410155,-4.853619079589841,False,parcial,True
1862,2100501,MA,Nordeste,156,0.5689157,0.5256410256410257,0.43108428,52.17,4.721571044921873,-5.818428955078126,False,completo,True
1863,4126256,PR,Sul,1465,0.56900144,0.5658703071672355,0.43099856,61.63,-4.729857330322268,-11.629857330322267,True,completo,True
1864,4303400,RS,Sul,20,0.5691745,0.5,0.43082547,,,,False,completo,True
1865,2608404,PE,Nordeste,155,0.56939465,0.6064516129032258,0.43060535,57.86,-0.9205354309082026,-9.290535430908207,True,completo,True
1866,2211001,PI,Nordeste,6896,0.5697072,0.5790313225058005,0.4302928,53.41,3.5607221984863315,-6.519277801513674,False,completo,True
1867,1505502,PA,Norte,1446,0.5697295,0.5705394190871369,0.4302705,65.34,-8.36705001831055,-13.807050018310548,True,completo,True
1868,2704005,AL,Nordeste,272,0.56986904,0.5698529411764706,0.43013096,57.72,-0.7330958557128895,-9.153095855712891,True,completo,False
1869,3505609,SP,Sudeste,356,0.56990266,0.5140449438202247,0.43009734,59.52,-2.529735107421878,-10.24973510742187,True,parcial,True
1870,2102606,MA,Nordeste,231,0.5699529,0.4935064935064935,0.4300471,64.65,-7.654711151123053,-13.364711151123046,True,completo,True
1871,2502904,PB,Nordeste,34,0.5700446,0.6470588235294118,0.42995542,51.07,5.934459381103515,-5.0255406188964855,False,completo,True
1872,2500106,PB,Nordeste,87,0.5700705,0.5287356321839081,0.4299295,52.91,4.097049560546878,-6.172950439453125,False,completo,True
1873,3506102,SP,Sudeste,567,0.5701052,0.5537918871252204,0.4298948,53.82,3.1905209350585935,-6.729479064941408,False,parcial,True
1874,4320263,RS,Sul,51,0.5701567,0.7647058823529411,0.4298433,75.76,-18.744329223632818,-20.224329223632807,True,completo,False
1875,3552205,SP,Sudeste,6334,0.5702709,0.5509946321439848,0.4297291,53.15,3.8770881652832045,-6.292911834716797,False,parcial,False
1876,2401503,RN,Nordeste,21,0.5703612,0.7619047619047619,0.4296388,59.37,-2.3338786315917943,-10.113878631591803,True,completo,True
1877,3515806,SP,Sudeste,11,0.57049114,0.2727272727272727,0.42950886,37.09,19.95911422729492,4.299114227294922,False,parcial,True
1878,2112803,MA,Nordeste,518,0.57053137,0.5366795366795367,0.42946863,61.88,-4.826861267089846,-11.62686126708985,True,completo,False
1879,3509957,SP,Sudeste,53,0.57057065,0.49056603773584906,0.42942935,57.95,-0.8929359436035185,-9.222935943603517,True,parcial,True
1880,5108600,MT,Centro-Oeste,275,0.57060754,0.5527272727272727,0.42939246,53.14,3.920752868652343,-6.2592471313476565,False,completo,True
1881,2500775,PB,Nordeste,46,0.5706166,0.6304347826086957,0.4293834,48.47,8.591660766601564,-3.31833923339844,False,completo,True
1882,1502202,PA,Norte,652,0.5706509,0.5950920245398773,0.42934912,64.97,-7.904913635253905,-13.484913635253903,True,completo,True
1883,2200251,PI,Nordeste,59,0.57085437,0.7457627118644068,0.42914563,50.17,6.915437774658201,-4.374562225341798,False,completo,True
1884,2801900,SE,Nordeste,33,0.5709438,0.5454545454545454,0.42905623,49.89,7.204375610351562,-4.185624389648439,False,completo,False
1885,3500303,SP,Sudeste,355,0.5709508,0.6169014084507042,0.4290492,52.38,4.715081329345701,-5.754918670654298,False,parcial,True
1886,3522406,SP,Sudeste,980,0.57108337,0.5642857142857143,0.42891663,57.76,-0.651662597656248,-9.061662597656252,True,parcial,True
1887,5004304,MS,Centro-Oeste,241,0.5711074,0.6016597510373444,0.4288926,44.73,12.380740661621097,-0.8492593383789071,False,completo,True
1888,2203503,PI,Nordeste,92,0.57113487,0.5108695652173914,0.42886513,55.01,2.1034872436523457,-7.36651275634766,False,completo,True
1889,2412104,RN,Nordeste,64,0.5711364,0.671875,0.42886358,54.48,2.633639831542972,-7.036360168457037,False,completo,True
1890,4322327,RS,Sul,39,0.5711543,0.6153846153846154,0.4288457,80.0,-22.884571075439453,-22.884571075439453,True,completo,False
1891,3531902,SP,Sudeste,279,0.5711768,0.44802867383512546,0.42882317,59.31,-2.192316589355471,-9.992316589355468,True,parcial,True
1892,3557154,SP,Sudeste,25,0.57119286,0.8,0.42880714,44.78,12.339285583496093,-0.8707144165039082,False,parcial,False
1893,5107958,MT,Centro-Oeste,1185,0.57125795,0.5924050632911393,0.42874205,53.83,3.2957934570312517,-6.62420654296875,False,completo,True
1894,2607802,PE,Nordeste,78,0.5712657,0.5769230769230769,0.4287343,53.48,3.6465716552734406,-6.403428344726564,False,completo,True
1895,4313904,RS,Sul,513,0.5712688,0.5497076023391813,0.4287312,76.0,-18.873119354248047,-20.263119354248047,True,completo,True
1896,1702703,TO,Norte,29,0.57142985,0.41379310344827586,0.42857015,57.4,-0.2570137023925767,-8.807013702392581,True,completo,True
1897,3536307,SP,Sudeste,190,0.5715698,0.6684210526315789,0.4284302,50.36,6.796978607177735,-4.423021392822264,False,parcial,True
1898,4205803,SC,Sul,230,0.57165843,0.6739130434782609,0.42834157,58.9,-1.7341560363769517,-9.704156036376958,True,completo,True
1899,3539400,SP,Sudeste,102,0.5716743,0.4411764705882353,0.4283257,54.01,3.1574270629882832,-6.692572937011718,False,parcial,False
1900,2505501,PB,Nordeste,24,0.57194513,0.5833333333333334,0.42805487,49.87,7.324511413574221,-4.075488586425784,False,completo,True
1901,5104609,MT,Centro-Oeste,207,0.5719698,0.5845410628019324,0.4280302,48.53,8.666979522705077,-3.2230204772949236,False,completo,True
1902,4304309,RS,Sul,53,0.5722657,0.5660377358490566,0.42773432,76.2,-18.97342987060547,-20.293429870605465,True,completo,True
1903,2500502,PB,Nordeste,141,0.5724458,0.524822695035461,0.4275542,61.06,-3.8154206848144554,-10.93542068481446,True,completo,True
1904,3538105,SP,Sudeste,113,0.5724627,0.6283185840707964,0.42753732,51.97,5.27626922607422,-5.343730773925785,False,parcial,False
1905,2501906,PB,Nordeste,99,0.57247686,0.35353535353535354,0.42752314,60.65,-3.4023117065429673,-10.682311706542976,True,completo,False
1906,2601102,PE,Nordeste,937,0.5725604,0.5229455709711847,0.42743957,60.73,-3.473957519531247,-10.713957519531249,True,completo,True
1907,3532405,SP,Sudeste,211,0.572599,0.6018957345971564,0.427401,52.23,5.0298991394043,-5.490100860595703,False,parcial,True
1908,5105150,MT,Centro-Oeste,484,0.57260084,0.5702479338842975,0.42739916,51.09,6.170086059570309,-4.779913940429687,False,completo,True
1909,4309605,RS,Sul,187,0.5726535,0.5775401069518716,0.42734653,72.61,-15.34465347290039,-17.98465347290039,True,completo,True
1910,4302584,RS,Sul,22,0.5726544,0.2727272727272727,0.42734557,80.0,-22.73455810546875,-22.73455810546875,True,completo,True
1911,2508505,PB,Nordeste,56,0.57265663,0.5535714285714286,0.42734337,49.62,7.645663146972659,-3.844336853027343,False,completo,True
1912,1200351,AC,Norte,136,0.57271314,0.625,0.42728686,,,-11.978687286376953,False,ausente,True
1913,2504074,PB,Nordeste,42,0.5729844,0.8809523809523809,0.4270156,53.58,3.718439025878908,-6.291560974121097,False,completo,True
1914,4306007,RS,Sul,116,0.5730093,0.5689655172413793,0.4269907,74.23,-16.929069976806645,-18.969069976806637,True,completo,True
1915,3136702,MG,Sudeste,3343,0.57303435,0.5518994914747233,0.42696565,49.46,7.843436279296874,-3.706563720703123,False,completo,True
1916,4316105,RS,Sul,77,0.5732487,0.5324675324675324,0.42675132,76.01,-18.68513275146485,-20.07513275146485,True,completo,True
1917,4305306,RS,Sul,59,0.5732791,0.4745762711864407,0.42672092,76.02,-18.692092437744137,-20.082092437744137,True,completo,True
1918,2912004,BA,Nordeste,67,0.57352555,0.6119402985074627,0.42647445,67.46,-10.107445678710931,-14.71744567871093,True,completo,True
1919,1503606,PA,Norte,1827,0.5735423,0.6009852216748769,0.4264577,64.14,-6.785771026611329,-12.695771026611325,True,completo,True
1920,5103403,MT,Centro-Oeste,5876,0.57356906,0.46919673247106874,0.42643094,58.26,-0.9030931091308574,-9.113093109130858,True,completo,False
1921,2603454,PE,Nordeste,1192,0.5736456,0.5805369127516778,0.4263544,62.2,-4.8354408264160185,-11.50544082641602,True,completo,True
1922,2510501,PB,Nordeste,46,0.5736666,0.41304347826086957,0.42633343,58.53,-1.163342742919923,-9.273342742919922,True,completo,True
1923,4305587,RS,Sul,25,0.5736962,0.4,0.4263038,80.0,-22.63037872314453,-22.63037872314453,True,completo,True
1924,4309001,RS,Sul,137,0.57373995,0.5255474452554745,0.42626005,76.85,-19.47600708007812,-20.566007080078123,True,completo,True
1925,2203800,PI,Nordeste,54,0.5738822,0.4444444444444444,0.42611778,52.23,5.158221740722659,-5.361778259277344,False,completo,True
1926,3514908,SP,Sudeste,207,0.5740492,0.5652173913043478,0.42595083,59.26,-1.8550813293457011,-9.675081329345701,True,parcial,True
1927,3530102,SP,Sudeste,162,0.57428414,0.5370370370370371,0.42571586,57.82,-0.39158660888671903,-8.771586608886722,True,parcial,True
1928,4306452,RS,Sul,36,0.57431316,0.5277777777777778,0.42568684,80.0,-22.568683624267578,-22.568683624267578,True,completo,True
1929,4319356,RS,Sul,54,0.5743658,0.5925925925925926,0.4256342,80.0,-22.563419342041016,-22.563419342041016,True,completo,False
1930,4316733,RS,Sul,22,0.5744929,0.4090909090909091,0.42550713,75.76,-18.310712585449224,-19.790712585449214,True,completo,False
1931,4318499,RS,Sul,24,0.5745365,0.5,0.4254635,80.0,-22.546348571777344,-22.546348571777344,True,completo,True
1932,4322343,RS,Sul,9,0.5745737,0.5555555555555556,0.4254263,80.0,-22.54262924194336,-22.54262924194336,True,completo,False
1933,4300646,RS,Sul,67,0.5746017,0.7313432835820896,0.4253983,54.07,3.390170745849609,-6.429829254150391,False,completo,True
1934,1707553,TO,Norte,37,0.5746614,0.5675675675675675,0.42533863,57.08,0.3861369323730486,-8.283863067626953,False,completo,False
1935,1302702,AM,Norte,557,0.5746689,0.6193895870736086,0.42533112,56.43,1.0368884277343753,-7.883111572265619,False,completo,True
1936,3534708,SP,Sudeste,919,0.574698,0.5386289445048966,0.42530203,55.25,2.2197952270507812,-7.150204772949223,False,parcial,True
1937,2411429,RN,Nordeste,22,0.57473165,0.4090909090909091,0.42526835,56.91,0.5631636047363315,-8.176836395263678,False,completo,True
1938,3304300,RJ,Sudeste,528,0.57474625,0.571969696969697,0.42525375,59.87,-2.395375366210935,-9.97537536621094,True,completo,True
1939,4209409,SC,Sul,288,0.57475615,0.5208333333333334,0.42524385,40.16,17.31561645507813,2.5856164550781244,False,completo,True
1940,3134004,MG,Sudeste,108,0.5747758,0.5833333333333334,0.42522418,56.85,0.6275810241699205,-8.132418975830078,False,completo,True
1941,2210003,PI,Nordeste,251,0.574969,0.649402390438247,0.425031,50.09,7.4068986511230435,-3.9131013488769497,False,completo,False
1942,3104502,MG,Sudeste,183,0.5750901,0.48633879781420764,0.4249099,50.89,6.619010314941406,-4.40098968505859,False,completo,True
1943,4111803,PR,Sul,341,0.5751907,0.4838709677419355,0.42480928,59.25,-1.730926513671875,-9.550926513671868,True,completo,True
1944,4206207,SC,Sul,114,0.5752014,0.6578947368421053,0.4247986,57.16,0.3601377868652378,-8.279862213134763,False,completo,True
1945,3557105,SP,Sudeste,743,0.5752382,0.6191117092866757,0.42476177,54.68,2.8438227844238284,-6.746177215576168,False,parcial,True
1946,1716703,TO,Norte,59,0.57526255,0.6101694915254238,0.42473745,53.62,3.906252746582034,-6.083747253417968,False,completo,False
1947,2103554,MA,Nordeste,179,0.57536757,0.553072625698324,0.42463243,49.69,7.846758422851565,-3.613241577148436,False,completo,False
1948,2604700,PE,Nordeste,130,0.5753832,0.7230769230769231,0.4246168,56.47,1.0683186340332043,-7.831681365966801,False,completo,False
1949,4312658,RS,Sul,157,0.5755921,0.6050955414012739,0.4244079,68.38,-10.820788269042964,-15.08078826904297,True,completo,True
1950,4306759,RS,Sul,15,0.57568985,0.8,0.42431015,,,-22.431015014648438,False,ausente,False
1951,2503704,PB,Nordeste,484,0.5757013,0.5475206611570248,0.4242987,56.36,1.2101293945312506,-7.739870605468752,False,completo,True
1952,4320404,RS,Sul,144,0.5757895,0.5416666666666666,0.4242105,80.0,-22.42104721069336,-22.42104721069336,True,completo,True
1953,3528502,SP,Sudeste,898,0.5759071,0.6347438752783965,0.4240929,59.15,-1.5592903137207017,-9.419290313720708,True,parcial,True
1954,3524105,SP,Sudeste,285,0.57596904,0.5017543859649123,0.42403096,53.56,4.03690475463867,-5.983095245361326,False,parcial,True
1955,1706100,TO,Norte,89,0.5761843,0.6179775280898876,0.42381573,52.25,5.368427276611328,-5.14157272338867,False,completo,True
1956,2704104,AL,Nordeste,130,0.57621497,0.45384615384615384,0.42378503,51.14,6.481498107910156,-4.448501892089844,False,completo,True
1957,2706406,AL,Nordeste,307,0.57630134,0.5504885993485342,0.42369866,52.93,4.7001345825195315,-5.5598654174804665,False,completo,True
1958,2109551,MA,Nordeste,56,0.5766076,0.5,0.42339242,58.51,-0.8492410278320293,-8.969241027832027,True,completo,True
1959,1508084,PA,Norte,467,0.57662976,0.48822269807280516,0.42337024,62.31,-4.647024688720705,-11.2770246887207,True,completo,True
1960,3521101,SP,Sudeste,99,0.57669085,0.6262626262626263,0.42330915,49.81,7.859086456298826,-3.5609135437011687,False,parcial,True
1961,4311643,RS,Sul,17,0.57676876,0.4117647058823529,0.42323124,80.0,-22.323123931884766,-22.323123931884766,True,completo,True
1962,2702355,AL,Nordeste,206,0.5767814,0.6796116504854369,0.4232186,51.26,6.418138732910158,-4.461861267089844,False,completo,True
1963,2202539,PI,Nordeste,78,0.5769516,0.6666666666666666,0.42304838,44.94,12.755163726806643,-0.4048362731933608,False,completo,True
1964,1501006,PA,Norte,106,0.5772898,0.6415094339622641,0.42271018,61.01,-3.2810189819335918,-10.4210189819336,True,completo,True
1965,3547304,SP,Sudeste,1695,0.5773257,0.6064896755162242,0.4226743,,,-10.217429351806643,False,ausente,True
1966,1500131,PA,Norte,93,0.5773565,0.5483870967741935,0.42264348,63.15,-5.414347076416014,-11.714347076416018,True,completo,True
1967,1712157,TO,Norte,29,0.5773825,0.5862068965517241,0.4226175,70.95,-13.211749267578128,-16.481749267578124,True,completo,False
1968,2929602,BA,Nordeste,123,0.5775173,0.6504065040650406,0.42248273,60.68,-2.9282719421386716,-10.198271942138675,True,completo,True
1969,5005103,MS,Centro-Oeste,68,0.57776916,0.5882352941176471,0.42223084,68.83,-11.053083496093748,-15.133083496093747,True,completo,True
1970,2701506,AL,Nordeste,46,0.57794046,0.3695652173913043,0.42205954,56.21,1.5840444946289054,-7.425955505371093,False,completo,False
1971,1703107,TO,Norte,68,0.5781267,0.5,0.42187327,62.85,-5.037328338623048,-11.457328338623043,True,completo,False
1972,3533403,SP,Sudeste,491,0.57834035,0.5824847250509165,0.42165965,59.09,-1.2559660339355503,-9.14596603393555,True,parcial,False
1973,4316428,RS,Sul,16,0.57837903,0.4375,0.42162097,78.98,-21.142097930908207,-21.4920979309082,True,completo,True
1974,3120300,MG,Sudeste,51,0.57841355,0.5490196078431373,0.42158645,33.57,24.271354370117187,7.661354370117188,False,completo,True
1975,4323101,RS,Sul,37,0.5785404,0.7027027027027027,0.42145962,73.49,-15.635961761474604,-17.945961761474607,True,completo,True
1976,2413508,RN,Nordeste,56,0.5787897,0.48214285714285715,0.4212103,60.14,-2.261028900146485,-9.741028900146489,True,completo,True
1977,4306957,RS,Sul,33,0.57886785,0.7272727272727273,0.42113215,79.55,-21.66321640014648,-21.813216400146487,True,completo,False
1978,2205706,PI,Nordeste,305,0.5789347,0.521311475409836,0.42106527,65.03,-7.136525421142579,-12.696525421142582,True,completo,True
1979,1101450,RO,Norte,59,0.5790061,0.6949152542372882,0.42099392,64.17,-6.269391937255861,-12.169391937255853,True,completo,False
1980,2403707,RN,Nordeste,47,0.57901424,0.5106382978723404,0.42098576,58.61,-0.7085755920410151,-8.788575592041013,True,completo,False
1981,2201929,PI,Nordeste,89,0.57901436,0.3595505617977528,0.42098564,55.47,2.4314358520507824,-6.858564147949224,False,completo,True
1982,3504602,SP,Sudeste,255,0.57912284,0.615686274509804,0.42087716,59.68,-1.767715148925781,-9.427715148925785,True,parcial,True
1983,3508900,SP,Sudeste,24,0.57921445,0.6666666666666666,0.42078555,50.17,7.751443939208983,-3.5385560607910165,False,parcial,True
1984,3550407,SP,Sudeste,326,0.57926464,0.588957055214724,0.42073536,56.57,1.3564640808105466,-7.513535919189451,False,parcial,True
1985,2604502,PE,Nordeste,245,0.57939804,0.5836734693877551,0.42060196,59.42,-1.4801959228515642,-9.24019592285157,True,completo,True
1986,4312906,RS,Sul,75,0.5794258,0.6133333333333333,0.4205742,78.22,-20.277418823242186,-20.87741882324218,True,completo,False
1987,4307559,RS,Sul,68,0.5795558,0.45588235294117646,0.4204442,74.46,-16.50441833496093,-18.454418334960934,True,completo,False
1988,4320453,RS,Sul,18,0.57967114,0.1111111111111111,0.42032886,80.0,-22.032886505126953,-22.032886505126953,True,completo,False
1989,2108306,MA,Nordeste,382,0.57976204,0.6361256544502618,0.42023796,59.53,-1.5537960815429699,-9.273796081542969,True,completo,True
1990,4304853,RS,Sul,12,0.5798291,0.5,0.4201709,58.77,-0.7870898437500031,-8.797089843750001,True,completo,False
1991,4321956,RS,Sul,77,0.5800099,0.5584415584415584,0.41999012,80.0,-21.999011993408203,-21.999011993408203,True,completo,True
1992,2507804,PB,Nordeste,68,0.5800102,0.7647058823529411,0.41998982,60.17,-2.16898147583008,-9.628981475830074,True,completo,False
1993,1200500,AC,Norte,482,0.5801342,0.6556016597510373,0.4198658,,,-12.45657989501953,False,ausente,True
1994,2709152,AL,Nordeste,381,0.5802056,0.5774278215223098,0.41979438,57.03,0.9905612182617176,-7.69943878173828,False,completo,True
1995,3554656,SP,Sudeste,26,0.5802776,0.3076923076923077,0.41972238,40.22,17.80776336669922,3.097763366699219,False,parcial,False
1996,3135209,MG,Sudeste,675,0.5803222,0.5792592592592593,0.4196778,27.24,30.79221893310547,12.842218933105471,False,completo,True
1997,3109402,MG,Sudeste,268,0.58065623,0.6268656716417911,0.41934377,44.21,13.855624237060546,0.44562423706054943,False,completo,False
1998,2502805,PB,Nordeste,97,0.5806629,0.5154639175257731,0.4193371,57.95,0.11629180908202841,-8.21370819091797,False,completo,True
1999,2516409,PB,Nordeste,45,0.58070946,0.7777777777777778,0.41929054,59.92,-1.849054260253908,-9.419054260253901,True,completo,True
2000,5103007,MT,Centro-Oeste,246,0.5807343,0.6869918699186992,0.4192657,52.97,5.103432922363282,-5.146567077636718,False,completo,True
2001,2607950,PE,Nordeste,71,0.5807461,0.8169014084507042,0.4192539,61.36,-3.28538833618164,-10.28538833618164,True,completo,False
2002,3507803,SP,Sudeste,239,0.58077663,0.5397489539748954,0.41922337,58.03,0.04766342163085824,-8.252336578369139,False,parcial,True
2003,1100130,RO,Norte,405,0.58078015,0.654320987654321,0.41921985,56.12,1.9580143737792994,-7.0819856262207,False,completo,True
2004,2111201,MA,Nordeste,1923,0.58083314,0.5730629225169007,0.41916686,65.19,-7.106687011718748,-12.606687011718748,True,completo,True
2005,1600154,AP,Norte,184,0.58086133,0.44565217391304346,0.41913867,68.48,-10.393867950439457,-14.613867950439456,True,completo,True
2006,2508901,PB,Nordeste,467,0.5809679,0.6916488222698073,0.4190321,51.66,6.4367903137207065,-4.3032096862792955,False,completo,True
2007,4308250,RS,Sul,7,0.5811402,0.7142857142857143,0.41885978,80.0,-21.88597869873047,-21.88597869873047,True,completo,True
2008,3546306,SP,Sudeste,278,0.58117527,0.6007194244604317,0.41882473,54.47,3.6475270080566418,-6.02247299194336,False,parcial,False
2009,4318408,RS,Sul,133,0.58126235,0.6240601503759399,0.41873765,80.0,-21.873764038085938,-21.873764038085938,True,completo,True
2010,3517000,SP,Sudeste,48,0.58132577,0.6666666666666666,0.41867423,54.54,3.592575988769532,-6.0574240112304665,False,parcial,True
2011,1716208,TO,Norte,120,0.58134806,0.6833333333333333,0.41865194,48.28,9.85480758666992,-2.125192413330076,False,completo,True
2012,3535507,SP,Sudeste,404,0.581384,0.5742574257425742,0.418616,53.39,4.74840103149414,-5.331598968505858,False,parcial,True
2013,4318051,RS,Sul,20,0.5813892,0.4,0.4186108,,,,False,completo,True
2014,5001003,MS,Centro-Oeste,434,0.5814508,0.5806451612903226,0.41854918,56.16,1.9850805664062534,-7.044919433593748,False,completo,True
2015,2203107,PI,Nordeste,20,0.5815001,0.85,0.4184999,55.47,2.6800129699707043,-6.609987030029302,False,completo,False
2016,1505601,PA,Norte,70,0.5815229,0.8428571428571429,0.41847712,58.11,0.04228652954101619,-8.22771347045898,False,completo,True
2017,4310009,RS,Sul,193,0.58153987,0.6321243523316062,0.41846013,63.28,-5.126012115478517,-11.376012115478517,True,completo,True
2018,3526605,SP,Sudeste,83,0.58155113,0.4578313253012048,0.41844887,57.18,0.975113220214844,-7.6548867797851585,False,parcial,True
2019,2615409,PE,Nordeste,548,0.58160526,0.6423357664233577,0.41839474,55.11,3.050526275634766,-6.379473724365241,False,completo,True
2020,3300100,RJ,Sudeste,1777,0.5817202,0.6088913899831176,0.41827983,60.82,-2.647983856201172,-9.857983856201173,True,completo,True
2021,3501905,SP,Sudeste,481,0.58176625,0.6257796257796258,0.41823375,56.97,1.2066242980957043,-7.503375701904304,False,parcial,True
2022,3543006,SP,Sudeste,230,0.58186364,0.6478260869565218,0.41813636,57.56,0.6263632202148415,-7.863636779785153,False,parcial,False
2023,4109500,PR,Sul,63,0.581929,0.5555555555555556,0.41807097,71.7,-13.507098388671878,-16.487098388671882,True,completo,False
2024,2111789,MA,Nordeste,74,0.5819683,0.5405405405405406,0.4180317,69.93,-11.733169250488288,-15.393169250488285,True,completo,True
2025,4306809,RS,Sul,188,0.58205384,0.5797872340425532,0.41794616,80.0,-21.79461669921875,-21.79461669921875,True,completo,True
2026,2616209,PE,Nordeste,168,0.5821858,0.5714285714285714,0.4178142,59.19,-0.9714178466796852,-8.821417846679694,True,completo,True
2027,1721000,TO,Norte,2964,0.58221895,0.5745614035087719,0.41778105,62.2,-3.978106689453128,-10.64810668945313,True,completo,True
2028,2205573,PI,Nordeste,86,0.5822278,0.7674418604651163,0.41777217,47.49,10.732782135009764,-1.5272178649902344,False,completo,True
2029,2410207,RN,Nordeste,71,0.58224994,0.647887323943662,0.41775006,55.67,2.5549946594238264,-6.665005340576172,False,completo,True
2030,4122206,PR,Sul,439,0.58227694,0.6173120728929385,0.41772306,65.21,-6.982304534912103,-12.472304534912112,True,completo,True
2031,3527306,SP,Sudeste,624,0.5822877,0.5801282051282052,0.41771227,58.84,-0.6112287902832065,-8.591228790283196,True,parcial,False
2032,3517406,SP,Sudeste,306,0.58235705,0.5359477124183006,0.41764295,59.03,-0.794293670654298,-8.704293670654295,True,parcial,True
2033,4218251,SC,Sul,81,0.5823946,0.4444444444444444,0.4176054,,,,False,completo,True
2034,4312005,RS,Sul,12,0.5824733,0.5833333333333334,0.41752672,80.0,-21.752670288085938,-21.752670288085938,True,completo,True
2035,4121000,PR,Sul,144,0.582541,0.5069444444444444,0.417459,50.89,7.364096984863281,-3.6559030151367153,False,completo,True
2036,4318903,RS,Sul,368,0.5825501,0.49728260869565216,0.4174499,80.0,-21.74498748779297,-21.74498748779297,True,completo,False
2037,2505402,PB,Nordeste,66,0.58255225,0.45454545454545453,0.41744775,59.88,-1.6247738647460963,-9.204773864746087,True,completo,True
2038,5220454,GO,Centro-Oeste,1915,0.5825711,0.6052219321148825,0.4174289,53.68,4.577110595703125,-5.392889404296874,False,completo,True
2039,2608453,PE,Nordeste,139,0.5825877,0.5971223021582733,0.41741228,53.55,4.70877380371094,-5.311226196289063,False,completo,False
2040,1300144,AM,Norte,245,0.58260214,0.6204081632653061,0.41739786,60.64,-2.379784240722657,-9.659784240722658,True,completo,True
2041,4321667,RS,Sul,114,0.5827092,0.5350877192982456,0.4172908,80.0,-21.729080200195312,-21.729080200195312,True,completo,True
2042,3543402,SP,Sudeste,4822,0.5827501,0.5618000829531314,0.41724992,45.48,12.79500915527344,-0.17499084472656534,False,parcial,True
2043,4301651,RS,Sul,31,0.5827934,0.5483870967741935,0.4172066,80.0,-21.720657348632812,-21.720657348632812,True,completo,True
2044,5102504,MT,Centro-Oeste,1038,0.5828056,0.5163776493256262,0.41719443,52.83,5.450555725097658,-4.849444274902346,False,completo,False
2045,2512002,PB,Nordeste,218,0.58285326,0.5458715596330275,0.41714674,48.17,10.115324096679686,-1.9046759033203102,False,completo,True
2046,4202057,SC,Sul,140,0.58303595,0.5,0.41696405,63.53,-5.22640350341797,-11.376403503417976,True,completo,True
2047,3553807,SP,Sudeste,229,0.5830757,0.5720524017467249,0.4169243,57.07,1.2375714111328122,-7.4424285888671875,False,parcial,True
2048,2611002,PE,Nordeste,412,0.5831779,0.662621359223301,0.41682208,56.52,1.7977909851074187,-7.082209014892584,False,completo,True
2049,3515152,SP,Sudeste,181,0.5832221,0.48066298342541436,0.4167779,57.75,0.5722084045410156,-7.837791595458981,False,parcial,True
2050,4201406,SC,Sul,634,0.5832941,0.61198738170347,0.4167059,,,,False,completo,False
2051,4301008,RS,Sul,165,0.5834209,0.6303030303030303,0.41657913,80.0,-21.657913208007812,-21.657913208007812,True,completo,True
2052,3515103,SP,Sudeste,756,0.58346504,0.5753968253968254,0.41653496,51.94,6.4065042114257835,-4.223495788574219,False,parcial,True
2053,2512200,PB,Nordeste,41,0.5835119,0.6341463414634146,0.4164881,52.77,5.581188659667966,-4.738811340332035,False,completo,True
2054,4310306,RS,Sul,29,0.5835132,0.4827586206896552,0.4164868,80.0,-21.648681640625,-21.648681640625,True,completo,True
2055,2601607,PE,Nordeste,174,0.58359146,0.632183908045977,0.41640854,56.25,2.1091461181640625,-6.880853881835932,False,completo,False
2056,4320552,RS,Sul,13,0.58374995,0.46153846153846156,0.41625005,75.57,-17.19500381469726,-18.74500381469727,True,completo,True
2057,4111258,PR,Sul,443,0.5837536,0.5327313769751693,0.4162464,60.35,-1.9746414184570327,-9.374641418457031,True,completo,True
2058,4319364,RS,Sul,10,0.5837597,0.9,0.41624027,80.0,-21.624027252197266,-21.624027252197266,True,completo,False
2059,4312443,RS,Sul,30,0.58386153,0.6333333333333333,0.41613847,80.0,-21.613845825195312,-21.613845825195312,True,completo,True
2060,2206753,PI,Nordeste,21,0.5838923,0.9523809523809523,0.4161077,28.91,29.47922882080078,11.829228820800779,False,completo,True
2061,3305752,RJ,Sudeste,339,0.5838993,0.551622418879056,0.41610068,59.49,-1.1000692749023457,-8.830069274902343,True,completo,True
2062,3515707,SP,Sudeste,1961,0.58392495,0.6522182559918409,0.41607505,57.23,1.1624942016601594,-7.447505798339847,False,parcial,True
2063,3505807,SP,Sudeste,221,0.5839943,0.47058823529411764,0.41600567,56.53,1.869433135986327,-7.0105668640136685,False,parcial,True
2064,3551900,SP,Sudeste,161,0.58400506,0.6086956521739131,0.41599494,48.16,10.240505065917972,-1.779494934082031,False,parcial,True
2065,3549102,SP,Sudeste,627,0.58408785,0.6172248803827751,0.41591215,58.79,-0.38121704101562415,-8.381217041015631,True,parcial,True
2066,2603207,PE,Nordeste,364,0.58416414,0.5714285714285714,0.41583586,51.32,7.096412353515625,-3.7735876464843727,False,completo,True
2067,2807204,SE,Nordeste,71,0.58458126,0.5352112676056338,0.41541874,52.43,6.028126068115235,-4.411873931884763,False,completo,True
2068,4313300,RS,Sul,246,0.5846125,0.6016260162601627,0.4153875,78.96,-20.498749694824212,-20.84874969482422,True,completo,True
2069,2104602,MA,Nordeste,106,0.5847317,0.4811320754716981,0.4152683,57.38,1.0931712341308568,-7.4568287658691474,False,completo,True
2070,3300951,RJ,Sudeste,100,0.58474416,0.67,0.41525584,56.32,2.154414825439453,-6.815585174560553,False,completo,False
2071,3536604,SP,Sudeste,60,0.5847806,0.8,0.41521943,55.24,3.238057861328123,-6.1419421386718795,False,parcial,True
2072,4312054,RS,Sul,25,0.5848975,0.48,0.41510248,76.49,-18.000246276855464,-19.220246276855462,True,completo,True
2073,2408508,RN,Nordeste,60,0.5849092,0.7333333333333333,0.4150908,46.85,11.640921020507811,-0.8490789794921909,False,completo,True
2074,1507904,PA,Norte,395,0.5849357,0.5240506329113924,0.41506428,65.61,-7.116427764892578,-12.446427764892576,True,completo,False
2075,4317905,RS,Sul,139,0.58499724,0.5971223021582733,0.41500276,76.62,-18.12027465820313,-19.29027465820313,True,completo,True
2076,2501609,PB,Nordeste,76,0.58499783,0.4605263157894737,0.41500217,60.31,-1.810217437744143,-9.22021743774414,True,completo,True
2077,3146750,MG,Sudeste,60,0.5850038,0.7,0.4149962,45.12,13.3803776550293,0.290377655029296,False,completo,True
2078,4312302,RS,Sul,54,0.585173,0.46296296296296297,0.414827,79.13,-20.612700347900386,-20.902700347900392,True,completo,True
2079,2516151,PB,Nordeste,55,0.58518696,0.6727272727272727,0.41481304,25.43,33.08869583129883,14.858695831298832,False,completo,True
2080,2105476,MA,Nordeste,86,0.5852392,0.6976744186046512,0.41476083,52.45,6.073918151855466,-4.366081848144532,False,completo,True
2081,2614303,PE,Nordeste,104,0.58527017,0.5673076923076923,0.41472983,49.94,8.587015686035159,-2.782984313964846,False,completo,True
2082,2917409,BA,Nordeste,102,0.5852882,0.5686274509803921,0.41471177,66.43,-7.901176147460944,-12.92117614746094,True,completo,True
2083,2305100,CE,Nordeste,73,0.5853079,0.958904109589041,0.4146921,59.66,-1.1292115783691372,-8.789211578369134,True,completo,False
2084,3530805,SP,Sudeste,657,0.5853371,0.5814307458143074,0.4146629,58.13,0.40371047973632557,-7.856289520263672,False,parcial,True
2085,4316501,RS,Sul,61,0.58542895,0.7049180327868853,0.41457105,80.0,-21.457103729248047,-21.457103729248047,True,completo,False
2086,4308805,RS,Sul,39,0.5854521,0.23076923076923078,0.41454792,,,,False,completo,False
2087,4313334,RS,Sul,25,0.585493,0.28,0.41450697,80.0,-21.450698852539062,-21.450698852539062,True,completo,True
2088,2110005,MA,Nordeste,694,0.5855025,0.5951008645533141,0.4144975,58.67,-0.11974899291992358,-8.16974899291992,True,completo,True
2089,2202083,PI,Nordeste,142,0.5856307,0.6267605633802817,0.4143693,52.75,5.813072204589844,-4.5169277954101545,False,completo,False
2090,3526704,SP,Sudeste,993,0.58571106,0.6193353474320241,0.41428894,57.33,1.2411059570312517,-7.338894042968747,False,parcial,False
2091,4110003,PR,Sul,67,0.58577126,0.582089552238806,0.41422874,55.71,2.8671255493164054,-6.33287445068359,False,completo,True
2092,2513653,PB,Nordeste,30,0.58580375,0.9,0.41419625,46.0,12.580375671386719,-0.2096243286132804,False,completo,True
2093,5105622,MT,Centro-Oeste,305,0.5858325,0.580327868852459,0.41416752,56.36,2.223248138427735,-6.726751861572268,False,completo,True
2094,2112001,MA,Nordeste,127,0.585857,0.5511811023622047,0.41414303,50.74,7.845697174072264,-3.2343028259277347,False,completo,False
2095,3551702,SP,Sudeste,1386,0.58585733,0.5440115440115441,0.41414267,58.07,0.515731506347656,-7.764268493652338,False,parcial,True
2096,4316758,RS,Sul,79,0.5858771,0.46835443037974683,0.41412288,80.0,-21.412288665771484,-21.412288665771484,True,completo,True
2097,3545803,SP,Sudeste,1579,0.5859043,0.6694110196326789,0.4140957,58.84,-0.24956878662109716,-8.229568786621087,True,parcial,False
2098,1301001,AM,Norte,340,0.58619297,0.5941176470588235,0.41380703,52.7,5.919297027587888,-4.4307029724121065,False,completo,True
2099,5003108,MS,Centro-Oeste,68,0.5862775,0.5882352941176471,0.41372252,51.21,7.417746582031249,-3.4922534179687474,False,completo,True
2100,5215231,GO,Centro-Oeste,986,0.58636194,0.5760649087221096,0.41363806,56.87,1.766196136474612,-6.983803863525395,False,completo,True
2101,5107909,MT,Centro-Oeste,2552,0.5863663,0.542319749216301,0.4136337,60.84,-2.203368988037113,-9.413368988037107,True,completo,True
2102,3509452,SP,Sudeste,65,0.58649194,0.4307692307692308,0.41350806,51.32,7.3291928100585935,-3.530807189941406,False,parcial,True
2103,4308078,RS,Sul,54,0.5865965,0.6481481481481481,0.4134035,80.0,-21.340351104736328,-21.340351104736328,True,completo,True
2104,2204105,PI,Nordeste,62,0.58667964,0.3225806451612903,0.41332036,52.61,6.057964935302735,-4.322035064697268,False,completo,True
2105,3547908,SP,Sudeste,64,0.58675784,0.671875,0.41324216,54.65,4.025785064697267,-5.574214935302734,False,parcial,True
2106,4308201,RS,Sul,279,0.5867929,0.5949820788530465,0.4132071,79.15,-20.470713043212896,-20.76071304321289,True,completo,True
2107,4304952,RS,Sul,20,0.586952,0.4,0.41304803,80.0,-21.30480194091797,-21.30480194091797,True,completo,True
2108,2504504,PB,Nordeste,52,0.58702797,0.46153846153846156,0.41297203,60.18,-1.4772030639648435,-8.937203063964844,True,completo,True
2109,2914109,BA,Nordeste,71,0.5870283,0.5915492957746479,0.41297168,68.9,-10.197168731689459,-14.257168731689447,True,completo,True
2110,2507408,PB,Nordeste,54,0.58705395,0.24074074074074073,0.41294605,57.85,0.8553947448730455,-7.514605255126952,False,completo,True
2111,2511608,PB,Nordeste,89,0.5870759,0.6179775280898876,0.4129241,47.82,10.887588195800781,-1.2624118041992176,False,completo,True
2112,1506906,PA,Norte,61,0.58721864,0.7868852459016393,0.41278136,56.76,1.961862792968752,-6.838137207031252,False,completo,False
2113,2204709,PI,Nordeste,122,0.5872223,0.6721311475409836,0.41277772,59.47,-0.7477709960937489,-8.487770996093744,True,completo,False
2114,4303202,RS,Sul,19,0.58726573,0.5789473684210527,0.41273427,80.0,-21.273426055908203,-21.273426055908203,True,completo,True
2115,4214805,SC,Sul,472,0.5874947,0.510593220338983,0.41250533,,,,False,completo,True
2116,5108402,MT,Centro-Oeste,3780,0.58754396,0.6044973544973545,0.41245604,53.18,5.57439453125,-4.585605468750003,False,completo,True
2117,3538006,SP,Sudeste,1412,0.5875687,0.6402266288951841,0.4124313,58.74,0.016870269775388635,-8.003129730224614,False,parcial,True
2118,4203956,SC,Sul,223,0.5876316,0.6143497757847534,0.41236842,,,,False,completo,True
2119,4207684,SC,Sul,59,0.58772284,0.7796610169491526,0.41227716,62.89,-4.117714538574219,-10.517714538574225,True,completo,True
2120,2516805,PB,Nordeste,61,0.5878925,0.639344262295082,0.41210753,55.0,3.78924560546875,-5.680754394531249,False,completo,True
2121,2515500,PB,Nordeste,100,0.58811104,0.53,0.41188896,61.29,-2.478896179199218,-9.508896179199212,True,completo,False
2122,4316436,RS,Sul,23,0.58831215,0.6956521739130435,0.41168785,48.79,10.041214904785157,-1.748785095214842,False,completo,True
2123,3509809,SP,Sudeste,61,0.58836746,0.8688524590163934,0.41163254,39.06,19.77674621582031,4.70674621582031,False,parcial,True
2124,2700805,AL,Nordeste,43,0.58846486,0.6511627906976745,0.41153514,59.21,-0.3635148620605477,-8.203514862060544,True,completo,True
2125,3201308,ES,Sudeste,4438,0.5886507,0.6471383506083822,0.4113493,60.94,-2.0749296569824196,-9.244929656982421,True,completo,False
2126,4206652,SC,Sul,125,0.5887524,0.432,0.4112476,50.17,8.705240325927733,-2.5847596740722665,False,completo,False
2127,2403301,RN,Nordeste,63,0.5890896,0.6666666666666666,0.41091043,52.83,6.0789584350585955,-4.221041564941409,False,completo,True
2128,3548005,SP,Sudeste,213,0.5891576,0.6150234741784038,0.41084242,58.55,0.36575622558594034,-7.734243774414068,False,parcial,True
2129,2509206,PB,Nordeste,101,0.5892482,0.40594059405940597,0.41075182,50.02,8.90481994628906,-2.435180053710937,False,completo,False
2130,3519303,SP,Sudeste,394,0.58984095,0.6928934010152284,0.41015905,57.31,1.674096527099607,-6.905903472900391,False,parcial,True
2131,2107357,MA,Nordeste,164,0.5899241,0.6341463414634146,0.4100759,60.95,-1.9575912475585966,-9.117591247558593,True,completo,True
2132,4210209,SC,Sul,22,0.5899986,0.7727272727272727,0.4100014,56.12,2.8798588562011744,-6.160141143798825,False,completo,True
2133,4317806,RS,Sul,147,0.5901202,0.6462585034013606,0.4098798,78.05,-19.037979888916013,-19.69797988891601,True,completo,True
2134,5102694,MT,Centro-Oeste,73,0.5901358,0.7808219178082192,0.4098642,41.47,17.543580322265626,3.233580322265624,False,completo,False
2135,3554607,SP,Sudeste,29,0.59015924,0.5862068965517241,0.40984076,45.52,13.495922546386716,0.5359225463867219,False,parcial,True
2136,4312807,RS,Sul,61,0.59018177,0.5901639344262295,0.40981823,80.0,-20.981822967529297,-20.981822967529297,True,completo,True
2137,2205854,PI,Nordeste,102,0.59025764,0.5588235294117647,0.40974236,65.01,-5.984235534667974,-11.554235534667967,True,completo,True
2138,5000609,MS,Centro-Oeste,396,0.5903697,0.702020202020202,0.4096303,48.04,10.996972045898438,-1.073027954101562,False,completo,True
2139,3548054,SP,Sudeste,87,0.59043485,0.632183908045977,0.40956515,55.06,3.983483734130857,-5.466516265869146,False,parcial,True
2140,3523206,SP,Sudeste,486,0.59065294,0.5329218106995884,0.40934706,59.9,-0.8347076416015611,-8.404707641601561,True,parcial,True
2141,4318440,RS,Sul,18,0.5908293,0.6666666666666666,0.4091707,77.17,-18.087068481445314,-19.057068481445313,True,completo,True
2142,3541406,SP,Sudeste,1708,0.59083,0.6118266978922716,0.40916997,58.37,0.7130039978027369,-7.456996002197272,False,parcial,True
2143,3520301,SP,Sudeste,290,0.59086365,0.6206896551724138,0.40913635,60.97,-1.8836352539062489,-9.033635253906255,True,parcial,False
2144,4321477,RS,Sul,12,0.59088755,0.6666666666666666,0.40911245,,,,False,completo,False
2145,4314555,RS,Sul,11,0.5910294,0.7272727272727273,0.4089706,,,,False,completo,False
2146,3517802,SP,Sudeste,36,0.59104156,0.6111111111111112,0.40895844,58.6,0.5041564941406236,-7.575843505859382,False,parcial,True
2147,2404903,RN,Nordeste,47,0.5910634,0.5106382978723404,0.40893662,57.42,1.6863385009765608,-6.853661499023431,False,completo,True
2148,2206050,PI,Nordeste,43,0.5910762,0.6046511627906976,0.4089238,51.46,7.647620239257812,-3.1623797607421906,False,completo,True
2149,5107040,MT,Centro-Oeste,1060,0.5910877,0.5962264150943396,0.4089123,54.21,4.898768463134765,-4.871231536865231,False,completo,True
2150,4310850,RS,Sul,35,0.59120816,0.4,0.40879184,80.0,-20.87918472290039,-20.87918472290039,True,completo,False
2151,2911253,BA,Nordeste,38,0.5912533,0.47368421052631576,0.40874672,63.7,-4.574671936035159,-10.654671936035157,True,completo,True
2152,2504702,PB,Nordeste,32,0.59135073,0.40625,0.40864927,54.36,4.775074615478516,-4.9349253845214776,False,completo,True
2153,2602803,PE,Nordeste,508,0.5914189,0.5551181102362205,0.40858108,57.08,2.061891479492189,-6.6081085205078125,False,completo,False
2154,3556453,SP,Sudeste,545,0.5915212,0.6440366972477064,0.4084788,60.02,-0.867881317138675,-8.397881317138669,True,parcial,True
2155,4206009,SC,Sul,115,0.59154963,0.6869565217391305,0.40845037,,,,False,completo,True
2156,3510609,SP,Sudeste,3977,0.5918966,0.579834045763138,0.4081034,50.83,8.359659118652345,-2.690340881347659,False,parcial,True
2157,3524303,SP,Sudeste,449,0.5919109,0.5835189309576837,0.4080891,57.48,1.7110896301269563,-6.798910369873042,False,parcial,True
2158,4310801,RS,Sul,226,0.5920198,0.5707964601769911,0.4079802,77.79,-18.588019409179694,-19.338019409179694,True,completo,True
2159,2606606,PE,Nordeste,269,0.5920366,0.6319702602230484,0.4079634,55.58,3.623659057617189,-5.626340942382811,False,completo,True
2160,5104807,MT,Centro-Oeste,348,0.5920989,0.5545977011494253,0.4079011,60.83,-1.6201115417480452,-8.830111541748053,True,completo,True
2161,2616100,PE,Nordeste,61,0.59210646,0.6885245901639344,0.40789354,57.8,1.4106475830078153,-6.979352416992185,False,completo,True
2162,2207306,PI,Nordeste,64,0.5921894,0.453125,0.40781063,56.42,2.798936920166014,-6.131063079833979,False,completo,True
2163,5103502,MT,Centro-Oeste,291,0.59222203,0.6082474226804123,0.40777797,56.72,2.5022023010253918,-6.3077976989746105,False,completo,True
2164,2413557,RN,Nordeste,43,0.59236187,0.6046511627906976,0.40763813,61.18,-1.9438130187988278,-9.013813018798828,True,completo,True
2165,2104206,MA,Nordeste,310,0.59236526,0.7225806451612903,0.40763474,46.62,12.616526489257815,0.046526489257814774,False,completo,True
2166,4215208,SC,Sul,41,0.59237427,0.7804878048780488,0.40762573,56.69,2.5474267578125023,-6.272573242187505,False,completo,True
2167,4204350,SC,Sul,94,0.5923751,0.648936170212766,0.4076249,,,-11.552489318847663,False,completo,True
2168,3530706,SP,Sudeste,1351,0.59253305,0.6365655070318282,0.40746695,56.12,3.133303527832034,-5.906696472167965,False,parcial,True
2169,3306107,RJ,Sudeste,718,0.5926187,0.5571030640668524,0.4073813,61.95,-2.688128662109378,-9.458128662109374,True,completo,True
2170,2515708,PB,Nordeste,28,0.59263664,0.7142857142857143,0.40736336,46.27,12.993664245605466,0.3036642456054679,False,completo,True
2171,4126702,PR,Sul,47,0.59270316,0.46808510638297873,0.40729684,52.89,6.380317077636718,-3.889682922363278,False,completo,True
2172,3529807,SP,Sudeste,97,0.59271216,0.6804123711340206,0.40728784,51.31,7.961217346191404,-2.8987826538085955,False,parcial,True
2173,3161106,MG,Sudeste,612,0.5928105,0.6209150326797386,0.4071895,51.71,7.571051635742187,-3.148948364257812,False,completo,False
2174,1720499,TO,Norte,41,0.59290767,0.4634146341463415,0.40709233,67.92,-8.629232330322267,-13.069232330322265,True,completo,True
2175,3513801,SP,Sudeste,3765,0.5930242,0.6,0.4069758,47.05,12.252417755126956,-0.16758224487304574,False,parcial,True
2176,3515202,SP,Sudeste,79,0.59307086,0.5949367088607594,0.40692914,58.28,1.027086944580077,-7.172913055419926,False,parcial,True
2177,4311700,RS,Sul,54,0.59318584,0.6481481481481481,0.40681416,69.73,-10.411415557861332,-14.151415557861327,True,completo,True
2178,4204806,SC,Sul,412,0.59319174,0.5679611650485437,0.40680826,53.71,5.609175720214843,-4.350824279785158,False,completo,True
2179,3547809,SP,Sudeste,4506,0.5932968,0.6096316023080337,0.40670317,57.33,1.9996813964843767,-6.580318603515622,False,parcial,True
2180,4319711,RS,Sul,15,0.59335417,0.7333333333333333,0.40664583,80.0,-20.66458511352539,-20.66458511352539,True,completo,False
2181,3516705,SP,Sudeste,303,0.59337837,0.5775577557755776,0.40662163,56.55,2.787837219238284,-6.092162780761726,False,parcial,True
2182,4301958,RS,Sul,23,0.5934654,0.5217391304347826,0.4065346,70.55,-11.203461456298825,-14.633461456298832,True,completo,False
2183,2106631,MA,Nordeste,68,0.59353375,0.5735294117647058,0.40646625,66.46,-7.106625518798822,-12.106625518798822,True,completo,True
2184,3534005,SP,Sudeste,43,0.5936413,0.7441860465116279,0.40635872,52.45,6.914128112792966,-3.525871887207032,False,parcial,True
2185,2111904,MA,Nordeste,110,0.5937944,0.6,0.4062056,54.91,4.469440307617191,-5.040559692382814,False,completo,True
2186,2504157,PB,Nordeste,87,0.59384274,0.5862068965517241,0.40615726,53.21,6.1742735290527335,-3.975726470947265,False,completo,True
2187,3556701,SP,Sudeste,660,0.59385556,0.5590909090909091,0.40614444,56.12,3.265555267333987,-5.774444732666012,False,parcial,False
2188,3526407,SP,Sudeste,271,0.59401006,0.5977859778597786,0.40598994,58.49,0.9110047912597636,-7.208995208740234,False,parcial,True
2189,4321402,RS,Sul,112,0.59423953,0.625,0.40576047,69.61,-10.186045989990234,-13.966045989990235,True,completo,True
2190,3115904,MG,Sudeste,49,0.5942668,0.4489795918367347,0.40573323,35.95,23.47667770385742,7.496677703857422,False,completo,False
2191,5100250,MT,Centro-Oeste,657,0.5945731,0.7168949771689498,0.40542692,57.91,1.547309722900394,-6.8026902770996145,False,completo,False
2192,1100452,RO,Norte,438,0.5947519,0.723744292237443,0.4052481,54.78,4.695189208984374,-4.864810791015628,False,completo,True
2193,4305871,RS,Sul,31,0.5947867,0.6774193548387096,0.4052133,80.0,-20.52132797241211,-20.52132797241211,True,completo,True
2194,4203709,SC,Sul,79,0.5948031,0.43037974683544306,0.4051969,62.71,-3.229691467285157,-9.699691467285163,True,completo,True
2195,4321634,RS,Sul,15,0.5948522,0.4,0.4051478,80.0,-20.51477813720703,-20.51477813720703,True,completo,True
2196,3504305,SP,Sudeste,44,0.59487194,0.6363636363636364,0.40512806,59.41,0.07719406127930029,-7.69280593872071,False,parcial,False
2197,4309704,RS,Sul,49,0.5950492,0.6122448979591837,0.4049508,80.0,-20.495079040527344,-20.495079040527344,True,completo,False
2198,1506187,PA,Norte,376,0.59518665,0.699468085106383,0.40481335,63.45,-3.9313346862792997,-10.111334686279292,True,completo,True
2199,5006606,MS,Centro-Oeste,1793,0.59529656,0.682654768544339,0.40470344,61.45,-1.920344543457034,-8.890344543457033,True,completo,False
2200,1508050,PA,Norte,227,0.59533376,0.6255506607929515,0.40466624,72.29,-12.756625213623053,-15.516625213623044,True,completo,True
2201,2610905,PE,Nordeste,460,0.59561175,0.6456521739130435,0.40438825,63.02,-3.458823699951175,-9.808823699951176,True,completo,True
2202,2110203,MA,Nordeste,376,0.5957681,0.5664893617021277,0.4042319,62.92,-3.3431910705566423,-9.733191070556643,True,completo,True
2203,5003504,MS,Centro-Oeste,51,0.5958174,0.6862745098039216,0.4041826,35.93,23.651737518310547,7.661737518310545,False,completo,True
2204,2611507,PE,Nordeste,221,0.5958537,0.579185520361991,0.4041463,53.33,6.255369110107424,-3.854630889892576,False,completo,True
2205,4212254,SC,Sul,159,0.59592265,0.5974842767295597,0.40407735,,,-7.857733917236331,False,completo,True
2206,4314308,RS,Sul,43,0.595944,0.5581395348837209,0.404056,64.52,-4.92560150146484,-10.685601501464845,True,completo,True
2207,3520426,SP,Sudeste,167,0.59597266,0.6766467065868264,0.40402734,56.64,2.9572671508789057,-5.882732849121098,False,parcial,True
2208,1303304,AM,Norte,252,0.5960731,0.5238095238095238,0.4039269,80.0,-20.39269256591797,-20.39269256591797,True,completo,True
2209,3513900,SP,Sudeste,83,0.5960752,0.6144578313253012,0.40392482,56.9,2.707517242431642,-6.03248275756836,False,parcial,True
2210,4306551,RS,Sul,14,0.5961443,0.5714285714285714,0.40385568,80.0,-20.38556671142578,-20.38556671142578,True,completo,True
2211,5103304,MT,Centro-Oeste,230,0.5961554,0.4782608695652174,0.4038446,61.46,-1.8444604492187509,-8.804460449218752,True,completo,True
2212,2207504,PI,Nordeste,150,0.5961807,0.4666666666666667,0.40381932,55.7,3.9180686950683565,-5.281931304931646,False,completo,False
2213,5002803,MS,Centro-Oeste,93,0.5962019,0.5591397849462365,0.4037981,54.48,5.14018966674805,-4.529810333251959,False,completo,False
2214,4313425,RS,Sul,10,0.59632826,0.6,0.40367174,,,,False,completo,False
2215,2505105,PB,Nordeste,151,0.59665644,0.6291390728476821,0.40334356,55.49,4.175645599365232,-5.114354400634767,False,completo,True
2216,4118204,PR,Sul,1256,0.5969509,0.6226114649681529,0.4030491,64.89,-5.194912567138672,-10.814912567138677,True,completo,True
2217,4304622,RS,Sul,15,0.5970424,0.6,0.40295762,58.18,1.5242388916015628,-6.725761108398444,False,completo,True
2218,2614808,PE,Nordeste,151,0.59766984,0.7417218543046358,0.40233016,60.02,-0.2530169677734406,-7.773016967773444,True,completo,True
2219,5002209,MS,Centro-Oeste,398,0.5976915,0.5904522613065326,0.40230852,57.78,1.9891459655761707,-6.410854034423835,False,completo,True
2220,4309258,RS,Sul,15,0.5977173,0.6666666666666666,0.4022827,,,-11.838271484375,False,ausente,True
2221,3302403,RJ,Sudeste,2721,0.5979525,0.5938993017273061,0.40204751,63.19,-3.394750061035154,-9.68475006103516,True,completo,True
2222,4209904,SC,Sul,179,0.5979956,0.6033519553072626,0.40200442,63.17,-3.3704432678222673,-9.66044326782226,True,completo,True
2223,4314068,RS,Sul,16,0.5980102,0.75,0.40198982,80.0,-20.19898223876953,-20.19898223876953,True,completo,True
2224,3523008,SP,Sudeste,47,0.5980763,0.7872340425531915,0.40192372,54.6,5.2076286315917955,-4.412371368408202,False,parcial,True
2225,3547007,SP,Sudeste,71,0.598106,0.8732394366197183,0.40189397,55.23,4.5806040954589875,-4.799395904541015,False,parcial,False
2226,1303403,AM,Norte,1355,0.59823865,0.6214022140221402,0.40176135,56.53,3.2938639831542957,-5.5861360168457,False,completo,True
2227,1720002,TO,Norte,42,0.5982568,0.5714285714285714,0.40174317,60.03,-0.20431640625000114,-7.724316406249997,True,completo,True
2228,3115458,MG,Sudeste,114,0.59829503,0.6842105263157895,0.40170497,42.58,17.249502105712892,3.2995021057128895,False,completo,True
2229,4216602,SC,Sul,1883,0.59848326,0.5783324482209241,0.40151674,,,,False,completo,False
2230,3520905,SP,Sudeste,140,0.5984864,0.55,0.40151358,59.79,0.0586404418945321,-7.561359558105465,False,parcial,True
2231,3529658,SP,Sudeste,16,0.5985468,0.5625,0.4014532,41.56,18.294679107666013,4.014679107666012,False,parcial,True
2232,4202800,SC,Sul,390,0.598622,0.5923076923076923,0.40137798,63.84,-3.9777983093261753,-10.007798309326176,True,completo,True
2233,2606002,PE,Nordeste,1278,0.59867674,0.6971830985915493,0.40132326,56.86,3.0076757812500006,-5.7523242187500045,False,completo,True
2234,3525409,SP,Sudeste,40,0.59870344,0.5,0.40129656,50.82,9.050346069335937,-1.99965393066406,False,parcial,True
2235,3504503,SP,Sudeste,813,0.5987331,0.5264452644526445,0.40126687,61.23,-1.3566860961914031,-8.406686096191407,True,parcial,True
2236,4215109,SC,Sul,120,0.59873825,0.6833333333333333,0.40126175,60.87,-0.9961749267578099,-8.186174926757815,True,completo,True
2237,3501301,SP,Sudeste,247,0.59883106,0.7246963562753036,0.40116894,58.23,1.6531062316894563,-6.576893768310541,False,parcial,True
2238,4206702,SC,Sul,225,0.5989138,0.6266666666666667,0.4010862,57.65,2.241380310058595,-6.208619689941401,False,completo,True
2239,3553500,SP,Sudeste,103,0.59893334,0.5728155339805825,0.40106666,58.05,1.8433334350585966,-6.44666656494141,False,parcial,True
2240,2104107,MA,Nordeste,194,0.5990044,0.788659793814433,0.4009956,50.73,9.170440216064456,-1.9095597839355491,False,completo,True
2241,4305603,RS,Sul,27,0.59914935,0.8518518518518519,0.40085065,66.33,-6.41506393432617,-11.465063934326167,True,completo,True
2242,5105200,MT,Centro-Oeste,138,0.5991902,0.6811594202898551,0.40080982,53.79,6.129017791748048,-3.800982208251952,False,completo,True
2243,2606309,PE,Nordeste,109,0.59937125,0.6788990825688074,0.40062875,57.04,2.8971261596679696,-5.792873840332035,False,completo,True
2244,2704807,AL,Nordeste,94,0.599424,0.4148936170212766,0.400576,52.02,7.922401885986325,-2.6775981140136693,False,completo,False
2245,3532900,SP,Sudeste,86,0.59954077,0.686046511627907,0.40045923,55.45,4.504078674316403,-4.795921325683594,False,parcial,True
2246,4201109,SC,Sul,26,0.5995525,0.5769230769230769,0.4004475,,,-5.7047502136230435,False,completo,True
2247,2106300,MA,Nordeste,144,0.599599,0.8194444444444444,0.400401,56.28,3.679899902343749,-5.300100097656255,False,completo,True
2248,2411908,RN,Nordeste,55,0.5996529,0.6909090909090909,0.4003471,60.69,-0.7247099304199196,-7.984709930419925,True,completo,True
2249,4323507,RS,Sul,22,0.5996581,0.7272727272727273,0.40034193,80.0,-20.034191131591797,-20.034191131591797,True,completo,False
2250,4317756,RS,Sul,22,0.5997287,0.7727272727272727,0.4002713,77.57,-17.597130126953118,-18.42713012695313,True,completo,True
2251,2918704,BA,Nordeste,23,0.59989774,0.5652173913043478,0.40010226,69.64,-9.650227203369141,-13.420227203369137,True,completo,True
2252,4211751,SC,Sul,252,0.59990346,0.6706349206349206,0.40009654,59.2,0.7903450012207003,-7.049654998779303,False,completo,True
2253,3518404,SP,Sudeste,904,0.59990925,0.5597345132743363,0.40009075,60.67,-0.6790751647949236,-7.94907516479492,True,parcial,True
2254,4319109,RS,Sul,59,0.60002065,0.6440677966101694,0.39997935,80.0,-19.997936248779297,-19.997936248779297,True,completo,True
2255,5300108,DF,Centro-Oeste,22111,0.60008025,0.5942743430871512,0.39991975,,,,False,ausente,True
2256,5102686,MT,Centro-Oeste,161,0.6001025,0.6583850931677019,0.39989752,53.38,6.630250091552732,-3.4597499084472645,False,completo,False
2257,4307864,RS,Sul,26,0.6001808,0.6923076923076923,0.3998192,80.0,-19.981918334960938,-19.981918334960938,True,completo,True
2258,2105401,MA,Nordeste,772,0.600182,0.6049222797927462,0.399818,57.76,2.258199920654299,-6.151800079345705,False,completo,True
2259,3302700,RJ,Sudeste,1946,0.60021573,0.5976361767728674,0.39978427,60.52,-0.49842788696289375,-7.828427886962885,True,completo,True
2260,4208708,SC,Sul,113,0.60026,0.6548672566371682,0.39973998,57.49,2.536000976562498,-5.9739990234375,False,completo,True
2261,4314753,RS,Sul,24,0.60031855,0.6666666666666666,0.39968145,80.0,-19.968143463134766,-19.968143463134766,True,completo,True
2262,2605301,PE,Nordeste,335,0.6003878,0.5552238805970149,0.3996122,60.53,-0.4912197875976574,-7.811219787597651,True,completo,True
2263,4323200,RS,Sul,16,0.6004727,0.5625,0.3995273,80.0,-19.95273208618164,-19.95273208618164,True,completo,True
2264,3157609,MG,Sudeste,40,0.6004877,0.725,0.3995123,40.26,19.788770904541018,5.088770904541015,False,completo,True
2265,4208203,SC,Sul,2165,0.6005139,0.5584295612009238,0.39948612,,,,False,completo,False
2266,4315156,RS,Sul,20,0.6006305,0.65,0.39936948,78.65,-18.58694686889649,-19.046946868896484,True,completo,True
2267,4315172,RS,Sul,16,0.6007347,0.75,0.3992653,79.98,-19.906528930664066,-19.916528930664057,True,completo,True
2268,5007406,MS,Centro-Oeste,288,0.6007748,0.5034722222222222,0.39922518,52.63,7.447484130859372,-2.922515869140625,False,completo,True
2269,5103205,MT,Centro-Oeste,383,0.601035,0.6422976501305483,0.398965,54.3,5.80350036621094,-3.9364996337890688,False,completo,True
2270,4116505,PR,Sul,16,0.601216,0.4375,0.39878398,44.57,15.551601104736328,2.2716011047363267,False,completo,True
2271,2514701,PB,Nordeste,31,0.60123336,0.4838709677419355,0.39876664,56.21,3.9133367919921866,-5.096663208007811,False,completo,True
2272,3552403,SP,Sudeste,2702,0.6013169,0.5810510732790526,0.39868307,57.39,2.7416909790039057,-5.8083090209960915,False,parcial,True
2273,4104253,PR,Sul,345,0.6016926,0.5797101449275363,0.39830738,63.18,-3.010738067626953,-9.300738067626952,True,completo,True
2274,3555000,SP,Sudeste,536,0.6017138,0.5522388059701493,0.39828622,55.08,5.0913790893554705,-4.348620910644527,False,parcial,True
2275,2105005,MA,Nordeste,334,0.6020258,0.5898203592814372,0.3979742,64.63,-4.42742050170898,-10.147420501708979,True,completo,True
2276,3503000,SP,Sudeste,54,0.60207677,0.7222222222222222,0.39792323,49.16,11.047675933837894,-0.6123240661621097,False,parcial,True
2277,3507159,SP,Sudeste,54,0.6023308,0.5555555555555556,0.3976692,60.25,-0.016918182373046875,-7.456918182373045,True,parcial,False
2278,1508159,PA,Norte,397,0.60234755,0.6120906801007556,0.39765245,67.88,-7.645243530273433,-12.095243530273436,True,completo,True
2279,3524808,SP,Sudeste,385,0.60239965,0.7064935064935065,0.39760035,59.42,0.8199635314941389,-6.940036468505866,False,parcial,False
2280,2108256,MA,Nordeste,189,0.6024419,0.5767195767195767,0.3975581,68.13,-7.885809783935542,-12.23580978393555,True,completo,True
2281,3302809,RJ,Sudeste,147,0.60244304,0.5714285714285714,0.39755696,61.95,-1.705695343017581,-8.475695343017577,True,completo,True
2282,2514404,PB,Nordeste,47,0.6024504,0.44680851063829785,0.39754963,60.23,0.015037078857425001,-7.434962921142585,False,completo,False
2283,2504801,PB,Nordeste,106,0.60250425,0.49056603773584906,0.39749575,69.16,-8.909572753906247,-12.869572753906255,True,completo,True
2284,5205497,GO,Centro-Oeste,1221,0.60250473,0.6191646191646192,0.39749527,56.04,4.210473022460938,-4.859526977539062,False,completo,True
2285,4210803,SC,Sul,83,0.60250866,0.4819277108433735,0.39749134,58.99,1.2608659362792949,-6.669134063720705,False,completo,True
2286,4205209,SC,Sul,49,0.6025509,0.5918367346938775,0.39744908,60.39,-0.1349073791503912,-7.514907379150387,True,completo,True
2287,4306924,RS,Sul,17,0.602577,0.4117647058823529,0.39742303,77.38,-17.122301940917964,-18.02230194091797,True,completo,False
2288,4310462,RS,Sul,18,0.6027184,0.4444444444444444,0.3972816,80.0,-19.72815704345703,-19.72815704345703,True,completo,True
2289,2513851,PB,Nordeste,25,0.6027921,0.36,0.39720792,50.76,9.519209136962893,-1.5507908630371077,False,completo,True
2290,5007703,MS,Centro-Oeste,162,0.6028793,0.5308641975308642,0.3971207,58.52,1.7679295349121062,-6.342070465087886,False,completo,True
2291,3154606,MG,Sudeste,3421,0.60306364,0.6062554808535516,0.39693636,59.14,1.1663659667968744,-6.70363403320313,False,completo,True
2292,5002951,MS,Centro-Oeste,431,0.6031502,0.6357308584686775,0.3968498,49.18,11.135017700195313,-0.5149822998046858,False,completo,True
2293,4310504,RS,Sul,49,0.6032072,0.5918367346938775,0.39679283,69.28,-8.959283142089845,-12.869283142089841,True,completo,False
2294,4314423,RS,Sul,52,0.60351825,0.5769230769230769,0.39648175,80.0,-19.648174285888672,-19.648174285888672,True,completo,True
2295,4204202,SC,Sul,2707,0.60353667,0.592168452161064,0.39646333,60.17,0.1836682128906233,-7.2763317871093705,False,completo,True
2296,4300208,RS,Sul,46,0.6035492,0.7391304347826086,0.39645082,80.0,-19.64508056640625,-19.64508056640625,True,completo,True
2297,3500550,SP,Sudeste,104,0.6035866,0.49038461538461536,0.3964134,54.97,5.388661651611329,-4.091338348388675,False,parcial,False
2298,4316451,RS,Sul,75,0.60366315,0.5866666666666667,0.39633685,80.0,-19.633686065673828,-19.633686065673828,True,completo,True
2299,4313201,RS,Sul,244,0.6036692,0.5655737704918032,0.39633077,80.0,-19.633075714111328,-19.633075714111328,True,completo,True
2300,4213500,SC,Sul,255,0.6037024,0.6274509803921569,0.39629757,,,,False,completo,True
2301,3500501,SP,Sudeste,182,0.6037062,0.44505494505494503,0.39629382,64.46,-4.089383087158197,-9.869383087158198,True,parcial,True
2302,3512803,SP,Sudeste,529,0.60381085,0.5954631379962193,0.39618915,57.43,2.951084442138672,-5.578915557861322,False,parcial,False
2303,3503158,SP,Sudeste,24,0.60384625,0.375,0.39615375,53.27,7.114624481201169,-3.0153755187988267,False,parcial,True
2304,4301404,RS,Sul,80,0.60385895,0.7625,0.39614105,,,-9.10410522460937,False,completo,True
2305,3549508,SP,Sudeste,81,0.6038865,0.5061728395061729,0.3961135,52.91,7.47864898681641,-2.7913510131835935,False,parcial,True
2306,4317954,RS,Sul,23,0.60390276,0.782608695652174,0.39609724,80.0,-19.609725952148438,-19.609725952148438,True,completo,False
2307,3536570,SP,Sudeste,19,0.6039295,0.7368421052631579,0.39607048,44.71,15.68295196533203,2.4529519653320335,False,parcial,True
2308,1101807,RO,Norte,78,0.6039389,0.4358974358974359,0.39606112,59.72,0.6738865661621105,-6.976113433837895,False,completo,True
2309,2201200,PI,Nordeste,557,0.60397404,0.599640933572711,0.39602596,59.72,0.6774037170410168,-6.962596282958984,False,completo,True
2310,2209906,PI,Nordeste,50,0.6040876,0.94,0.3959124,54.3,6.108760070800784,-3.631239929199225,False,completo,False
2311,3513207,SP,Sudeste,90,0.60430616,0.5,0.39569384,54.91,5.52061447143555,-3.989385528564455,False,parcial,True
2312,5106232,MT,Centro-Oeste,240,0.6043073,0.575,0.3956927,55.56,4.870728912353513,-4.3892710876464776,False,completo,True
2313,4306072,RS,Sul,14,0.604309,0.9285714285714286,0.39569098,,,,False,completo,False
2314,3511102,SP,Sudeste,741,0.60433793,0.7058029689608637,0.39566207,58.62,1.813792114257815,-6.256207885742185,False,parcial,True
2315,2209153,PI,Nordeste,44,0.6044752,0.6818181818181818,0.3955248,57.0,3.447521209716797,-5.252478790283206,False,completo,True
2316,4310900,RS,Sul,21,0.6045708,0.6190476190476191,0.3954292,80.0,-19.542919158935547,-19.542919158935547,True,completo,True
2317,4203501,SC,Sul,122,0.6045999,0.4918032786885246,0.3954001,64.05,-3.590012359619138,-9.54001235961914,True,completo,True
2318,4302253,RS,Sul,24,0.604805,0.75,0.395195,74.36,-13.879500732421874,-15.86950073242187,True,completo,True
2319,4305850,RS,Sul,12,0.60483015,0.4166666666666667,0.39516985,80.0,-19.516986846923828,-19.516986846923828,True,completo,True
2320,2109452,MA,Nordeste,431,0.6048674,0.4872389791183295,0.3951326,69.98,-9.493259887695316,-13.133259887695317,True,completo,True
2321,1715754,TO,Norte,81,0.6050183,0.7777777777777778,0.39498168,53.03,7.471831054687499,-2.7481689453125,False,completo,True
2322,4210407,SC,Sul,99,0.6050723,0.6161616161616161,0.39492768,62.07,-1.5627673339843753,-8.282767333984381,True,completo,False
2323,2707800,AL,Nordeste,101,0.60512024,0.46534653465346537,0.39487976,66.92,-6.407976074218752,-11.23797607421875,True,completo,True
2324,3541653,SP,Sudeste,59,0.6051206,0.6610169491525424,0.3948794,55.49,5.022058258056639,-4.257941741943355,False,parcial,True
2325,2410009,RN,Nordeste,19,0.60519415,0.631578947368421,0.39480585,67.21,-6.6905831909179625,-11.40058319091797,True,completo,True
2326,3542008,SP,Sudeste,68,0.60521966,0.6470588235294118,0.39478034,56.38,4.141965026855466,-4.798034973144524,False,parcial,True
2327,2105609,MA,Nordeste,120,0.60528433,0.75,0.39471567,58.77,1.7584347534179656,-6.251565246582032,False,completo,False
2328,4321469,RS,Sul,33,0.60554224,0.696969696969697,0.39445776,80.0,-19.44577407836914,-19.44577407836914,True,completo,False
2329,1716505,TO,Norte,231,0.60565287,0.5670995670995671,0.39434713,57.52,3.0452885437011687,-5.454711456298824,False,completo,False
2330,3519907,SP,Sudeste,82,0.6056967,0.5365853658536586,0.39430332,56.43,4.13966781616211,-4.780332183837885,False,parcial,True
2331,3536802,SP,Sudeste,41,0.60575956,0.4878048780487805,0.39424044,,,1.015954437255857,False,parcial,True
2332,3301108,RJ,Sudeste,162,0.60580206,0.5308641975308642,0.39419794,59.77,0.8102078247070281,-6.819792175292974,False,completo,True
2333,1600535,AP,Norte,337,0.6058435,0.685459940652819,0.39415652,67.62,-7.03565322875977,-11.585653228759767,True,completo,True
2334,1301803,AM,Norte,248,0.6060921,0.6451612903225806,0.3939079,,,-8.920789031982423,False,completo,True
2335,2512705,PB,Nordeste,142,0.6061859,0.49295774647887325,0.3938141,62.28,-1.6614086914062511,-8.301408691406252,True,completo,True
2336,2806701,SE,Nordeste,734,0.60640967,0.670299727520436,0.39359033,59.87,0.7709683227539088,-6.8190316772460875,False,completo,True
2337,2515971,PB,Nordeste,27,0.60660136,0.4074074074074074,0.39339864,63.31,-2.6498628234863304,-8.889862823486325,True,completo,True
2338,1502152,PA,Norte,1402,0.6066816,0.6533523537803139,0.3933184,65.05,-4.381840515136716,-9.941840515136718,True,completo,False
2339,4321006,RS,Sul,101,0.606738,0.7821782178217822,0.39326203,64.43,-3.756202392578132,-9.556202392578129,True,completo,False
2340,2615003,PE,Nordeste,235,0.6067916,0.5957446808510638,0.39320838,63.02,-2.3408389282226594,-8.69083892822266,True,completo,True
2341,3538709,SP,Sudeste,3598,0.60688007,0.603390772651473,0.39311993,58.93,1.7580073547363284,-6.191992645263667,False,parcial,True
2342,1711506,TO,Norte,32,0.6069014,0.625,0.3930986,64.21,-3.5198602294921812,-9.409860229492182,True,completo,True
2343,3544608,SP,Sudeste,43,0.6070229,0.46511627906976744,0.39297712,58.64,2.0622895812988276,-6.007710418701166,False,parcial,True
2344,2200400,PI,Nordeste,577,0.60707337,0.6204506065857885,0.39292663,64.89,-4.182663574218751,-9.802663574218755,True,completo,True
2345,1502939,PA,Norte,510,0.6070794,0.6941176470588235,0.3929206,62.75,-2.0420608520507812,-8.492060852050784,True,completo,True
2346,4200705,SC,Sul,114,0.60735273,0.4824561403508772,0.39264727,,,,False,completo,False
2347,4313037,RS,Sul,50,0.6074873,0.72,0.39251268,80.0,-19.251266479492188,-19.251266479492188,True,completo,True
2348,2700201,AL,Nordeste,151,0.6075547,0.4503311258278146,0.39244533,57.84,2.915466461181637,-5.454533538818353,False,completo,True
2349,3167509,MG,Sudeste,24,0.60760045,0.5,0.39239955,14.14,46.62004409790039,28.47004409790039,False,completo,True
2350,5004106,MS,Centro-Oeste,155,0.6076439,0.6580645161290323,0.3923561,52.3,8.46438903808594,-2.0256109619140616,False,completo,True
2351,3549953,SP,Sudeste,137,0.6078852,0.583941605839416,0.39211482,64.46,-3.671483001708978,-9.461483001708984,True,parcial,True
2352,2600500,PE,Nordeste,441,0.608152,0.5895691609977324,0.39184803,61.28,-0.46480300903320426,-7.494803009033205,True,completo,True
2353,3537503,SP,Sudeste,98,0.6081533,0.673469387755102,0.39184672,56.11,4.705326690673829,-4.3446733093261685,False,parcial,False
2354,4218905,SC,Sul,113,0.6082319,0.7610619469026548,0.3917681,63.46,-2.6368112182617196,-8.81681121826172,True,completo,True
2355,3549250,SP,Sudeste,18,0.6084496,0.4444444444444444,0.39155042,49.78,11.064959259033202,-0.3650407409667977,False,parcial,False
2356,3517208,SP,Sudeste,126,0.60848165,0.6031746031746031,0.39151835,55.48,5.368163604736331,-3.921836395263668,False,parcial,False
2357,3552304,SP,Sudeste,65,0.6085404,0.5692307692307692,0.39145958,56.44,4.4140420532226585,-4.505957946777343,False,parcial,True
2358,2502003,PB,Nordeste,55,0.60863084,0.4,0.39136916,61.23,-0.3669171142578094,-7.416917114257814,True,completo,True
2359,1200302,AC,Norte,391,0.60873073,0.6419437340153452,0.39126927,,,-2.5669264221191384,False,ausente,True
2360,3540259,SP,Sudeste,38,0.6087578,0.5263157894736842,0.3912422,50.33,10.54577819824219,-0.6842218017578148,False,parcial,True
2361,2614105,PE,Nordeste,302,0.6089821,0.5695364238410596,0.3910179,62.6,-1.701791381835939,-8.211791381835937,True,completo,True
2362,4100103,PR,Sul,76,0.6090143,0.6052631578947368,0.39098573,60.05,0.8514282226562528,-6.658571777343752,False,completo,True
2363,4202453,SC,Sul,230,0.60903376,0.6782608695652174,0.39096624,,,,False,completo,True
2364,3538907,SP,Sudeste,145,0.60907274,0.4689655172413793,0.39092726,57.88,3.0272761535644506,-5.332723846435542,False,parcial,False
2365,2414902,RN,Nordeste,21,0.60913306,0.6190476190476191,0.39086694,62.42,-1.5066928100585955,-8.096692810058599,True,completo,True
2366,2512754,PB,Nordeste,37,0.60914475,0.4594594594594595,0.39085525,50.27,10.644474487304684,-0.6055255126953156,False,completo,True
2367,5103379,MT,Centro-Oeste,142,0.60929304,0.6267605633802817,0.39070696,61.94,-1.0106939697265602,-7.780693969726556,True,completo,True
2368,4307831,RS,Sul,14,0.6093496,0.5,0.3906504,,,-0.4250405883789057,False,completo,False
2369,3304003,RJ,Sudeste,277,0.6094386,0.6137184115523465,0.3905614,62.31,-1.3661408996582054,-7.996140899658201,True,completo,True
2370,2210508,PI,Nordeste,192,0.60945046,0.671875,0.39054954,54.3,6.645045471191409,-3.0949545288086,False,completo,True
2371,2401651,RN,Nordeste,10,0.60946536,0.6,0.39053464,67.45,-6.503462982177737,-11.123462982177728,True,completo,False
2372,3525300,SP,Sudeste,1024,0.60949916,0.55078125,0.39050084,63.12,-2.170083160400388,-8.480083160400397,True,parcial,True
2373,3538600,SP,Sudeste,277,0.609667,0.5740072202166066,0.390333,62.06,-1.093298492431643,-7.813298492431642,True,parcial,True
2374,4322004,RS,Sul,312,0.6097476,0.6602564102564102,0.3902524,68.96,-7.985241851806634,-12.015241851806636,True,completo,True
2375,2614006,PE,Nordeste,201,0.6097837,0.6019900497512438,0.3902163,58.07,2.908370666503906,-5.381629333496093,False,completo,True
2376,3512704,SP,Sudeste,44,0.6098814,0.8409090909090909,0.3901186,49.46,11.528140106201171,-0.021859893798826135,False,parcial,True
2377,4314498,RS,Sul,40,0.60990566,0.75,0.39009434,80.0,-19.00943374633789,-19.00943374633789,True,completo,True
2378,4315149,RS,Sul,45,0.6100624,0.5777777777777777,0.38993758,80.0,-18.993759155273438,-18.993759155273438,True,completo,True
2379,4200101,SC,Sul,250,0.61007005,0.588,0.38992995,67.3,-6.29299621582031,-10.972996215820316,True,completo,False
2380,3529203,SP,Sudeste,193,0.61008406,0.6321243523316062,0.38991594,57.49,3.5184075927734355,-4.9915924072265625,False,parcial,False
2381,2204550,PI,Nordeste,29,0.61015475,0.7586206896551724,0.38984525,61.72,-0.7045237731933582,-7.564523773193358,True,completo,True
2382,4211058,SC,Sul,118,0.6101653,0.5338983050847458,0.3898347,66.43,-5.413470916748054,-10.423470916748045,True,completo,False
2383,4316303,RS,Sul,34,0.6102581,0.7058823529411765,0.3897419,76.36,-15.33418975830078,-16.594189758300786,True,completo,True
2384,2509909,PB,Nordeste,74,0.61028343,0.4864864864864865,0.38971657,62.3,-1.2716567993164034,-7.901656799316413,True,completo,True
2385,3502002,SP,Sudeste,64,0.6103421,0.6875,0.3896579,50.32,10.714210205078125,-0.5157897949218722,False,parcial,True
2386,3530904,SP,Sudeste,56,0.61043656,0.75,0.38956344,59.84,1.203655395507809,-6.396344604492185,False,parcial,False
2387,4210704,SC,Sul,39,0.61057097,0.38461538461538464,0.38942903,,,8.107098388671872,False,completo,False
2388,2202802,PI,Nordeste,62,0.6106463,0.7096774193548387,0.3893537,52.61,8.454632415771485,-1.9253675842285176,False,completo,True
2389,4321907,RS,Sul,258,0.61066306,0.5697674418604651,0.38933694,80.0,-18.933692932128906,-18.933692932128906,True,completo,True
2390,4205001,SC,Sul,172,0.61066353,0.7209302325581395,0.38933647,63.02,-1.9536471557617219,-8.303647155761723,True,completo,True
2391,3536901,SP,Sudeste,22,0.61067533,0.7272727272727273,0.38932467,45.5,15.567535400390625,2.607535400390624,False,parcial,True
2392,4300455,RS,Sul,32,0.6107256,0.65625,0.38927442,80.0,-18.927440643310547,-18.927440643310547,True,completo,True
2393,5107354,MT,Centro-Oeste,109,0.61093307,0.3486238532110092,0.38906693,56.04,5.053307495117188,-4.016692504882812,False,completo,False
2394,2600807,PE,Nordeste,111,0.61094344,0.6846846846846847,0.38905656,61.99,-0.8956549072265645,-7.645654907226557,True,completo,True
2395,4322301,RS,Sul,76,0.6109766,0.5263157894736842,0.38902342,80.0,-18.90234375,-18.90234375,True,completo,True
2396,4309506,RS,Sul,59,0.61098254,0.7457627118644068,0.38901746,71.9,-10.801744842529303,-13.7117448425293,True,completo,True
2397,4311254,RS,Sul,35,0.61131847,0.6571428571428571,0.38868153,80.0,-18.868152618408203,-18.868152618408203,True,completo,True
2398,3520202,SP,Sudeste,130,0.6114876,0.5076923076923077,0.38851237,64.51,-3.361238250732427,-9.131238250732423,True,parcial,False
2399,2920304,BA,Nordeste,74,0.6117152,0.7027027027027027,0.3882848,71.89,-10.718479766845704,-13.6284797668457,True,completo,True
2400,4304655,RS,Sul,21,0.61183065,0.7142857142857143,0.38816935,80.0,-18.816936492919922,-18.816936492919922,True,completo,True
2401,3120151,MG,Sudeste,63,0.6119281,0.49206349206349204,0.3880719,57.46,3.732810058593749,-4.787189941406254,False,completo,True
2402,4304697,RS,Sul,33,0.6119502,0.5757575757575758,0.38804978,80.0,-18.804977416992188,-18.804977416992188,True,completo,False
2403,3145059,MG,Sudeste,54,0.61198837,0.5185185185185185,0.38801163,47.65,13.548837280273439,1.348837280273436,False,completo,True
2404,3142254,MG,Sudeste,36,0.6120416,0.3888888888888889,0.3879584,46.9,14.304158782958986,1.834158782958987,False,completo,True
2405,4114104,PR,Sul,338,0.6121544,0.6242603550295858,0.38784558,63.44,-2.2245573425292946,-8.404557342529301,True,completo,True
2406,5101704,MT,Centro-Oeste,410,0.61241347,0.7268292682926829,0.38758653,55.71,5.531348266601562,-3.668651733398434,False,completo,True
2407,3507209,SP,Sudeste,12,0.6124466,0.5833333333333334,0.3875534,,,-5.275340576171871,False,ausente,True
2408,2515401,PB,Nordeste,81,0.6124548,0.5432098765432098,0.38754523,59.88,1.3654757690429662,-6.214524230957025,False,completo,True
2409,2506806,PB,Nordeste,128,0.6125414,0.46875,0.38745862,61.08,0.17413894653320483,-6.935861053466795,False,completo,False
2410,4320305,RS,Sul,52,0.6125743,0.6730769230769231,0.38742572,,,-0.10257278442382756,False,completo,True
2411,2102408,MA,Nordeste,68,0.6125842,0.6323529411764706,0.38741583,68.3,-7.041580963134763,-11.331580963134769,True,completo,True
2412,3514809,SP,Sudeste,85,0.6125855,0.7529411764705882,0.38741452,65.24,-3.9814512634277293,-9.461451263427733,True,parcial,True
2413,2613008,PE,Nordeste,549,0.6125948,0.6429872495446266,0.38740522,59.89,1.3694795227050776,-6.210520477294921,False,completo,True
2414,4216057,SC,Sul,50,0.6126773,0.5,0.38732272,,,,False,completo,True
2415,4212304,SC,Sul,118,0.6128188,0.3983050847457627,0.38718122,65.85,-4.568120574951166,-9.808120574951175,True,completo,True
2416,1508357,PA,Norte,263,0.6128491,0.6958174904942965,0.38715088,63.83,-2.5450878906249983,-8.575087890625,True,completo,False
2417,4314027,RS,Sul,33,0.6128539,0.5454545454545454,0.38714612,80.0,-18.714611053466797,-18.714611053466797,True,completo,True
2418,4303301,RS,Sul,24,0.6130894,0.625,0.38691062,80.0,-18.691062927246094,-18.691062927246094,True,completo,False
2419,4119152,PR,Sul,1315,0.6131657,0.5733840304182509,0.38683432,65.58,-4.263433532714842,-9.61343353271485,True,completo,True
2420,4300703,RS,Sul,31,0.6131753,0.7096774193548387,0.38682473,,,,False,completo,False
2421,2209401,PI,Nordeste,32,0.6132367,0.5625,0.38676327,64.31,-2.9863267517089866,-8.836326751708981,True,completo,True
2422,4321493,RS,Sul,16,0.61341494,0.375,0.38658506,80.0,-18.658504486083984,-18.658504486083984,True,completo,True
2423,3509254,SP,Sudeste,385,0.61357147,0.574025974025974,0.38642853,62.43,-1.0728527832031247,-7.65285278320313,True,parcial,True
2424,4212809,SC,Sul,374,0.6135776,0.5347593582887701,0.3864224,64.55,-3.1922386169433565,-8.942238616943357,True,completo,False
2425,5102678,MT,Centro-Oeste,600,0.6137409,0.645,0.38625908,60.16,1.2140921020507847,-6.255907897949214,False,completo,True
2426,2111029,MA,Nordeste,173,0.6138012,0.7052023121387283,0.38619882,67.59,-6.209880676269535,-10.769880676269537,True,completo,True
2427,4309555,RS,Sul,74,0.61380637,0.6756756756756757,0.38619363,80.0,-18.619361877441406,-18.619361877441406,True,completo,True
2428,4312203,RS,Sul,37,0.6139429,0.43243243243243246,0.38605708,80.0,-18.605709075927734,-18.605709075927734,True,completo,True
2429,4124103,PR,Sul,554,0.6140013,0.555956678700361,0.38599873,63.64,-2.2398725891113287,-8.349872589111328,True,completo,True
2430,3300605,RJ,Sudeste,249,0.6140117,0.7068273092369478,0.3859883,61.57,-0.16883117675781278,-7.088831176757807,True,completo,True
2431,5002001,MS,Centro-Oeste,185,0.6141434,0.6756756756756757,0.38585663,51.26,10.154337158203127,-0.7256628417968756,False,completo,True
2432,3507506,SP,Sudeste,1152,0.61421824,0.5720486111111112,0.38578176,62.56,-1.138178405761721,-7.668178405761722,True,parcial,True
2433,2603801,PE,Nordeste,211,0.6142439,0.6966824644549763,0.38575608,55.74,5.6843927001953105,-3.5056072998046943,False,completo,True
2434,3527702,SP,Sudeste,47,0.6142494,0.5531914893617021,0.3857506,58.85,2.574942016601561,-5.405057983398436,False,parcial,True
2435,4314035,RS,Sul,48,0.6143738,0.5416666666666666,0.3856262,74.1,-12.662618255615229,-14.742618255615241,True,completo,False
2436,2202752,PI,Nordeste,64,0.6145563,0.890625,0.3854437,58.67,2.785631256103514,-5.264368743896483,False,completo,True
2437,4105805,PR,Sul,3101,0.614607,0.6091583360206385,0.38539302,67.38,-5.91930282592773,-10.569302825927736,True,completo,True
2438,2509701,PB,Nordeste,300,0.6146194,0.61,0.38538063,59.17,2.291936950683592,-5.568063049316407,False,completo,True
2439,3113800,MG,Sudeste,30,0.614708,0.6333333333333333,0.385292,36.86,24.610802307128907,8.890802307128908,False,completo,True
2440,4315073,RS,Sul,17,0.6147726,0.8823529411764706,0.38522738,65.93,-4.4527394104003974,-9.662739410400391,True,completo,True
2441,4213401,SC,Sul,164,0.6148859,0.5487804878048781,0.38511407,57.53,3.95859405517578,-4.531405944824215,False,completo,True
2442,4313102,RS,Sul,35,0.61488664,0.6285714285714286,0.38511336,80.0,-18.511337280273438,-18.511337280273438,True,completo,True
2443,4310439,RS,Sul,51,0.61494684,0.6078431372549019,0.38505316,80.0,-18.50531768798828,-18.50531768798828,True,completo,True
2444,3134707,MG,Sudeste,109,0.6150274,0.5596330275229358,0.38497257,50.97,10.532742767333986,-0.4572572326660165,False,completo,True
2445,3160207,MG,Sudeste,29,0.6151766,0.4482758620689655,0.38482338,52.34,9.17766204833984,-1.3023379516601565,False,completo,True
2446,4315107,RS,Sul,69,0.6152963,0.5797101449275363,0.3847037,73.05,-11.520371246337888,-14.000371246337892,True,completo,True
2447,4322103,RS,Sul,47,0.6153107,0.5106382978723404,0.38468927,,,,False,completo,True
2448,1100056,RO,Norte,244,0.6153255,0.6680327868852459,0.3846745,62.09,-0.5574491882324253,-7.277449188232424,True,completo,True
2449,4320206,RS,Sul,129,0.61545044,0.6666666666666666,0.38454956,80.0,-18.4549560546875,-18.4549560546875,True,completo,True
2450,3503109,SP,Sudeste,81,0.615666,0.5679012345679012,0.38433403,58.49,3.0765969848632793,-5.043403015136718,False,parcial,True
2451,5007695,MS,Centro-Oeste,479,0.61578095,0.6200417536534447,0.38421905,56.9,4.678094482421876,-4.061905517578126,False,completo,True
2452,4310579,RS,Sul,17,0.615826,0.7647058823529411,0.384174,80.0,-18.417400360107422,-18.417400360107422,True,completo,True
2453,5205455,GO,Centro-Oeste,101,0.6160373,0.7029702970297029,0.3839627,47.38,14.223729248046872,1.9237292480468753,False,completo,True
2454,5103361,MT,Centro-Oeste,59,0.6161361,0.6949152542372882,0.38386393,47.02,14.59360931396484,2.163609313964841,False,completo,True
2455,2408904,RN,Nordeste,210,0.61620325,0.638095238095238,0.38379675,49.2,12.420323181152341,0.7803231811523403,False,completo,True
2456,3169604,MG,Sudeste,227,0.6164353,0.5859030837004405,0.3835647,45.41,16.233527984619144,3.243527984619142,False,completo,True
2457,4320230,RS,Sul,18,0.61653906,0.3888888888888889,0.38346094,80.0,-18.346092224121094,-18.346092224121094,True,completo,True
2458,4101200,PR,Sul,198,0.61664367,0.6414141414141414,0.38335633,68.53,-6.865632324218751,-11.065632324218754,True,completo,True
2459,4214003,SC,Sul,223,0.6167454,0.5919282511210763,0.3832546,65.13,-3.4554585266113236,-8.985458526611325,True,completo,False
2460,4306130,RS,Sul,14,0.6167703,0.6428571428571429,0.38322967,78.11,-16.432967529296874,-17.072967529296875,True,completo,True
2461,3512605,SP,Sudeste,44,0.6167747,0.38636363636363635,0.38322532,51.76,9.917467346191408,-0.7825326538085946,False,parcial,True
2462,4301503,RS,Sul,29,0.6168822,0.4482758620689655,0.3831178,80.0,-18.311779022216797,-18.311779022216797,True,completo,True
2463,5007307,MS,Centro-Oeste,81,0.61697245,0.5308641975308642,0.38302755,57.54,4.157242736816407,-4.332757263183595,False,completo,True
2464,2202251,PI,Nordeste,39,0.61702144,0.8717948717948718,0.38297856,55.53,6.172144622802733,-3.097855377197263,False,completo,True
2465,2609600,PE,Nordeste,2716,0.6170759,0.6248159057437408,0.38292408,62.95,-1.242407989501956,-7.622407989501951,True,completo,True
2466,4205308,SC,Sul,129,0.6171156,0.6666666666666666,0.38288438,57.2,4.51156311035156,-4.108436889648431,False,completo,True
2467,4319307,RS,Sul,34,0.61713034,0.6176470588235294,0.38286966,78.07,-16.3569644165039,-17.006964416503905,True,completo,True
2468,2703502,AL,Nordeste,83,0.61716056,0.7710843373493976,0.38283944,58.55,3.1660568237304716,-4.933943176269537,False,completo,True
2469,2606804,PE,Nordeste,1170,0.6171839,0.67008547008547,0.38281608,65.47,-3.7516085815429676,-9.141608581542968,True,completo,True
2470,1501501,PA,Norte,1028,0.6172159,0.6517509727626459,0.38278413,63.8,-2.078411865234372,-8.118411865234378,True,completo,False
2471,2509305,PB,Nordeste,178,0.6172862,0.5168539325842697,0.3827138,80.0,-18.271377563476562,-18.271377563476562,True,completo,True
2472,4322905,RS,Sul,36,0.61729187,0.8333333333333334,0.38270813,80.0,-18.27081298828125,-18.27081298828125,True,completo,False
2473,2202406,PI,Nordeste,137,0.617402,0.5401459854014599,0.38259798,58.04,3.7002000427246102,-4.599799957275394,False,completo,True
2474,3305307,RJ,Sudeste,59,0.6174335,0.4915254237288136,0.3825665,66.38,-4.6366528320312455,-9.666652832031247,True,completo,True
2475,3146305,MG,Sudeste,190,0.6175316,0.5736842105263158,0.3824684,54.04,7.713158569335938,-2.126841430664065,False,completo,False
2476,4311908,RS,Sul,31,0.6176224,0.7741935483870968,0.38237762,74.28,-12.517762451171876,-14.537762451171872,True,completo,True
2477,3526308,SP,Sudeste,63,0.6176835,0.6507936507936508,0.38231653,53.85,7.918348693847655,-1.9916513061523418,False,parcial,True
2478,3506003,SP,Sudeste,2786,0.6183453,0.5997846374730796,0.38165468,49.57,12.26453369140625,0.7545336914062517,False,parcial,True
2479,3165552,MG,Sudeste,122,0.61836517,0.6885245901639344,0.38163483,53.85,7.986517333984374,-1.923482666015623,False,completo,True
2480,4313805,RS,Sul,89,0.6183784,0.7191011235955056,0.3816216,80.0,-18.162158966064453,-18.162158966064453,True,completo,True
2481,4312153,RS,Sul,53,0.61840653,0.6226415094339622,0.38159347,80.0,-18.159347534179688,-18.159347534179688,True,completo,False
2482,2516755,PB,Nordeste,35,0.61852336,0.4857142857142857,0.38147664,65.1,-3.2476631164550724,-8.787663116455079,True,completo,False
2483,3501400,SP,Sudeste,30,0.61857855,0.6,0.38142145,58.95,2.9078567504882784,-5.032143249511719,False,parcial,True
2484,4305009,RS,Sul,63,0.6189913,0.7142857142857143,0.38100868,80.0,-18.100868225097656,-18.100868225097656,True,completo,True
2485,4217600,SC,Sul,123,0.61900175,0.5691056910569106,0.38099825,64.7,-2.7998268127441435,-8.489826812744141,True,completo,True
2486,4321857,RS,Sul,70,0.619025,0.6428571428571429,0.380975,80.0,-18.09749984741211,-18.09749984741211,True,completo,True
2487,2601201,PE,Nordeste,670,0.6190522,0.7029850746268657,0.38094783,62.92,-1.014783782958986,-7.404783782958987,True,completo,True
2488,4212106,SC,Sul,163,0.6190625,0.6441717791411042,0.38093752,61.82,0.08624999999999972,-6.733750000000001,False,completo,False
2489,3305802,RJ,Sudeste,1463,0.6193392,0.6473000683526999,0.38066077,63.09,-1.1560781860351597,-7.476078186035153,True,completo,True
2490,3526902,SP,Sudeste,2425,0.6193951,0.6321649484536083,0.38060492,65.28,-3.3404934692382824,-8.810493469238281,True,parcial,True
2491,4101655,PR,Sul,49,0.6194253,0.7551020408163265,0.3805747,58.64,3.302527770996093,-4.757472229003909,False,completo,True
2492,5103056,MT,Centro-Oeste,142,0.61944026,0.6619718309859155,0.38055974,61.97,-0.025973052978514488,-6.78597305297852,True,completo,True
2493,2403004,RN,Nordeste,72,0.61947304,0.5972222222222222,0.38052696,56.46,5.487303771972655,-3.4226962280273483,False,completo,True
2494,2206696,PI,Nordeste,84,0.619539,0.6547619047619048,0.38046098,69.05,-7.09609680175781,-11.09609680175781,True,completo,False
2495,2600203,PE,Nordeste,172,0.6196267,0.5988372093023255,0.3803733,58.8,3.1626693725585966,-4.837330627441403,False,completo,True
2496,3524600,SP,Sudeste,129,0.6197949,0.5503875968992248,0.3802051,66.5,-4.5205078125,-9.510507812499995,True,parcial,True
2497,3531209,SP,Sudeste,60,0.6197976,0.5666666666666667,0.3802024,59.25,2.7297592163085938,-5.090240783691399,False,parcial,False
2498,2307304,CE,Nordeste,2361,0.6197994,0.5959339263024143,0.38020062,63.78,-1.800061492919923,-7.85006149291992,True,completo,True
2499,2502052,PB,Nordeste,35,0.6198679,0.9428571428571428,0.38013208,64.46,-2.4732064819335875,-8.253206481933589,True,completo,True
2500,4315909,RS,Sul,69,0.6199348,0.5362318840579711,0.3800652,80.0,-18.006519317626953,-18.006519317626953,True,completo,True
2501,2509396,PB,Nordeste,84,0.6199508,0.6071428571428571,0.38004923,55.48,6.515079040527347,-2.7749209594726523,False,completo,True
2502,4313086,RS,Sul,18,0.6200182,0.6111111111111112,0.37998182,80.0,-17.998180389404297,-17.998180389404297,True,completo,False
2503,5000906,MS,Centro-Oeste,145,0.6200663,0.5655172413793104,0.3799337,58.37,3.636629943847659,-4.53337005615235,False,completo,False
2504,4205902,SC,Sul,624,0.6200767,0.6778846153846154,0.37992328,,,,False,completo,True
2505,2708956,AL,Nordeste,159,0.62024546,0.5723270440251572,0.37975454,56.54,5.484543762207032,-3.3954562377929705,False,completo,True
2506,3301306,RJ,Sudeste,500,0.62030536,0.588,0.37969464,59.09,2.9405366516113247,-4.949463348388676,False,completo,True
2507,3533205,SP,Sudeste,45,0.62030995,0.8888888888888888,0.37969005,54.76,7.270994415283205,-2.28900558471679,False,parcial,False
2508,4300505,RS,Sul,61,0.6203483,0.6721311475409836,0.37965173,75.71,-13.675171813964837,-15.175171813964837,True,completo,True
2509,4320578,RS,Sul,12,0.6205707,0.6666666666666666,0.37942928,78.78,-16.722928314208986,-17.132928314208982,True,completo,True
2510,4306304,RS,Sul,41,0.6206084,0.6097560975609756,0.3793916,,,3.6008406066894523,False,completo,True
2511,3500709,SP,Sudeste,330,0.6208477,0.6515151515151515,0.3791523,61.01,1.0747702026367207,-6.065229797363287,False,parcial,False
2512,4319406,RS,Sul,102,0.62088424,0.5784313725490197,0.37911576,77.57,-15.481575317382806,-16.311575317382818,True,completo,True
2513,5007554,MS,Centro-Oeste,137,0.6211594,0.5109489051094891,0.37884063,53.47,8.645936279296876,-1.4040637207031281,False,completo,True
2514,1100601,RO,Norte,68,0.6212,0.7941176470588235,0.37879997,58.84,3.280002746582028,-4.699997253417962,False,completo,False
2515,3514106,SP,Sudeste,249,0.6212324,0.5742971887550201,0.3787676,64.5,-2.3767623901367188,-8.146762390136715,True,parcial,True
2516,4204608,SC,Sul,2022,0.6212879,0.6043521266073195,0.37871212,62.54,-0.4112120056152335,-6.951212005615233,True,completo,True
2517,3518859,SP,Sudeste,59,0.6213252,0.3389830508474576,0.3786748,67.08,-4.947481231689451,-9.707481231689457,True,parcial,True
2518,3527801,SP,Sudeste,36,0.62138855,0.6111111111111112,0.37861145,59.68,2.4588549804687503,-5.201145019531253,False,parcial,True
2519,2603306,PE,Nordeste,59,0.6214083,0.4067796610169492,0.37859172,61.11,1.0308271789550787,-6.069172821044916,False,completo,True
2520,5209408,GO,Centro-Oeste,48,0.6214762,0.6458333333333334,0.37852383,39.09,23.057617340087887,7.997617340087892,False,completo,True
2521,5006358,MS,Centro-Oeste,138,0.6215434,0.6739130434782609,0.3784566,50.56,11.594342651367185,0.45434265136718466,False,completo,True
2522,3301504,RJ,Sudeste,188,0.62163764,0.648936170212766,0.37836236,62.66,-0.49623504638671534,-6.986235046386724,True,completo,False
2523,4119301,PR,Sul,445,0.62165946,0.6112359550561798,0.37834054,64.88,-2.7140530395507767,-8.334053039550781,True,completo,True
2524,2613206,PE,Nordeste,177,0.6216719,0.5423728813559322,0.37832808,63.98,-1.8128094482421844,-7.792809448242181,True,completo,True
2525,2601409,PE,Nordeste,421,0.62172997,0.5273159144893111,0.37827003,64.79,-2.6170034790039125,-8.267003479003904,True,completo,True
2526,3516804,SP,Sudeste,30,0.62176746,0.5333333333333333,0.37823254,57.58,4.596746368408205,-3.883253631591799,False,parcial,True
2527,5101902,MT,Centro-Oeste,217,0.62190545,0.6912442396313364,0.37809455,56.56,5.6305441284179665,-3.239455871582038,False,completo,True
2528,2101301,MA,Nordeste,177,0.62193745,0.576271186440678,0.37806255,69.66,-7.4662553405761685,-11.226255340576174,True,completo,False
2529,4302204,RS,Sul,72,0.62201464,0.6666666666666666,0.37798536,80.0,-17.798534393310547,-17.798534393310547,True,completo,True
2530,2921807,BA,Nordeste,105,0.62202865,0.6,0.37797135,70.74,-8.537134399414057,-11.887134399414066,True,completo,True
2531,2102358,MA,Nordeste,156,0.6220786,0.5512820512820513,0.3779214,64.45,-2.242140960693362,-8.032140960693354,True,completo,False
2532,3522000,SP,Sudeste,38,0.62214327,0.4473684210526316,0.37785673,58.17,4.044324951171873,-4.205675048828127,False,parcial,True
2533,2609154,PE,Nordeste,174,0.6221955,0.5287356321839081,0.37780452,60.73,1.4895472717285188,-5.750452728271483,False,completo,True
2534,2101806,MA,Nordeste,72,0.6222234,0.4583333333333333,0.37777662,59.98,2.2423358154296906,-5.2976641845703085,False,completo,True
2535,4103206,PR,Sul,89,0.62227386,0.7415730337078652,0.37772614,57.91,4.317386474609378,-4.03261352539063,False,completo,True
2536,4315552,RS,Sul,24,0.62257296,0.7916666666666666,0.37742704,80.0,-17.74270248413086,-17.74270248413086,True,completo,True
2537,3553856,SP,Sudeste,83,0.62257624,0.46987951807228917,0.37742376,65.02,-2.7623782348632773,-8.332378234863285,True,parcial,True
2538,4311601,RS,Sul,34,0.62263757,0.6176470588235294,0.37736243,74.33,-12.066244201660155,-14.066244201660155,True,completo,True
2539,3502101,SP,Sudeste,487,0.62264174,0.6529774127310062,0.37735826,60.79,1.4741754150390634,-5.7558245849609335,False,parcial,True
2540,5106265,MT,Centro-Oeste,106,0.62264436,0.6698113207547169,0.37735564,57.99,4.274434814453123,-4.045565185546877,False,completo,True
2541,4315354,RS,Sul,40,0.622681,0.9,0.37731898,70.67,-8.401899261474611,-11.781899261474607,True,completo,True
2542,4203154,SC,Sul,75,0.6227387,0.5866666666666667,0.37726128,65.76,-3.486127624511724,-8.766127624511725,True,completo,True
2543,2511509,PB,Nordeste,86,0.62294775,0.38372093023255816,0.37705225,74.43,-12.1352230834961,-14.095223083496094,True,completo,True
2544,3115300,MG,Sudeste,417,0.6231128,0.6474820143884892,0.3768872,42.67,19.641279296875,5.711279296874999,False,completo,True
2545,1100403,RO,Norte,171,0.62314737,0.6023391812865497,0.37685263,64.58,-2.265264587402342,-8.005264587402337,True,completo,True
2546,3541901,SP,Sudeste,95,0.6231478,0.6736842105263158,0.3768522,64.92,-2.6052226257324236,-8.205222625732418,True,parcial,False
2547,3523305,SP,Sudeste,201,0.6232503,0.6417910447761194,0.3767497,64.65,-2.3249687194824276,-8.034968719482421,True,parcial,True
2548,3515129,SP,Sudeste,26,0.623449,0.8846153846153846,0.37655097,53.16,9.184902038574222,-0.9850979614257795,False,parcial,False
2549,4305504,RS,Sul,31,0.62346095,0.8387096774193549,0.37653905,80.0,-17.65390396118164,-17.65390396118164,True,completo,True
2550,5103908,MT,Centro-Oeste,64,0.62347966,0.625,0.37652034,80.0,-17.652034759521484,-17.652034759521484,True,completo,True
2551,5002407,MS,Centro-Oeste,393,0.6235986,0.6564885496183206,0.37640142,57.41,4.949855651855472,-3.590144348144534,False,completo,True
2552,1101468,RO,Norte,36,0.62364364,0.5833333333333334,0.37635636,58.95,3.4143646240234347,-4.535635375976568,False,completo,True
2553,3549706,SP,Sudeste,415,0.6236787,0.6795180722891566,0.37632132,52.98,9.387866516113284,-0.8521334838867176,False,parcial,True
2554,1716109,TO,Norte,611,0.623712,0.6366612111292962,0.376288,63.78,-1.4087994384765636,-7.458799438476561,True,completo,False
2555,5102850,MT,Centro-Oeste,81,0.62382495,0.654320987654321,0.37617505,65.88,-3.4975041198730423,-8.727504119873046,True,completo,False
2556,4301206,RS,Sul,70,0.6238286,0.6571428571428571,0.3761714,80.0,-17.617141723632812,-17.617141723632812,True,completo,False
2557,2102036,MA,Nordeste,405,0.62386894,0.6320987654320988,0.37613106,66.3,-3.9131057739257784,-8.983105773925786,True,completo,False
2558,5104906,MT,Centro-Oeste,119,0.62398916,0.5462184873949579,0.37601084,59.89,2.508918151855468,-5.07108184814453,False,completo,True
2559,2615508,PE,Nordeste,123,0.6240045,0.7317073170731707,0.37599552,62.75,-0.3495521545410156,-6.7995521545410185,True,completo,True
2560,2109601,MA,Nordeste,388,0.6240395,0.5721649484536082,0.37596053,60.53,1.8739459228515614,-5.446054077148432,False,completo,True
2561,2504033,PB,Nordeste,106,0.624058,0.6226415094339622,0.375942,60.01,2.3957998657226582,-5.13420013427735,False,completo,True
2562,1303007,AM,Norte,136,0.6243802,0.5955882352941176,0.37561983,67.18,-4.741981201171882,-9.46198120117188,True,completo,True
2563,4107256,PR,Sul,110,0.6245155,0.6909090909090909,0.37548453,55.19,7.2615457153320335,-2.138454284667972,False,completo,True
2564,3555505,SP,Sudeste,66,0.6245709,0.5606060606060606,0.3754291,53.91,8.547092285156253,-1.3329077148437491,False,parcial,True
2565,3300407,RJ,Sudeste,1314,0.62470734,0.6423135464231354,0.37529266,62.64,-0.16926635742187557,-6.669266357421876,True,completo,True
2566,4213906,SC,Sul,21,0.6247551,0.6190476190476191,0.37524492,52.43,10.045509643554688,-0.39449035644530994,False,completo,True
2567,3525102,SP,Sudeste,402,0.62478685,0.4577114427860697,0.37521315,61.9,0.5786834716796889,-6.21131652832031,False,parcial,False
2568,3536208,SP,Sudeste,173,0.6248253,0.6127167630057804,0.3751747,67.0,-4.5174713134765625,-9.307471313476569,True,parcial,False
2569,3167004,MG,Sudeste,26,0.62502044,0.8076923076923077,0.37497956,44.9,17.602044677734376,4.432044677734375,False,completo,True
2570,2603108,PE,Nordeste,179,0.62505674,0.6368715083798883,0.37494326,60.56,1.9456762695312477,-5.3643237304687545,False,completo,True
2571,4308706,RS,Sul,47,0.6250747,0.7446808510638298,0.37492532,78.98,-16.47253082275391,-16.822530822753905,True,completo,True
2572,3302056,RJ,Sudeste,104,0.6252169,0.625,0.3747831,58.72,3.801690368652345,-4.228309631347656,False,completo,True
2573,4201257,SC,Sul,93,0.6253663,0.7096774193548387,0.37463373,66.35,-3.813371276855463,-8.863371276855474,True,completo,True
2574,1304302,AM,Norte,180,0.6254782,0.75,0.3745218,60.83,1.7178210449218767,-5.492178955078131,False,completo,True
2575,3152402,MG,Sudeste,111,0.6256057,0.7027027027027027,0.3743943,47.81,14.750569763183591,2.610569763183591,False,completo,True
2576,3524501,SP,Sudeste,97,0.62589604,0.6701030927835051,0.37410396,59.85,2.739603424072264,-4.850396575927732,False,parcial,True
2577,2607505,PE,Nordeste,205,0.6262402,0.5853658536585366,0.3737598,62.9,-0.2759803771972642,-6.665980377197272,True,completo,True
2578,2100436,MA,Nordeste,165,0.6262465,0.5212121212121212,0.3737535,71.78,-9.155347137451173,-12.115347137451167,True,completo,True
2579,4203600,SC,Sul,395,0.6267049,0.6430379746835443,0.37329513,66.86,-4.189513549804687,-9.039513549804681,True,completo,False
2580,3517505,SP,Sudeste,186,0.6267684,0.7150537634408602,0.3732316,60.24,2.4368417358398418,-5.003158264160163,False,parcial,True
2581,3522158,SP,Sudeste,27,0.6267733,0.5185185185185185,0.3732267,64.03,-1.3526699829101574,-7.312669982910151,True,parcial,False
2582,4204251,SC,Sul,107,0.6267955,0.6355140186915887,0.37320453,,,,False,completo,False
2583,4128625,PR,Sul,44,0.6268629,0.7045454545454546,0.37313712,,,-9.743713073730476,False,ausente,True
2584,3205002,ES,Sudeste,6396,0.6269767,0.6072545340838024,0.37302327,62.54,0.15767379760742273,-6.382326202392576,False,completo,True
2585,3300225,RJ,Sudeste,138,0.62698436,0.6304347826086957,0.37301564,65.34,-2.6415632629394565,-8.081563262939454,True,completo,True
2586,2512747,PB,Nordeste,25,0.62703544,0.68,0.37296456,56.97,5.73354461669922,-2.976455383300788,False,completo,True
2587,4302402,RS,Sul,131,0.62712806,0.648854961832061,0.37287194,78.46,-15.747193298339837,-16.267193298339848,True,completo,True
2588,4323606,RS,Sul,14,0.6271795,0.8571428571428571,0.3728205,80.0,-17.28205108642578,-17.28205108642578,True,completo,True
2589,3125309,MG,Sudeste,13,0.6272236,0.6923076923076923,0.3727764,21.31,41.412362518310545,22.802362518310545,False,completo,True
2590,3532207,SP,Sudeste,85,0.62730855,0.611764705882353,0.37269145,57.61,5.120854034423829,-3.34914596557617,False,parcial,True
2591,3126703,MG,Sudeste,176,0.62740475,0.42613636363636365,0.37259525,47.71,15.030474700927734,2.850474700927734,False,completo,False
2592,1100049,RO,Norte,951,0.6275181,0.6635120925341745,0.37248188,65.39,-2.6381880187988287,-8.05818801879883,True,completo,True
2593,4105102,PR,Sul,94,0.6275564,0.7340425531914894,0.37244362,58.53,4.225638122558593,-3.884361877441407,False,completo,True
2594,2603504,PE,Nordeste,169,0.62764114,0.6863905325443787,0.37235886,59.74,3.0241143798828105,-4.615885620117183,False,completo,True
2595,4313011,RS,Sul,35,0.627642,0.6,0.37235802,80.0,-17.235801696777344,-17.235801696777344,True,completo,True
2596,3535606,SP,Sudeste,183,0.62771034,0.5846994535519126,0.37228966,66.21,-3.4389657592773375,-8.538965759277346,True,parcial,True
2597,2101731,MA,Nordeste,108,0.6277543,0.7222222222222222,0.37224573,64.24,-1.4645712280273386,-7.334571228027343,True,completo,True
2598,3505500,SP,Sudeste,1117,0.62782866,0.5881826320501343,0.37217134,63.04,-0.25713256835937415,-6.5971325683593705,True,parcial,True
2599,4319703,RS,Sul,23,0.627829,0.4782608695652174,0.37217098,80.0,-17.217098236083984,-17.217098236083984,True,completo,True
2600,3135803,MG,Sudeste,172,0.627952,0.6162790697674418,0.37204802,49.76,13.035196533203127,1.5951965332031222,False,completo,True
2601,4125001,PR,Sul,102,0.6279918,0.7352941176470589,0.3720082,64.52,-1.7208209228515585,-7.480820922851564,True,completo,True
2602,3553609,SP,Sudeste,111,0.6280299,0.8018018018018018,0.37197012,57.9,4.902989959716798,-3.447010040283203,False,parcial,True
2603,3500907,SP,Sudeste,27,0.6282872,0.6296296296296297,0.3717128,59.85,2.978720092773436,-4.61127990722656,False,parcial,True
2604,3170107,MG,Sudeste,2858,0.6283831,0.6154653603918825,0.3716169,51.32,11.518310241699218,0.658310241699219,False,completo,True
2605,4308508,RS,Sul,294,0.62838537,0.6428571428571429,0.37161463,65.99,-3.1514646911621043,-8.331464691162111,True,completo,True
2606,4107702,PR,Sul,42,0.6284484,0.6190476190476191,0.37155157,67.58,-4.7351589965820295,-9.305158996582037,True,completo,True
2607,2608107,PE,Nordeste,169,0.6287125,0.757396449704142,0.37128752,60.81,2.0612463378906227,-5.158753662109376,False,completo,False
2608,3549904,SP,Sudeste,6763,0.62879956,0.6461629454384149,0.37120044,61.18,1.6999552917480472,-5.370044708251953,False,parcial,True
2609,4323705,RS,Sul,10,0.629019,1.0,0.37098098,75.14,-12.238098754882813,-13.938098754882816,True,completo,True
2610,3518503,SP,Sudeste,151,0.6290302,0.6821192052980133,0.37096977,65.19,-2.2869772338867165,-7.7869772338867165,True,parcial,True
2611,3544905,SP,Sudeste,95,0.62903774,0.49473684210526314,0.37096226,62.03,0.8737742614746082,-5.866225738525387,False,parcial,True
2612,4319372,RS,Sul,25,0.6291336,0.64,0.37086642,80.0,-17.08664321899414,-17.08664321899414,True,completo,True
2613,5107180,MT,Centro-Oeste,108,0.6291473,0.7129629629629629,0.3708527,66.14,-3.225269927978516,-8.355269927978512,True,completo,True
2614,4323408,RS,Sul,33,0.6291531,0.5757575757575758,0.37084693,80.0,-17.084693908691406,-17.084693908691406,True,completo,True
2615,4320701,RS,Sul,120,0.62919444,0.6416666666666667,0.37080556,80.0,-17.080554962158203,-17.080554962158203,True,completo,True
2616,2206308,PI,Nordeste,13,0.6292256,0.8461538461538461,0.3707744,52.65,10.272561645507814,-0.08743835449218551,False,completo,True
2617,4312427,RS,Sul,17,0.62930954,0.5294117647058824,0.37069046,,,,False,completo,True
2618,3555307,SP,Sudeste,17,0.62935424,0.7058823529411765,0.37064576,51.04,11.8954248046875,0.925424804687502,False,parcial,True
2619,5219803,GO,Centro-Oeste,94,0.62940073,0.6595744680851063,0.37059927,51.24,11.70007110595703,0.8100711059570287,False,completo,True
2620,4201000,SC,Sul,71,0.6294011,0.7887323943661971,0.3705989,68.32,-5.379890747070306,-9.659890747070307,True,completo,True
2621,4217709,SC,Sul,332,0.6297446,0.5210843373493976,0.3702554,67.39,-4.41553939819336,-9.05553939819336,True,completo,True
2622,3528908,SP,Sudeste,31,0.6297529,0.4838709677419355,0.37024713,57.49,5.485288391113279,-3.0247116088867188,False,parcial,False
2623,4109658,PR,Sul,70,0.62976724,0.7285714285714285,0.37023276,59.97,3.0067227172851574,-4.533277282714849,False,completo,True
2624,3509908,SP,Sudeste,120,0.6298641,0.6,0.3701359,67.33,-4.34359176635742,-9.003591766357417,True,parcial,True
2625,1302405,AM,Norte,467,0.62986624,0.683083511777302,0.37013376,66.9,-3.913374328613287,-8.753374328613276,True,completo,True
2626,2506004,PB,Nordeste,253,0.62999254,0.6442687747035574,0.37000746,64.55,-1.550743865966794,-7.300743865966794,True,completo,True
2627,2210375,PI,Nordeste,18,0.630091,0.6111111111111112,0.369909,62.07,0.939101867675781,-5.780898132324225,False,completo,True
2628,2615607,PE,Nordeste,387,0.6301459,0.6925064599483204,0.3698541,63.05,-0.03540878295898153,-6.375408782958985,True,completo,True
2629,1300904,AM,Norte,165,0.630187,0.7575757575757576,0.36981302,,,,False,completo,True
2630,4107520,PR,Sul,31,0.6302874,0.7096774193548387,0.3697126,48.13,14.898739929199216,2.868739929199222,False,completo,True
2631,3529005,SP,Sudeste,1666,0.63034785,0.6578631452581032,0.36965215,62.61,0.42478622436523494,-6.08521377563477,False,parcial,False
2632,4202404,SC,Sul,2788,0.63045996,0.6477761836441894,0.36954004,66.53,-3.484002380371095,-8.464002380371099,True,completo,True
2633,3537800,SP,Sudeste,622,0.63059235,0.6334405144694534,0.36940765,62.12,0.9392346191406276,-5.770765380859373,False,parcial,True
2634,2107456,MA,Nordeste,86,0.63062567,0.37209302325581395,0.36937433,80.0,-16.937435150146484,-16.937435150146484,True,completo,True
2635,4103479,PR,Sul,49,0.6307779,0.6326530612244898,0.3692221,59.73,3.347789306640628,-4.2922106933593795,False,completo,True
2636,4213351,SC,Sul,47,0.6307869,0.7021276595744681,0.3692131,66.7,-3.6213104248046903,-8.531310424804687,True,completo,False
2637,4323309,RS,Sul,26,0.63081574,0.6538461538461539,0.36918426,80.0,-16.918426513671875,-16.918426513671875,True,completo,True
2638,5005806,MS,Centro-Oeste,183,0.6308954,0.6174863387978142,0.36910462,58.26,4.829538574218752,-3.380461425781249,False,completo,False
2639,2103703,MA,Nordeste,276,0.6310071,0.6702898550724637,0.36899292,68.14,-5.039291992187501,-9.389291992187495,True,completo,True
2640,2102556,MA,Nordeste,178,0.63102674,0.6123595505617978,0.36897326,67.22,-4.117323608398436,-8.827323608398444,True,completo,True
2641,5106000,MT,Centro-Oeste,67,0.63105863,0.6567164179104478,0.36894137,52.79,10.31586166381836,0.005861663818357954,False,completo,True
2642,4207700,SC,Sul,92,0.6310957,0.6413043478260869,0.3689043,58.28,4.829569549560546,-3.370430450439457,False,completo,True
2643,3537909,SP,Sudeste,316,0.63120496,0.6329113924050633,0.36879504,60.55,2.5704948425292997,-4.749505157470708,False,parcial,True
2644,2505907,PB,Nordeste,21,0.63121563,0.38095238095238093,0.36878437,67.81,-4.68843704223633,-9.168437042236334,True,completo,True
2645,4312179,RS,Sul,12,0.6312353,0.5833333333333334,0.3687647,80.0,-16.876468658447266,-16.876468658447266,True,completo,True
2646,1508126,PA,Norte,377,0.63129026,0.6206896551724138,0.36870974,64.77,-1.6409754943847616,-7.3009754943847724,True,completo,True
2647,3505351,SP,Sudeste,49,0.6315012,0.6530612244897959,0.3684988,67.5,-4.349880218505859,-8.949880218505854,True,parcial,True
2648,4318424,RS,Sul,53,0.6315555,0.7358490566037735,0.3684445,77.05,-13.894451904296872,-14.914451904296868,True,completo,True
2649,2609204,PE,Nordeste,105,0.6317344,0.580952380952381,0.36826563,70.93,-7.756560974121101,-11.036560974121087,True,completo,True
2650,5106174,MT,Centro-Oeste,27,0.6318163,0.8518518518518519,0.36818367,51.34,11.841632995605465,0.9816329956054659,False,completo,False
2651,5101209,MT,Centro-Oeste,10,0.6320052,1.0,0.3679948,29.4,33.800523376464845,16.240523376464843,False,completo,True
2652,2101608,MA,Nordeste,782,0.6320163,0.6432225063938619,0.3679837,67.82,-4.618370361328118,-9.098370361328122,True,completo,True
2653,5002308,MS,Centro-Oeste,181,0.6320206,0.6132596685082873,0.3679794,56.39,6.81206069946289,-2.1279393005371077,False,completo,True
2654,5101308,MT,Centro-Oeste,126,0.6321607,0.5873015873015873,0.36783928,65.24,-2.0239279174804636,-7.503927917480468,True,completo,True
2655,3507902,SP,Sudeste,216,0.63230634,0.5601851851851852,0.36769366,64.89,-1.6593672180175787,-7.279367218017583,True,parcial,True
2656,2516003,PB,Nordeste,187,0.63234097,0.45989304812834225,0.36765903,78.77,-15.535903472900387,-15.955903472900388,True,completo,True
2657,3553005,SP,Sudeste,134,0.6324459,0.7238805970149254,0.36755413,62.14,1.1045869445800776,-5.595413055419925,False,parcial,True
2658,1501758,PA,Norte,91,0.6324871,0.7472527472527473,0.36751288,64.62,-1.3712893676757858,-7.091289367675785,True,completo,True
2659,2104081,MA,Nordeste,73,0.6325325,0.7945205479452054,0.36746752,36.99,26.263246307373045,10.583246307373045,False,completo,True
2660,4207502,SC,Sul,884,0.6325609,0.669683257918552,0.3674391,59.31,3.946092071533201,-3.8639079284668014,False,completo,True
2661,5107198,MT,Centro-Oeste,36,0.6326117,0.5277777777777778,0.3673883,54.05,9.211169433593753,-0.6188305664062526,False,completo,True
2662,3520509,SP,Sudeste,2404,0.63275677,0.6285357737104825,0.36724323,62.07,1.2056767272949216,-5.514323272705084,False,parcial,True
2663,5008008,MS,Centro-Oeste,277,0.6328271,0.48736462093862815,0.3671729,63.66,-0.3772889709472622,-6.477288970947271,True,completo,False
2664,5107941,MT,Centro-Oeste,176,0.6330709,0.625,0.3669291,56.15,7.1570869445800795,-1.8729130554199287,False,completo,False
2665,2206951,PI,Nordeste,56,0.63314265,0.8214285714285714,0.36685735,53.65,9.664266204833986,-0.3257337951660162,False,completo,True
2666,3540200,SP,Sudeste,376,0.6331607,0.6462765957446809,0.3668393,63.34,-0.02392944335937841,-6.253929443359368,True,parcial,False
2667,3523602,SP,Sudeste,160,0.6334888,0.7,0.36651123,62.57,0.7788769531249997,-5.751123046874994,False,parcial,True
2668,3125002,MG,Sudeste,59,0.6335369,0.6440677966101694,0.36646312,42.36,20.993687286376954,6.973687286376951,False,completo,False
2669,3555604,SP,Sudeste,98,0.63354677,0.8775510204081632,0.36645323,50.47,12.884675292968751,1.7046752929687514,False,parcial,True
2670,3110509,MG,Sudeste,289,0.633571,0.5951557093425606,0.36642897,58.85,4.507101440429686,-3.472898559570311,False,completo,True
2671,2209971,PI,Nordeste,115,0.6336838,0.8782608695652174,0.3663162,40.46,22.90838150024414,8.26838150024414,False,completo,True
2672,1101302,RO,Norte,130,0.6337708,0.7384615384615385,0.36622918,62.66,0.7170828247070347,-5.772917175292974,False,completo,True
2673,3519055,SP,Sudeste,143,0.63384455,0.6153846153846154,0.36615545,61.93,1.4544566345214847,-5.325543365478509,False,parcial,True
2674,4112959,PR,Sul,69,0.63389015,0.6376811594202898,0.36610985,63.12,0.2690151977539088,-6.040984802246101,False,completo,True
2675,2707602,AL,Nordeste,166,0.6338956,0.6144578313253012,0.36610442,61.22,2.169556884765626,-4.880443115234371,False,completo,True
2676,5221858,GO,Centro-Oeste,2094,0.6339202,0.6427889207258835,0.3660798,60.56,2.8320211791992165,-4.477978820800786,False,completo,True
2677,3543253,SP,Sudeste,82,0.6340239,0.6097560975609756,0.3659761,66.37,-2.967610473632817,-8.007610473632809,True,parcial,True
2678,4123402,PR,Sul,127,0.6342487,0.6535433070866141,0.36575133,62.22,1.2048657226562511,-5.4551342773437455,False,completo,True
2679,3534609,SP,Sudeste,223,0.63432986,0.5919282511210763,0.36567014,61.92,1.512987213134764,-5.267012786865237,False,parcial,True
2680,3303906,RJ,Sudeste,2256,0.63440853,0.6533687943262412,0.36559147,65.4,-1.9591468811035213,-7.379146881103509,True,completo,True
2681,2508307,PB,Nordeste,210,0.63443536,0.4714285714285714,0.36556464,68.72,-5.27646514892578,-9.406465148925776,True,completo,False
2682,2605509,PE,Nordeste,82,0.6345095,0.4146341463414634,0.3654905,61.78,1.6709506225585926,-5.169049377441411,False,completo,True
2683,3530508,SP,Sudeste,507,0.6346817,0.7080867850098619,0.3653183,51.87,11.598170166015628,0.9381701660156239,False,parcial,True
2684,3503505,SP,Sudeste,30,0.6347497,0.5666666666666667,0.3652503,62.9,0.5749717712402358,-5.815028228759772,False,parcial,True
2685,4209508,SC,Sul,84,0.634756,0.6071428571428571,0.36524397,66.86,-3.384398803710937,-8.22439880371094,True,completo,True
2686,4215653,SC,Sul,116,0.63483864,0.7413793103448276,0.36516136,59.55,3.933863830566409,-3.776136169433599,False,completo,True
2687,4303707,RS,Sul,44,0.6349568,0.5,0.36504322,80.0,-16.504322052001953,-16.504322052001953,True,completo,False
2688,3544103,SP,Sudeste,394,0.63495886,0.616751269035533,0.36504114,38.67,24.825887756347655,9.635887756347657,False,parcial,True
2689,5101852,MT,Centro-Oeste,113,0.6350213,0.8230088495575221,0.36497867,38.34,25.16213241577148,9.872132415771482,False,completo,True
2690,4216354,SC,Sul,64,0.6350395,0.640625,0.3649605,59.22,4.283952026367189,-3.5560479736328148,False,completo,True
2691,3106606,MG,Sudeste,40,0.6351451,0.85,0.36485487,62.87,0.6445111083984401,-5.765488891601564,False,completo,False
2692,1705557,TO,Norte,55,0.6351622,0.5636363636363636,0.36483783,65.04,-1.5237837219238344,-7.083783721923822,True,completo,True
2693,4108007,PR,Sul,98,0.63517785,0.6428571428571429,0.36482215,66.94,-3.422215881347654,-8.242215881347661,True,completo,True
2694,4219309,SC,Sul,584,0.6351805,0.6438356164383562,0.36481953,61.06,2.4580473327636696,-4.661952667236335,False,completo,False
2695,4216800,SC,Sul,74,0.6352948,0.5945945945945946,0.3647052,77.0,-13.47052001953125,-14.500520019531251,True,completo,False
2696,2511905,PB,Nordeste,182,0.6353015,0.5054945054945055,0.36469853,76.57,-13.039852447509759,-14.22985244750977,True,completo,True
2697,1100064,RO,Norte,175,0.63533646,0.72,0.36466354,65.67,-2.136354370117189,-7.4463543701171915,True,completo,False
2698,2110302,MA,Nordeste,115,0.6354756,0.7304347826086957,0.36452442,57.23,6.31755783081055,-2.2924421691894565,False,completo,True
2699,5104104,MT,Centro-Oeste,460,0.6355376,0.5434782608695652,0.36446238,63.98,-0.4262356567382781,-6.406235656738275,True,completo,True
2700,2201988,PI,Nordeste,43,0.6356218,0.9534883720930233,0.3643782,55.21,8.352179565429687,-1.0378204345703068,False,completo,True
2701,3548609,SP,Sudeste,75,0.63565093,0.5866666666666667,0.36434907,64.92,-1.3549060058593767,-6.954906005859371,True,parcial,True
2702,1100072,RO,Norte,129,0.63606286,0.7209302325581395,0.36393714,61.82,1.7862850952148435,-5.033714904785157,False,completo,False
2703,4217402,SC,Sul,263,0.6363176,0.7452471482889734,0.3636824,65.84,-2.208240356445316,-7.448240356445311,True,completo,False
2704,2205565,PI,Nordeste,81,0.6363481,0.5925925925925926,0.36365187,59.71,3.9248114013671866,-3.725188598632812,False,completo,False
2705,2517100,PB,Nordeste,27,0.63639635,0.6296296296296297,0.36360365,56.63,7.009633178710935,-1.8303668212890614,False,completo,True
2706,3169505,MG,Sudeste,51,0.6364295,0.7450980392156863,0.3635705,50.96,12.682948150634765,1.6829481506347648,False,completo,True
2707,3119401,MG,Sudeste,668,0.6364624,0.6437125748502994,0.3635376,52.71,10.936240234375,0.5962402343750028,False,completo,True
2708,5101605,MT,Centro-Oeste,76,0.63652915,0.5263157894736842,0.36347085,63.34,0.31291595458984034,-5.917084045410149,False,completo,True
2709,4308854,RS,Sul,14,0.636542,0.8571428571428571,0.36345798,80.0,-16.34579849243164,-16.34579849243164,True,completo,True
2710,3302908,RJ,Sudeste,223,0.6365943,0.7040358744394619,0.3634057,61.15,2.5094314575195327,-4.570568542480473,False,completo,True
2711,2510907,PB,Nordeste,72,0.63660896,0.4027777777777778,0.36339104,64.86,-1.1991036987304682,-6.829103698730464,True,completo,True
2712,3106101,MG,Sudeste,29,0.63670564,0.5862068965517241,0.36329436,,,-2.4494372558593795,False,completo,True
2713,2201150,PI,Nordeste,201,0.6367498,0.8159203980099502,0.3632502,53.75,9.924980163574219,-0.025019836425784092,False,completo,True
2714,4112504,PR,Sul,94,0.6369318,0.776595744680851,0.36306822,64.31,-0.6168237304687523,-6.456823730468756,True,completo,True
2715,4122909,PR,Sul,59,0.6370536,0.7288135593220338,0.3629464,67.05,-3.344639587402341,-8.124639587402342,True,completo,True
2716,4305116,RS,Sul,25,0.6371455,0.72,0.36285448,,,-13.045446166992193,False,completo,False
2717,3152808,MG,Sudeste,334,0.6372496,0.5,0.3627504,59.46,4.264960327148437,-3.4850396728515562,False,completo,True
2718,3304557,RJ,Sudeste,43411,0.6373151,0.6428785330906913,0.3626849,60.14,3.591510162353515,-3.888489837646489,False,completo,True
2719,4108809,PR,Sul,379,0.63732034,0.6965699208443272,0.36267966,65.99,-2.2579672241210886,-7.4379672241210955,True,completo,False
2720,3542800,SP,Sudeste,24,0.6373669,0.5416666666666666,0.3626331,65.71,-1.9733094787597594,-7.273309478759771,True,parcial,True
2721,3101805,MG,Sudeste,62,0.637454,0.7096774193548387,0.36254603,51.63,12.115395660400388,1.3753956604003932,False,completo,True
2722,3140605,MG,Sudeste,44,0.63747835,0.2727272727272727,0.36252165,43.68,20.067833251953125,6.477833251953122,False,completo,False
2723,4305405,RS,Sul,32,0.6375671,0.78125,0.3624329,78.78,-15.023289947509767,-15.433289947509763,True,completo,False
2724,4321626,RS,Sul,19,0.6375851,0.6842105263157895,0.3624149,80.0,-16.24148941040039,-16.24148941040039,True,completo,True
2725,5105002,MT,Centro-Oeste,111,0.63758653,0.7477477477477478,0.36241347,52.12,11.63865173339844,1.0786517333984378,False,completo,True
2726,2607406,PE,Nordeste,35,0.6377818,0.4857142857142857,0.3622182,67.28,-3.5018208312988293,-8.181820831298822,True,completo,True
2727,3305505,RJ,Sudeste,1186,0.6379227,0.6256323777403036,0.3620773,66.24,-2.4477293395996043,-7.537729339599608,True,completo,False
2728,1707652,TO,Norte,62,0.6379608,0.5161290322580645,0.3620392,65.27,-1.4739222717285116,-6.9439222717285105,True,completo,True
2729,4215000,SC,Sul,486,0.6379778,0.6790123456790124,0.36202222,63.42,0.3777790832519514,-5.812220916748046,False,completo,True
2730,3171600,MG,Sudeste,73,0.63823086,0.8493150684931506,0.36176914,55.04,8.78308578491211,-0.6669142150878855,False,completo,False
2731,4115739,PR,Sul,27,0.63825756,0.9259259259259259,0.36174244,,,,False,completo,True
2732,3550209,SP,Sudeste,315,0.6382737,0.7396825396825397,0.36172628,60.81,3.017369689941404,-4.202630310058595,False,parcial,True
2733,4102802,PR,Sul,158,0.6382745,0.5506329113924051,0.3617255,64.18,-0.35255020141602245,-6.252550201416014,True,completo,True
2734,4322855,RS,Sul,15,0.6383354,0.4666666666666667,0.3616646,80.0,-16.166458129882812,-16.166458129882812,True,completo,True
2735,1100023,RO,Norte,1066,0.63835967,0.6585365853658537,0.36164033,65.22,-1.3840319824218739,-6.874031982421869,True,completo,True
2736,3150109,MG,Sudeste,32,0.6384201,0.75,0.3615799,36.74,27.102010498046873,11.352010498046873,False,completo,True
2737,4309803,RS,Sul,35,0.6385346,0.6,0.3614654,71.87,-8.016537780761723,-10.936537780761725,True,completo,True
2738,4308904,RS,Sul,162,0.63856953,0.5925925925925926,0.36143047,74.54,-10.683047332763678,-12.603047332763666,True,completo,True
2739,1101500,RO,Norte,186,0.6387836,0.6612903225806451,0.36121643,65.81,-1.9316430664062523,-7.191643066406243,True,completo,True
2740,2512762,PB,Nordeste,27,0.6388122,0.7037037037037037,0.36118782,70.13,-6.248782043457027,-9.828782043457025,True,completo,True
2741,5101407,MT,Centro-Oeste,383,0.63882095,0.6266318537859008,0.36117905,63.44,0.4420953369140648,-5.747904663085933,False,completo,True
2742,3546603,SP,Sudeste,338,0.6388575,0.5414201183431953,0.36114252,62.66,1.2257498168945347,-5.264250183105474,False,parcial,True
2743,2111631,MA,Nordeste,47,0.6388879,0.5531914893617021,0.36111212,60.22,3.66878631591797,-3.781213684082033,False,completo,False
2744,4202875,SC,Sul,27,0.63893086,0.7407407407407407,0.36106914,68.83,-4.93691452026367,-9.016914520263668,True,completo,True
2745,4204558,SC,Sul,168,0.6390032,0.5654761904761905,0.36099678,63.0,0.9003219604492188,-5.459678039550781,False,completo,False
2746,4205456,SC,Sul,405,0.6390443,0.6320987654320988,0.36095572,62.24,1.6644265747070293,-4.995573425292974,False,completo,True
2747,5104500,MT,Centro-Oeste,30,0.6390918,0.6666666666666666,0.3609082,50.4,13.509179687500001,2.3091796874999986,False,completo,True
2748,3301876,RJ,Sudeste,305,0.639095,0.6950819672131148,0.360905,65.34,-1.430499877929691,-6.870499877929689,True,completo,True
2749,5215801,GO,Centro-Oeste,17,0.6390982,0.6470588235294118,0.36090177,35.72,28.18982437133789,12.149824371337893,False,completo,True
2750,3541059,SP,Sudeste,82,0.6391237,0.573170731707317,0.36087632,60.03,3.8823687744140614,-3.6376312255859347,False,parcial,True
2751,2604007,PE,Nordeste,570,0.6393537,0.5929824561403508,0.3606463,67.68,-3.744632415771491,-8.274632415771478,True,completo,True
2752,2601003,PE,Nordeste,88,0.63941985,0.625,0.36058015,65.01,-1.0680139160156301,-6.638013916015623,True,completo,True
2753,4313391,RS,Sul,39,0.6394436,0.7692307692307693,0.36055642,80.0,-16.055641174316406,-16.055641174316406,True,completo,True
2754,3129301,MG,Sudeste,90,0.6395108,0.6777777777777778,0.3604892,43.66,20.29108032226563,6.701080322265625,False,completo,True
2755,2803005,SE,Nordeste,469,0.6395166,0.5863539445628998,0.3604834,62.52,1.4316601562499969,-5.118339843749993,False,completo,False
2756,3548906,SP,Sudeste,2048,0.6398214,0.62548828125,0.3601786,56.26,7.722139587402346,-1.2578604125976511,False,parcial,True
2757,4218707,SC,Sul,864,0.63998383,0.6087962962962963,0.36001617,71.86,-7.861617431640624,-10.781617431640626,True,completo,True
2758,5007935,MS,Centro-Oeste,220,0.6400946,0.7863636363636364,0.35990542,52.8,11.209460449218753,0.8994604492187506,False,completo,True
2759,3550100,SP,Sudeste,414,0.64009535,0.606280193236715,0.35990465,63.06,0.9495367431640602,-5.390463256835943,False,parcial,True
2760,3533007,SP,Sudeste,181,0.6402915,0.5966850828729282,0.3597085,64.31,-0.280848083496096,-6.13084808349609,True,parcial,True
2761,3537008,SP,Sudeste,170,0.6403019,0.5176470588235295,0.35969812,64.02,0.010189514160160229,-5.949810485839848,False,parcial,True
2762,3526209,SP,Sudeste,349,0.6403184,0.6361031518624641,0.3596816,63.43,0.6018374633789065,-5.588162536621098,False,parcial,True
2763,4127882,PR,Sul,124,0.6403455,0.7580645161290323,0.3596545,66.18,-2.1454464721679756,-7.255446472167975,True,completo,True
2764,4115507,PR,Sul,42,0.64039046,0.7380952380952381,0.35960954,61.37,2.66904724121094,-4.330952758789067,False,completo,True
2765,3543709,SP,Sudeste,89,0.64063865,0.7640449438202247,0.35936135,62.42,1.643865661621092,-4.946134338378911,False,parcial,True
2766,2105989,MA,Nordeste,78,0.6406597,0.6666666666666666,0.3593403,63.83,0.23597137451172046,-5.794028625488281,False,completo,False
2767,3511904,SP,Sudeste,66,0.6406799,0.5454545454545454,0.3593201,55.83,8.237993164062502,-0.912006835937504,False,parcial,False
2768,4211108,SC,Sul,108,0.64088887,0.5462962962962963,0.35911113,,,7.168890075683592,False,completo,True
2769,3525706,SP,Sudeste,320,0.6410073,0.59375,0.3589927,59.8,4.300730895996097,-3.309269104003903,False,parcial,True
2770,3529708,SP,Sudeste,155,0.6413028,0.3096774193548387,0.35869718,66.88,-2.7497204589843705,-7.589720458984374,True,parcial,False
2771,3535903,SP,Sudeste,58,0.6413103,0.8275862068965517,0.35868973,39.38,24.751027221679685,9.781027221679686,False,parcial,True
2772,3302254,RJ,Sudeste,348,0.6415196,0.6810344827586207,0.3584804,67.45,-3.2980377197265653,-7.918037719726556,True,completo,False
2773,1100114,RO,Norte,595,0.6415444,0.653781512605042,0.3584556,65.65,-1.495558166503912,-6.815558166503905,True,completo,True
2774,5211008,GO,Centro-Oeste,94,0.64175785,0.7340425531914894,0.35824215,41.17,23.00578125,8.595781250000002,False,completo,True
2775,3129905,MG,Sudeste,32,0.6418556,0.78125,0.3581444,44.57,19.615562133789062,6.335562133789061,False,completo,True
2776,5100508,MT,Centro-Oeste,73,0.64196247,0.5342465753424658,0.35803753,69.57,-5.373756713867181,-9.173756713867192,True,completo,True
2777,4306734,RS,Sul,41,0.64206976,0.6341463414634146,0.35793024,77.35,-13.143022155761713,-14.053022155761724,True,completo,True
2778,3132701,MG,Sudeste,209,0.64210814,0.5789473684210527,0.35789186,56.29,7.920815429687501,-1.059184570312496,False,completo,False
2779,2105906,MA,Nordeste,109,0.6423115,0.7614678899082569,0.3576885,65.07,-0.8388522338867119,-6.388852233886723,True,completo,True
2780,4322558,RS,Sul,13,0.6424068,0.6923076923076923,0.35759318,80.0,-15.759315490722656,-15.759315490722656,True,completo,True
2781,3306305,RJ,Sudeste,2463,0.6424861,0.634185952090946,0.3575139,63.41,0.8386114501953159,-5.361388549804687,False,completo,True
2782,4110904,PR,Sul,54,0.6427991,0.7592592592592593,0.35720092,62.76,1.519907226562502,-4.930092773437494,False,completo,False
2783,3162922,MG,Sudeste,427,0.64280295,0.8243559718969555,0.35719705,53.39,10.890296325683593,0.8002963256835969,False,completo,False
2784,2605806,PE,Nordeste,97,0.6428203,0.711340206185567,0.3571797,69.96,-5.677971801757806,-9.327971801757812,True,completo,True
2785,3132107,MG,Sudeste,165,0.64292693,0.696969696969697,0.35707307,54.5,9.792694091796875,0.1326940917968784,False,completo,True
2786,2109403,MA,Nordeste,89,0.64303476,0.6966292134831461,0.35696524,76.22,-11.916525573730468,-13.22652557373047,True,completo,True
2787,4202206,SC,Sul,121,0.6431006,0.7024793388429752,0.35689938,64.47,-0.15994140624999886,-5.93994140625,True,completo,True
2788,4207007,SC,Sul,663,0.6431116,0.6953242835595776,0.3568884,71.39,-7.078842773437501,-10.178842773437495,True,completo,False
2789,3513850,SP,Sudeste,13,0.6431542,0.8461538461538461,0.3568458,52.09,12.225422058105465,1.645422058105467,False,parcial,True
2790,4128104,PR,Sul,1108,0.6431763,0.6326714801444043,0.35682368,66.74,-2.4223654174804636,-7.312365417480464,True,completo,True
2791,4100202,PR,Sul,70,0.64317966,0.6142857142857143,0.35682034,63.38,0.9379626464843724,-5.272037353515628,False,completo,False
2792,4116208,PR,Sul,231,0.64319754,0.6060606060606061,0.35680246,70.28,-5.960244445800782,-9.490244445800784,True,completo,True
2793,3303104,RJ,Sudeste,110,0.6432552,0.5727272727272728,0.35674483,63.56,0.7655157470703102,-5.37448425292969,False,completo,True
2794,4215687,SC,Sul,24,0.6432746,0.9583333333333334,0.3567254,58.41,5.917461242675785,-2.232538757324221,False,completo,False
2795,1502509,PA,Norte,196,0.6434462,0.7397959183673469,0.3565538,50.48,13.864619750976566,2.694619750976564,False,completo,True
2796,3541307,SP,Sudeste,407,0.64355636,0.7223587223587223,0.35644364,53.56,10.795636596679685,0.7756365966796892,False,parcial,True
2797,4213708,SC,Sul,245,0.6435781,0.6285714285714286,0.3564219,68.69,-4.332189025878904,-8.472189025878905,True,completo,False
2798,3136009,MG,Sudeste,133,0.64362496,0.6165413533834586,0.35637504,48.92,15.44249542236328,3.6924954223632795,False,completo,True
2799,2109809,MA,Nordeste,200,0.64364207,0.725,0.35635793,60.93,3.4342044067382815,-3.735795593261713,False,completo,True
2800,4314076,RS,Sul,52,0.6436443,0.5769230769230769,0.35635573,80.0,-15.635574340820312,-15.635574340820312,True,completo,True
2801,3135605,MG,Sudeste,82,0.64370066,0.7073170731707317,0.35629934,46.21,18.16006378173828,5.4500637817382795,False,completo,True
2802,3518206,SP,Sudeste,241,0.6437067,0.7219917012448133,0.35629332,61.81,2.5606665039062477,-4.2593334960937455,False,parcial,False
2803,4215703,SC,Sul,262,0.643799,0.6259541984732825,0.356201,61.81,2.5698980712890602,-4.250101928710933,False,completo,True
2804,3128253,MG,Sudeste,52,0.6438081,0.8076923076923077,0.35619187,48.04,16.340813598632813,4.280813598632811,False,completo,True
2805,3304607,RJ,Sudeste,70,0.6441015,0.6714285714285714,0.3558985,67.06,-2.6498513793945335,-7.4198513793945295,True,completo,True
2806,2611804,PE,Nordeste,221,0.6441989,0.6606334841628959,0.3558011,64.61,-0.19010864257812443,-5.920108642578128,True,completo,True
2807,3542206,SP,Sudeste,346,0.6442089,0.5982658959537572,0.3557911,63.34,1.0808908081054653,-5.149109191894524,False,parcial,True
2808,5107206,MT,Centro-Oeste,54,0.64428926,0.8148148148148148,0.35571074,53.36,11.068924560546876,0.9689245605468741,False,completo,True
2809,4205175,SC,Sul,32,0.6443403,0.65625,0.35565972,,,,False,completo,True
2810,4106001,PR,Sul,103,0.6443722,0.4077669902912621,0.35562778,70.6,-6.162774658203119,-9.562774658203125,True,completo,True
2811,2500403,PB,Nordeste,235,0.64439034,0.8936170212765957,0.35560966,45.33,19.109033508300783,6.08903350830078,False,completo,True
2812,2201705,PI,Nordeste,53,0.6444289,0.4339622641509434,0.3555711,62.88,1.5628939819335912,-4.837106018066407,False,completo,True
2813,5204508,GO,Centro-Oeste,1129,0.6444437,0.6297608503100088,0.3555563,62.34,2.1043664550781216,-4.515633544921869,False,completo,True
2814,4114708,PR,Sul,56,0.644456,0.5,0.35554397,67.2,-2.7543975830078153,-7.474397583007814,True,completo,True
2815,4103602,PR,Sul,179,0.64454764,0.5810055865921788,0.35545236,65.41,-0.9552346801757778,-6.365234680175774,True,completo,True
2816,4219853,SC,Sul,75,0.64472365,0.5733333333333334,0.35527635,67.5,-3.0276336669921875,-7.627633666992182,True,completo,True
2817,1718402,TO,Norte,45,0.6448262,0.5777777777777777,0.35517383,71.14,-6.657379760742188,-9.857379760742191,True,completo,False
2818,2202851,PI,Nordeste,44,0.64510626,0.6136363636363636,0.35489374,64.26,0.25062774658202613,-5.609372253417973,False,completo,True
2819,3202207,ES,Sudeste,191,0.6452722,0.6282722513089005,0.3547278,64.41,0.11722167968750341,-5.692778320312499,False,completo,True
2820,5105234,MT,Centro-Oeste,58,0.6452941,0.5172413793103449,0.35470593,80.0,-15.470596313476562,-15.470596313476562,True,completo,True
2821,3159308,MG,Sudeste,54,0.6454301,0.7777777777777778,0.3545699,47.7,16.843006896972653,4.653006896972656,False,completo,True
2822,2605905,PE,Nordeste,162,0.6454389,0.7716049382716049,0.3545611,62.1,2.44389190673828,-4.266108093261721,False,completo,True
2823,5103700,MT,Centro-Oeste,153,0.6454697,0.5163398692810458,0.35453027,67.6,-3.053025817871088,-7.61302581787109,True,completo,True
2824,3546405,SP,Sudeste,388,0.6455179,0.7061855670103093,0.3544821,57.25,7.301788330078125,-1.2982116699218693,False,parcial,True
2825,4205159,SC,Sul,38,0.6455443,0.7894736842105263,0.3544557,,,-14.845571899414068,False,completo,True
2826,4315206,RS,Sul,29,0.6455904,0.8275862068965517,0.35440958,80.0,-15.440956115722656,-15.440956115722656,True,completo,True
2827,2200277,PI,Nordeste,38,0.6456678,0.5526315789473685,0.3543322,58.22,6.346780090332032,-1.8832199096679716,False,completo,True
2828,3509106,SP,Sudeste,27,0.6457624,0.8148148148148148,0.35423762,58.9,5.676240539550783,-2.2937594604492233,False,parcial,True
2829,4200556,SC,Sul,17,0.64583296,0.8823529411764706,0.35416704,48.72,15.863297729492189,4.043297729492188,False,completo,True
2830,3521408,SP,Sudeste,237,0.6458411,0.6286919831223629,0.35415888,62.96,1.6241140747070304,-4.755885925292972,False,parcial,True
2831,2515104,PB,Nordeste,74,0.6459743,0.5675675675675675,0.35402572,66.95,-2.3525726318359403,-7.162572631835943,True,completo,True
2832,2513406,PB,Nordeste,149,0.6461435,0.5436241610738255,0.3538565,59.0,5.614349365234375,-2.3056506347656267,False,completo,True
2833,4320321,RS,Sul,24,0.64621407,0.5,0.35378593,80.0,-15.378593444824219,-15.378593444824219,True,completo,False
2834,4313441,RS,Sul,19,0.6463187,0.47368421052631576,0.35368133,72.78,-8.148133544921876,-10.728133544921874,True,completo,False
2835,3515509,SP,Sudeste,509,0.6464632,0.6149312377210217,0.35353678,61.33,3.3163241577148455,-3.6936758422851597,False,parcial,False
2836,3546702,SP,Sudeste,290,0.64665264,0.6413793103448275,0.35334736,63.03,1.6352603149414051,-4.714739685058589,False,parcial,True
2837,5006259,MS,Centro-Oeste,79,0.646815,0.7848101265822784,0.353185,52.69,11.99150329589844,1.6415032958984384,False,completo,True
2838,4112900,PR,Sul,47,0.6469719,0.5531914893617021,0.35302812,60.68,4.017189331054688,-3.2528106689453153,False,completo,False
2839,3507001,SP,Sudeste,647,0.6469828,0.6986089644513137,0.3530172,64.65,0.048280334472650566,-5.661719665527343,False,parcial,True
2840,5101803,MT,Centro-Oeste,721,0.6470291,0.6685159500693482,0.3529709,64.28,0.42291137695312386,-5.437088623046876,False,completo,True
2841,2704906,AL,Nordeste,33,0.64710754,0.5757575757575758,0.35289246,62.46,2.250754394531249,-4.319245605468751,False,completo,True
2842,4127106,PR,Sul,921,0.64727056,0.6243213897937026,0.35272944,65.96,-1.2329415893554625,-6.432941589355465,True,completo,True
2843,3536109,SP,Sudeste,95,0.6473204,0.5684210526315789,0.3526796,61.43,3.302040405273438,-3.677959594726559,False,parcial,True
2844,3121258,MG,Sudeste,110,0.6473779,0.4727272727272727,0.3526221,55.77,8.967792968749997,-0.20220703124999773,False,completo,True
2845,3534104,SP,Sudeste,43,0.64747816,0.3953488372093023,0.35252184,62.91,1.837817993164066,-4.552182006835935,False,parcial,False
2846,3539509,SP,Sudeste,339,0.6475341,0.672566371681416,0.35246593,65.71,-0.956589660644525,-6.256589660644536,True,parcial,True
2847,2512101,PB,Nordeste,247,0.6475374,0.659919028340081,0.3524626,62.19,2.5637384033203148,-4.116261596679692,False,completo,True
2848,3547502,SP,Sudeste,158,0.64767545,0.6835443037974683,0.35232455,65.26,-0.4924523925781301,-5.962452392578129,True,parcial,True
2849,4120200,PR,Sul,57,0.6477091,0.7192982456140351,0.35229093,63.64,1.1309045410156244,-4.979095458984375,False,completo,True
2850,3523909,SP,Sudeste,1577,0.6477117,0.6195307545973368,0.3522883,67.66,-2.888828430175778,-7.418828430175779,True,parcial,True
2851,3544400,SP,Sudeste,28,0.64775735,0.8214285714285714,0.35224265,57.81,6.965733947753904,-1.4242660522460966,False,parcial,True
2852,4312955,RS,Sul,24,0.64775985,0.6666666666666666,0.35224015,80.0,-15.224014282226562,-15.224014282226562,True,completo,True
2853,5106208,MT,Centro-Oeste,46,0.64780027,0.8043478260869565,0.35219973,59.69,5.090029296875002,-2.5599707031250034,False,completo,True
2854,3109303,MG,Sudeste,305,0.6479989,0.6327868852459017,0.35200107,56.75,8.049896240234375,-0.7401037597656313,False,completo,True
2855,4117305,PR,Sul,245,0.6481676,0.5755102040816327,0.3518324,65.49,-0.6732427978515574,-6.053242797851567,True,completo,False
2856,3108255,MG,Sudeste,77,0.6482302,0.4675324675324675,0.3517698,66.87,-2.046979064941411,-6.8869790649414,True,completo,True
2857,3106903,MG,Sudeste,107,0.6483767,0.7009345794392523,0.3516233,50.81,14.027669372558591,2.9776693725585943,False,completo,True
2858,2101970,MA,Nordeste,110,0.64843005,0.8,0.35156995,63.3,1.5430023193359403,-4.696997680664069,False,completo,True
2859,2203701,PI,Nordeste,414,0.64855313,0.7294685990338164,0.35144687,60.81,4.045316162109373,-3.174683837890626,False,completo,False
2860,2200905,PI,Nordeste,30,0.6486645,0.3,0.35133553,61.39,3.476447448730468,-3.5135525512695267,False,completo,True
2861,4125506,PR,Sul,3798,0.6486911,0.6463928383359663,0.35130888,69.26,-4.39088989257813,-8.310889892578132,True,completo,True
2862,2510105,PB,Nordeste,109,0.64869434,0.6697247706422018,0.35130566,68.38,-3.510569458007808,-7.770569458007813,True,completo,True
2863,3510203,SP,Sudeste,504,0.64879286,0.746031746031746,0.35120714,65.3,-0.42071228027343466,-5.880712280273443,True,parcial,False
2864,4211850,SC,Sul,15,0.6487947,0.6666666666666666,0.3512053,50.27,14.60947082519531,3.3594708251953094,False,completo,True
2865,1100254,RO,Norte,202,0.6488134,0.6831683168316832,0.35118657,65.31,-0.4286599731445335,-5.878659973144536,True,completo,True
2866,3530409,SP,Sudeste,48,0.6488586,0.5625,0.3511414,62.66,2.2258642578125034,-4.264135742187506,False,parcial,True
2867,3203205,ES,Sudeste,2058,0.6489438,0.6783284742468416,0.35105622,66.76,-1.8656213378906301,-6.745621337890626,True,completo,False
2868,4208104,SC,Sul,247,0.64911664,0.6153846153846154,0.35088336,67.88,-2.968333129882808,-7.418333129882811,True,completo,True
2869,4112603,PR,Sul,13,0.6491981,0.9230769230769231,0.3508019,54.93,9.989815063476563,0.4898150634765557,False,completo,True
2870,5201801,GO,Centro-Oeste,170,0.64933115,0.6294117647058823,0.35066885,59.12,5.813113098144534,-2.0668869018554688,False,completo,True
2871,5214002,GO,Centro-Oeste,213,0.64936405,0.6666666666666666,0.35063595,55.96,8.97640899658203,-0.12359100341797102,False,completo,False
2872,4308458,RS,Sul,22,0.64946836,0.6818181818181818,0.35053164,80.0,-15.05316162109375,-15.05316162109375,True,completo,True
2873,3556305,SP,Sudeste,269,0.6495034,0.7063197026022305,0.3504966,66.97,-2.019659729003905,-6.829659729003907,True,parcial,True
2874,4113601,PR,Sul,52,0.6495124,0.5576923076923077,0.3504876,64.86,0.09124053955078182,-5.538759460449214,False,completo,True
2875,3533809,SP,Sudeste,20,0.6495789,0.7,0.35042107,60.93,4.0278933715820315,-3.142106628417963,False,parcial,True
2876,4321329,RS,Sul,41,0.64963603,0.8292682926829268,0.35036397,80.0,-15.036399841308594,-15.036399841308594,True,completo,True
2877,3540804,SP,Sudeste,196,0.64970404,0.6224489795918368,0.35029596,63.91,1.0604055786132847,-4.939594421386715,False,parcial,True
2878,2104701,MA,Nordeste,72,0.6500451,0.75,0.3499549,73.9,-8.895491027832037,-11.055491027832034,True,completo,True
2879,1303205,AM,Norte,247,0.65015393,0.5870445344129555,0.34984607,76.5,-11.484603881835938,-12.694603881835931,True,completo,True
2880,2209955,PI,Nordeste,23,0.6502797,0.8695652173913043,0.3497203,58.01,7.0179693603515645,-1.2920306396484307,False,completo,True
2881,4202859,SC,Sul,41,0.65028757,0.6585365853658537,0.34971243,65.11,-0.08124481201171818,-5.611244812011719,True,completo,False
2882,3146701,MG,Sudeste,33,0.65044016,0.7575757575757576,0.34955984,34.19,30.854013977050784,14.40401397705078,False,completo,False
2883,3109451,MG,Sudeste,98,0.65058136,0.5510204081632653,0.34941864,46.7,18.358135986328122,5.818135986328123,False,completo,True
2884,3522604,SP,Sudeste,520,0.65068686,0.6307692307692307,0.34931314,63.71,1.358687438964843,-4.7213125610351625,False,parcial,True
2885,3523503,SP,Sudeste,210,0.6507064,0.5428571428571428,0.3492936,64.72,0.3506405639648449,-5.329359436035162,False,parcial,True
2886,3104700,MG,Sudeste,97,0.65080816,0.5567010309278351,0.34919184,69.2,-4.119181823730472,-8.05918182373047,True,completo,True
2887,3545407,SP,Sudeste,91,0.6508574,0.45054945054945056,0.3491426,63.49,1.5957391357421855,-4.574260864257809,False,parcial,False
2888,3157104,MG,Sudeste,74,0.65088063,0.5945945945945946,0.34911937,49.57,15.518066101074218,4.0080661010742205,False,completo,False
2889,3116159,MG,Sudeste,208,0.6509582,0.6923076923076923,0.34904182,54.23,10.865817565917972,1.0958175659179688,False,completo,True
2890,5101258,MT,Centro-Oeste,180,0.651081,0.6055555555555555,0.34891897,53.64,11.46810089111328,1.4781008911132787,False,completo,True
2891,2610608,PE,Nordeste,518,0.651154,0.6583011583011583,0.34884602,65.79,-0.67460540771485,-5.934605407714841,True,completo,True
2892,3552700,SP,Sudeste,171,0.6512092,0.6198830409356725,0.34879082,65.32,-0.19908172607421193,-5.649081726074215,True,parcial,False
2893,2611200,PE,Nordeste,83,0.6512731,0.6385542168674698,0.34872693,65.42,-0.2926959228515642,-5.702695922851561,True,completo,True
2894,3551801,SP,Sudeste,143,0.6514021,0.5244755244755245,0.34859788,68.93,-3.7897869873046943,-7.8397869873046915,True,parcial,True
2895,3121902,MG,Sudeste,52,0.651415,0.75,0.348585,48.91,16.231502380371097,4.481502380371097,False,completo,True
2896,4214706,SC,Sul,105,0.6515927,0.6857142857142857,0.34840733,63.92,1.239263610839842,-4.760736389160158,False,completo,True
2897,2106755,MA,Nordeste,270,0.6515951,0.5111111111111111,0.34840488,59.27,5.889515380859372,-1.9304846191406284,False,completo,False
2898,3133303,MG,Sudeste,180,0.65165865,0.5388888888888889,0.34834135,54.67,10.495863037109373,0.895863037109379,False,completo,True
2899,3507456,SP,Sudeste,52,0.65184253,0.5384615384615384,0.34815747,64.23,0.9542498779296835,-4.925750122070312,False,parcial,True
2900,2111508,MA,Nordeste,453,0.6519655,0.6578366445916115,0.3480345,67.09,-1.893451538085941,-6.653451538085932,True,completo,True
2901,5107743,MT,Centro-Oeste,42,0.65199673,0.7380952380952381,0.34800327,57.91,7.289676513671878,-1.0603234863281301,False,completo,True
2902,3535002,SP,Sudeste,130,0.6520998,0.7230769230769231,0.3479002,61.63,3.57997619628906,-3.3200238037109386,False,parcial,True
2903,3503208,SP,Sudeste,1853,0.6521967,0.6627091203453859,0.3478033,59.9,5.319673156738283,-2.2503268432617176,False,parcial,False
2904,4303558,RS,Sul,36,0.6522544,0.5555555555555556,0.3477456,80.0,-14.774559020996094,-14.774559020996094,True,completo,False
2905,2504603,PB,Nordeste,406,0.652347,0.7118226600985221,0.34765297,65.28,-0.04529693603515739,-5.515296936035156,True,completo,True
2906,3303609,RJ,Sudeste,367,0.6523975,0.7002724795640327,0.3476025,66.88,-1.6402462768554642,-6.480246276855468,True,completo,True
2907,1700251,TO,Norte,28,0.6524929,0.75,0.34750712,65.03,0.2192904663085926,-5.34070953369141,False,completo,True
2908,2209708,PI,Nordeste,65,0.6526479,0.6461538461538462,0.3473521,61.76,3.5047933959960957,-3.3352066040039006,False,completo,True
2909,2206407,PI,Nordeste,122,0.6527158,0.4180327868852459,0.3472842,63.58,1.691583557128908,-4.4384164428710875,False,completo,True
2910,3516903,SP,Sudeste,96,0.6529599,0.6875,0.34704012,63.97,1.3259899902343761,-4.654010009765628,False,parcial,True
2911,2305506,CE,Nordeste,741,0.6531508,0.6342780026990553,0.3468492,60.44,4.875078735351565,-2.4849212646484347,False,completo,True
2912,3168051,MG,Sudeste,25,0.65326583,0.8,0.34673417,49.89,15.436583862304687,4.046583862304686,False,completo,False
2913,4106100,PR,Sul,49,0.65343046,0.6938775510204082,0.34656954,56.22,9.123048095703126,0.12304809570312614,False,completo,True
2914,2109007,MA,Nordeste,278,0.6535628,0.7410071942446043,0.34643722,61.72,3.6362774658203136,-3.223722534179686,False,completo,True
2915,2600401,PE,Nordeste,174,0.65358764,0.5574712643678161,0.34641236,64.26,1.0987646484374949,-4.7612353515625045,False,completo,True
2916,5104559,MT,Centro-Oeste,90,0.6536896,0.6888888888888889,0.34631038,61.64,3.7289651489257807,-3.16103485107422,False,completo,True
2917,2512804,PB,Nordeste,56,0.65371704,0.44642857142857145,0.34628296,70.92,-5.548295898437502,-8.828295898437503,True,completo,True
2918,3160306,MG,Sudeste,101,0.653734,0.6534653465346535,0.34626597,65.75,-0.37659454345703125,-5.656594543457032,True,completo,False
2919,4219705,SC,Sul,424,0.65398777,0.6037735849056604,0.34601223,68.78,-3.381226806640626,-7.4812268066406205,True,completo,False
2920,3523404,SP,Sudeste,1007,0.6540368,0.7328699106256207,0.34596318,67.53,-2.1263211059570324,-6.716321105957036,True,parcial,True
2921,1100700,RO,Norte,163,0.65404123,0.7239263803680982,0.34595877,62.75,2.6541213989257812,-3.7958786010742216,False,completo,True
2922,3148707,MG,Sudeste,215,0.6541312,0.6046511627906976,0.34586883,60.83,4.583116455078127,-2.6268835449218813,False,completo,True
2923,3528601,SP,Sudeste,112,0.65414256,0.6517857142857143,0.34585744,65.13,0.2842532348632858,-5.245746765136715,False,parcial,True
2924,3147501,MG,Sudeste,11,0.65443665,0.9090909090909091,0.34556335,,,-14.55633544921875,False,completo,False
2925,4314001,RS,Sul,98,0.65449,0.6530612244897959,0.34551,80.0,-14.551002502441406,-14.551002502441406,True,completo,True
2926,3154804,MG,Sudeste,111,0.6549383,0.7297297297297297,0.34506172,46.93,18.56382781982422,6.103827819824218,False,completo,True
2927,3503307,SP,Sudeste,1043,0.6549531,0.6529242569511026,0.34504688,61.73,3.7653155517578156,-3.094684448242191,False,parcial,False
2928,3116100,MG,Sudeste,72,0.65543425,0.6527777777777778,0.34456575,47.26,18.283426513671877,5.943426513671874,False,completo,True
2929,3505302,SP,Sudeste,210,0.65554434,0.8095238095238095,0.34445566,61.33,4.2244357299804705,-2.7855642700195347,False,parcial,False
2930,4212502,SC,Sul,320,0.6556812,0.5125,0.3443188,,,,False,completo,False
2931,3544301,SP,Sudeste,129,0.6557658,0.6744186046511628,0.34423423,66.26,-0.6834237670898489,-5.763423767089847,True,parcial,True
2932,3304508,RJ,Sudeste,75,0.6557889,0.68,0.3442111,63.05,2.528887939453128,-3.8111120605468756,False,completo,True
2933,1507979,PA,Norte,313,0.6558311,0.6613418530351438,0.3441689,72.19,-6.6068930053710915,-9.406893005371089,True,completo,True
2934,2300309,CE,Nordeste,365,0.65602624,0.6438356164383562,0.34397376,65.49,0.11262298583984887,-5.267377014160161,False,completo,True
2935,4217006,SC,Sul,189,0.6562489,0.6878306878306878,0.34375107,68.15,-2.525106811523443,-6.8751068115234375,True,completo,True
2936,2110609,MA,Nordeste,321,0.65634406,0.6822429906542056,0.34365594,75.28,-9.64559295654297,-11.305592956542966,True,completo,True
2937,3556800,SP,Sudeste,159,0.65648,0.6037735849056604,0.34352,66.25,-0.6019973754882812,-5.691997375488285,True,parcial,True
2938,2603603,PE,Nordeste,51,0.65649706,0.6666666666666666,0.34350294,60.07,5.579703979492187,-1.9202960205078057,False,completo,False
2939,4110607,PR,Sul,129,0.6565273,0.6821705426356589,0.34347272,66.75,-1.0972747802734375,-5.987274780273438,True,completo,True
2940,3526803,SP,Sudeste,607,0.65666705,0.6359143327841845,0.34333295,64.4,1.2667022705078068,-4.543297729492181,False,parcial,True
2941,4313359,RS,Sul,30,0.65684974,0.8333333333333334,0.34315026,80.0,-14.315025329589844,-14.315025329589844,True,completo,True
2942,3170206,MG,Sudeste,5954,0.6568618,0.6513268390997649,0.34313822,55.71,9.976180114746093,0.7761801147460972,False,completo,True
2943,3538303,SP,Sudeste,36,0.6568855,0.4444444444444444,0.3431145,60.19,5.498552856445315,-1.9614471435546932,False,parcial,False
2944,4107652,PR,Sul,1941,0.65711963,0.6481195260175168,0.34288037,70.65,-4.938040161132818,-8.318040161132814,True,completo,True
2945,4218806,SC,Sul,129,0.6571505,0.7286821705426356,0.3428495,62.69,3.025049743652346,-3.454950256347658,False,completo,True
2946,4113759,PR,Sul,54,0.65716034,0.7037037037037037,0.34283966,61.2,4.516033935546872,-2.54396606445313,False,completo,True
2947,2106409,MA,Nordeste,199,0.6571696,0.7688442211055276,0.34283042,71.33,-5.613042907714842,-8.733042907714847,True,completo,True
2948,3113404,MG,Sudeste,855,0.6571792,0.6795321637426901,0.34282082,55.16,10.557918395996097,1.1479183959961006,False,completo,True
2949,3106705,MG,Sudeste,4233,0.6572592,0.6728088825891803,0.34274077,58.25,7.475921630859375,-0.7440783691406239,False,completo,True
2950,2513208,PB,Nordeste,60,0.657262,0.8666666666666667,0.34273797,57.29,8.436203918457032,-0.1537960815429642,False,completo,True
2951,4203006,SC,Sul,754,0.65735966,0.6618037135278515,0.34264034,71.48,-5.744030456542973,-8.814030456542966,True,completo,True
2952,4101051,PR,Sul,33,0.6573927,0.696969696969697,0.34260732,65.3,0.4392654418945341,-5.020734558105474,False,completo,True
2953,2100154,MA,Nordeste,119,0.657486,0.6554621848739496,0.34251398,69.35,-3.601396179199213,-7.481396179199223,True,completo,True
2954,4312757,RS,Sul,34,0.6575371,0.6470588235294118,0.3424629,80.0,-14.246292114257812,-14.246292114257812,True,completo,True
2955,3127073,MG,Sudeste,40,0.65763056,0.675,0.34236944,,,,False,completo,True
2956,3304110,RJ,Sudeste,225,0.6576346,0.6311111111111111,0.34236538,63.97,1.7934582519531261,-4.186541748046878,False,completo,True
2957,5105903,MT,Centro-Oeste,243,0.65765226,0.5720164609053497,0.34234774,60.77,4.995228271484372,-2.234771728515625,False,completo,True
2958,3124104,MG,Sudeste,914,0.65772504,0.6925601750547046,0.34227496,55.55,10.22250671386719,0.9625067138671852,False,completo,True
2959,3127305,MG,Sudeste,68,0.65779585,0.6323529411764706,0.34220415,52.6,13.179586791992186,2.7995867919921906,False,completo,True
2960,4303673,RS,Sul,21,0.65785396,0.8095238095238095,0.34214604,80.0,-14.214607238769531,-14.214607238769531,True,completo,True
2961,1101435,RO,Norte,85,0.6578628,0.7058823529411765,0.34213722,63.85,1.9362777709960923,-4.083722229003911,False,completo,True
2962,2508802,PB,Nordeste,59,0.658075,0.4915254237288136,0.34192502,70.29,-4.482504882812506,-8.002504882812502,True,completo,True
2963,3515194,SP,Sudeste,48,0.65819097,0.5625,0.34180903,62.12,3.699099426269534,-3.000900573730462,False,parcial,True
2964,2705507,AL,Nordeste,234,0.6582976,0.8461538461538461,0.3417024,57.6,8.229757690429686,-0.24024230957030568,False,completo,True
2965,3534906,SP,Sudeste,80,0.65837234,0.5375,0.34162766,67.13,-1.292765502929683,-6.032765502929692,True,parcial,True
2966,3514403,SP,Sudeste,327,0.6583832,0.6269113149847095,0.3416168,65.9,-0.061682128906255684,-5.2816821289062545,True,parcial,True
2967,5108055,MT,Centro-Oeste,165,0.6584774,0.6181818181818182,0.34152257,62.25,3.5977401733398438,-3.052259826660162,False,completo,True
2968,3549409,SP,Sudeste,416,0.65860355,0.6826923076923077,0.34139645,51.12,14.740351562500003,3.8003515624999977,False,parcial,False
2969,2616308,PE,Nordeste,223,0.65865546,0.6816143497757847,0.34134454,61.19,4.6755471801757835,-2.394452819824224,False,completo,False
2970,2210979,PI,Nordeste,20,0.65874285,0.5,0.34125715,61.92,3.954282836914061,-2.8257171630859403,False,completo,True
2971,3139250,MG,Sudeste,68,0.6587505,0.6617647058823529,0.34124953,46.38,19.495045776367185,6.845045776367186,False,completo,True
2972,5208004,GO,Centro-Oeste,1171,0.65876436,0.6430401366353544,0.34123564,66.03,-0.15356567382812614,-5.323565673828128,True,completo,True
2973,3548807,SP,Sudeste,1096,0.6587937,0.6624087591240876,0.3412063,64.1,1.779371643066412,-4.150628356933595,False,parcial,True
2974,3544004,SP,Sudeste,292,0.6588155,0.589041095890411,0.3411845,67.48,-1.5984463500976602,-6.20844635009766,True,parcial,True
2975,1501725,PA,Norte,207,0.6589695,0.8743961352657005,0.34103048,74.26,-8.363050231933599,-10.3930502319336,True,completo,False
2976,3533502,SP,Sudeste,357,0.6591941,0.7535014005602241,0.3408059,64.6,1.319410705566412,-4.410589294433592,False,parcial,True
2977,3541505,SP,Sudeste,254,0.65922976,0.7637795275590551,0.34077024,63.36,2.5629736328125006,-3.6570263671874983,False,parcial,True
2978,4316006,RS,Sul,190,0.6593795,0.6631578947368421,0.34062052,80.0,-14.062049865722656,-14.062049865722656,True,completo,True
2979,3551603,SP,Sudeste,267,0.65950406,0.6966292134831461,0.34049594,,,,False,ausente,True
2980,3540002,SP,Sudeste,170,0.65954065,0.6058823529411764,0.34045935,65.04,0.9140634155273375,-4.645936584472651,False,parcial,True
2981,4204194,SC,Sul,47,0.65983397,0.6595744680851063,0.34016603,57.0,8.9833984375,0.28339843749999716,False,completo,True
2982,4200408,SC,Sul,75,0.66005856,0.7066666666666667,0.33994144,67.24,-1.2341406249999949,-5.934140624999998,True,completo,True
2983,3157336,MG,Sudeste,79,0.66007966,0.4430379746835443,0.33992034,66.51,-0.5020349121093801,-5.48203491210937,True,completo,True
2984,4208302,SC,Sul,657,0.6600802,0.7047184170471842,0.3399198,,,,False,completo,True
2985,3126901,MG,Sudeste,93,0.6600931,0.6559139784946236,0.33990687,57.56,8.449315490722654,-0.04068450927734091,False,completo,True
2986,2101772,MA,Nordeste,245,0.66013074,0.7795918367346939,0.33986926,56.48,9.533076782226566,0.633076782226567,False,completo,True
2987,2201739,PI,Nordeste,104,0.6601659,0.8173076923076923,0.3398341,48.5,17.51659393310547,5.61659393310547,False,completo,True
2988,2207603,PI,Nordeste,117,0.66023177,0.47863247863247865,0.33976823,69.66,-3.636821899414059,-7.396821899414064,True,completo,True
2989,3556602,SP,Sudeste,94,0.660367,0.5106382978723404,0.339633,65.56,0.4766973876953102,-4.883302612304689,False,parcial,True
2990,3501608,SP,Sudeste,1516,0.6603977,0.649736147757256,0.3396023,62.11,3.929772033691407,-2.780227966308587,False,parcial,True
2991,2508000,PB,Nordeste,82,0.6604951,0.47560975609756095,0.3395049,68.31,-2.260492858886721,-6.540492858886722,True,completo,True
2992,4304903,RS,Sul,84,0.66054386,0.7738095238095238,0.33945614,80.0,-13.94561767578125,-13.94561767578125,True,completo,True
2993,4209003,SC,Sul,185,0.66056615,0.7405405405405405,0.33943385,62.61,3.446617736816407,-3.0633822631835983,False,completo,True
2994,3545209,SP,Sudeste,1303,0.6607305,0.6784343821949348,0.33926952,60.17,5.903051452636717,-1.5569485473632767,False,parcial,True
2995,3151602,MG,Sudeste,142,0.6607784,0.6619718309859155,0.3392216,51.44,14.637842712402346,3.8178427124023457,False,completo,False
2996,3524907,SP,Sudeste,63,0.6608169,0.5714285714285714,0.3391831,62.36,3.7216879272460943,-2.888312072753905,False,parcial,False
2997,4216305,SC,Sul,277,0.6608738,0.6967509025270758,0.33912623,,,,False,completo,True
2998,3171501,MG,Sudeste,43,0.6609002,0.6744186046511628,0.33909982,56.26,9.83001922607422,0.8500192260742239,False,completo,True
2999,3553708,SP,Sudeste,406,0.66094166,0.7364532019704434,0.33905834,65.07,1.0241696166992256,-4.525830383300786,False,parcial,True
3000,3508801,SP,Sudeste,178,0.6611268,0.601123595505618,0.3388732,64.3,1.812678527832034,-4.037321472167974,False,parcial,False
3001,3545605,SP,Sudeste,120,0.66114044,0.6416666666666667,0.33885956,63.89,2.2240441894531244,-3.7859558105468807,False,parcial,True
3002,4110052,PR,Sul,23,0.66116524,0.43478260869565216,0.33883476,,,8.986523742675779,False,completo,True
3003,3545001,SP,Sudeste,198,0.66119045,0.6515151515151515,0.33880955,67.15,-1.030958557128912,-5.770958557128907,True,parcial,True
3004,3168606,MG,Sudeste,1190,0.66128147,0.66890756302521,0.33871853,55.57,10.558143310546875,1.3081433105468818,False,completo,True
3005,3102407,MG,Sudeste,67,0.6613522,0.6567164179104478,0.33864778,47.88,18.255223388671872,6.135223388671875,False,completo,True
3006,3509502,SP,Sudeste,8899,0.661415,0.6624339813462187,0.33858502,47.76,18.381494750976564,6.211494750976563,False,parcial,True
3007,5106281,MT,Centro-Oeste,97,0.6614459,0.9381443298969072,0.33855408,62.33,3.8145922851562517,-2.805407714843753,False,completo,False
3008,3510401,SP,Sudeste,567,0.6614912,0.6666666666666666,0.33850878,67.01,-0.8608758544921926,-5.650875854492185,True,parcial,False
3009,4205191,SC,Sul,49,0.6616077,0.6938775510204082,0.33839232,,,-7.449233398437499,False,completo,True
3010,3517604,SP,Sudeste,144,0.661659,0.6041666666666666,0.338341,69.06,-2.894098815917971,-6.884098815917966,True,parcial,True
3011,5003900,MS,Centro-Oeste,44,0.6619383,0.8636363636363636,0.3380617,62.12,4.07383239746094,-2.636167602539061,False,completo,False
3012,2106508,MA,Nordeste,186,0.6619465,0.46774193548387094,0.33805352,66.6,-0.40535125732421307,-5.355351257324216,True,completo,False
3013,4305702,RS,Sul,61,0.6620902,0.6065573770491803,0.33790982,80.0,-13.790985107421875,-13.790985107421875,True,completo,True
3014,2612554,PE,Nordeste,90,0.66220343,0.5333333333333333,0.33779657,62.41,3.8103445434570347,-2.7796554565429688,False,completo,True
3015,5108352,MT,Centro-Oeste,42,0.6624103,0.23809523809523808,0.33758968,53.92,12.32103546142578,2.431035461425779,False,completo,False
3016,3537305,SP,Sudeste,535,0.6625028,0.6336448598130842,0.33749717,63.79,2.460282287597657,-3.589717712402347,False,parcial,True
3017,4204509,SC,Sul,189,0.66256297,0.8042328042328042,0.33743703,64.27,1.9862942504882852,-3.873705749511714,False,completo,True
3018,1101609,RO,Norte,114,0.6625704,0.7894736842105263,0.33742958,55.53,10.727041931152343,1.4570419311523466,False,completo,True
3019,3305406,RJ,Sudeste,198,0.66279584,0.6717171717171717,0.33720416,67.94,-1.6604132080078102,-6.090413208007817,True,completo,True
3020,3146255,MG,Sudeste,58,0.6628617,0.7241379310344828,0.3371383,52.45,13.836170959472653,3.3961709594726557,False,completo,True
3021,2108801,MA,Nordeste,103,0.6628699,0.4174757281553398,0.33713013,80.0,-13.7130126953125,-13.7130126953125,True,completo,False
3022,3158102,MG,Sudeste,63,0.6629201,0.5238095238095238,0.33707988,52.64,13.652015075683593,3.2820150756835957,False,completo,True
3023,2104651,MA,Nordeste,82,0.6631175,0.7804878048780488,0.33688247,70.87,-4.558247680664067,-7.858247680664064,True,completo,True
3024,3143203,MG,Sudeste,174,0.66315705,0.6206896551724138,0.33684295,48.17,18.145704345703123,6.125704345703127,False,completo,True
3025,3103504,MG,Sudeste,1032,0.66316336,0.6579457364341085,0.33683664,53.17,13.146337585449217,2.9763375854492153,False,completo,True
3026,3545100,SP,Sudeste,54,0.6632225,0.6296296296296297,0.3367775,60.91,5.412250366210941,-1.767749633789066,False,parcial,True
3027,5005707,MS,Centro-Oeste,801,0.6633237,0.6017478152309613,0.3366763,63.53,2.802366943359374,-3.347633056640632,False,completo,True
3028,4118857,PR,Sul,90,0.6633727,0.7,0.3366273,61.32,5.0172726440429685,-1.9927273559570295,False,completo,True
3029,3521705,SP,Sudeste,152,0.663384,0.8618421052631579,0.33661598,,,,False,ausente,True
3030,5102793,MT,Centro-Oeste,121,0.66339844,0.9917355371900827,0.33660156,48.49,17.849843749999998,5.949843749999999,False,completo,True
3031,2609709,PE,Nordeste,94,0.6634004,0.9148936170212766,0.3365996,64.34,2.000042114257809,-3.829957885742189,False,completo,False
3032,3533908,SP,Sudeste,541,0.6634865,0.7486136783733827,0.33651352,64.26,2.0886480712890574,-3.781351928710933,False,parcial,True
3033,4211603,SC,Sul,152,0.6636135,0.743421052631579,0.3363865,71.23,-4.86864898681641,-8.038648986816412,True,completo,False
3034,3525508,SP,Sudeste,134,0.6638191,0.582089552238806,0.33618093,73.15,-6.768095397949224,-9.208095397949222,True,parcial,True
3035,4202909,SC,Sul,1305,0.6639636,0.6620689655172414,0.33603638,70.5,-4.1036376953125,-7.543637695312498,True,completo,True
3036,4106902,PR,Sul,12923,0.66404575,0.6617658438443086,0.33595425,71.93,-5.525428466796882,-8.425428466796873,True,completo,True
3037,2202554,PI,Nordeste,56,0.66407776,0.5892857142857143,0.33592224,64.49,1.9177758789062551,-3.852224121093755,False,completo,True
3038,3101102,MG,Sudeste,232,0.66417927,0.6293103448275862,0.33582073,53.9,12.517922973632814,2.6279229736328134,False,completo,False
3039,1100122,RO,Norte,1481,0.6644087,0.6630654962862931,0.33559132,80.0,-13.559127807617188,-13.559127807617188,True,completo,False
3040,3301603,RJ,Sudeste,138,0.6645443,0.6521739130434783,0.33545572,61.52,4.934429626464841,-2.00557037353515,False,completo,True
3041,3150307,MG,Sudeste,55,0.6645998,0.6363636363636364,0.33540022,36.5,29.959976196289062,14.139976196289062,False,completo,False
3042,3518305,SP,Sudeste,385,0.66470027,0.7688311688311689,0.33529973,67.24,-0.7699758911132761,-5.469975891113279,True,parcial,True
3043,4303806,RS,Sul,48,0.66482276,0.6458333333333334,0.33517724,80.0,-13.517723083496094,-13.517723083496094,True,completo,True
3044,3524709,SP,Sudeste,546,0.66490316,0.7032967032967034,0.33509684,65.65,0.8403182983398381,-4.479681701660155,False,parcial,True
3045,5106372,MT,Centro-Oeste,282,0.6649293,0.6524822695035462,0.33507073,60.59,5.902927551269528,-1.3970724487304693,False,completo,True
3046,3513702,SP,Sudeste,233,0.6651045,0.8068669527896996,0.3348955,62.78,3.7304522705078114,-2.7095477294921864,False,parcial,True
3047,4215059,SC,Sul,23,0.66529185,0.782608695652174,0.33470815,68.06,-1.530817565917971,-5.9108175659179665,True,completo,True
3048,3511201,SP,Sudeste,66,0.66548145,0.8484848484848485,0.33451855,58.54,8.008141479492188,-0.10185852050781818,False,parcial,True
3049,4117503,PR,Sul,760,0.6655035,0.6276315789473684,0.3344965,70.33,-3.7796459960937483,-7.289645996093753,True,completo,True
3050,3532801,SP,Sudeste,61,0.665687,0.7377049180327869,0.33431298,61.36,5.208702697753907,-1.7912973022460932,False,parcial,True
3051,4116604,PR,Sul,33,0.6659122,0.7878787878787878,0.3340878,65.42,1.1712246704101545,-4.238775329589842,False,completo,True
3052,3505906,SP,Sudeste,475,0.6660175,0.5894736842105263,0.33398253,64.07,2.531745605468757,-3.408254394531255,False,parcial,False
3053,3101003,MG,Sudeste,123,0.6660229,0.7479674796747967,0.3339771,48.71,17.892287292480468,6.072287292480468,False,completo,True
3054,3100500,MG,Sudeste,22,0.6661123,0.7727272727272727,0.3338877,,,,False,completo,True
3055,4315008,RS,Sul,32,0.6661474,0.84375,0.3338526,78.78,-12.165261535644532,-12.575261535644529,True,completo,True
3056,4111506,PR,Sul,257,0.6662353,0.7237354085603113,0.33376467,68.76,-2.136464843750005,-6.2464648437500045,True,completo,True
3057,4121604,PR,Sul,82,0.66650736,0.8292682926829268,0.33349264,72.28,-5.629266052246095,-8.399266052246091,True,completo,True
3058,3511508,SP,Sudeste,396,0.6666228,0.6919191919191919,0.33337718,64.08,2.5822848510742205,-3.3577151489257773,False,parcial,True
3059,2208650,PI,Nordeste,89,0.66669494,0.6741573033707865,0.33330506,63.49,3.179494628906248,-2.9905053710937466,False,completo,True
3060,2602100,PE,Nordeste,462,0.6667666,0.6060606060606061,0.33323342,63.29,3.3866586303710946,-2.8633413696289125,False,completo,False
3061,3544251,SP,Sudeste,159,0.66679984,0.8238993710691824,0.33320016,62.92,3.759985046386717,-2.6300149536132835,False,parcial,True
3062,5102637,MT,Centro-Oeste,779,0.66722983,0.6713735558408216,0.33277017,65.16,1.5629843139648472,-3.947015686035158,False,completo,True
3063,2503407,PB,Nordeste,40,0.6672554,0.525,0.3327446,66.53,0.19554016113281136,-4.784459838867193,False,completo,True
3064,4312351,RS,Sul,12,0.66748995,0.75,0.33251005,80.0,-13.251007080078125,-13.251007080078125,True,completo,True
3065,5203575,GO,Centro-Oeste,47,0.6674968,0.6170212765957447,0.3325032,54.0,12.749679565429688,2.899679565429686,False,completo,True
3066,3544509,SP,Sudeste,32,0.66780454,0.75,0.33219546,63.75,3.03045654296875,-3.0295434570312523,False,parcial,True
3067,4115705,PR,Sul,485,0.6678431,0.6391752577319587,0.3321569,71.91,-5.125690612792965,-8.025690612792971,True,completo,True
3068,3107505,MG,Sudeste,83,0.6680093,0.6024096385542169,0.33199072,52.98,13.820926208496097,3.580926208496095,False,completo,True
3069,2503100,PB,Nordeste,39,0.6680235,0.8974358974358975,0.33197647,64.02,2.7823529052734415,-3.1776470947265665,False,completo,True
3070,1100379,RO,Norte,186,0.66808623,0.7956989247311828,0.33191377,71.19,-4.381375732421873,-7.5613757324218795,True,completo,False
3071,5105176,MT,Centro-Oeste,147,0.668125,0.7346938775510204,0.33187503,63.07,3.7424999999999997,-2.5875000000000057,False,completo,True
3072,2208106,PI,Nordeste,68,0.6681539,0.6176470588235294,0.33184612,63.73,3.085391540527347,-2.9846084594726534,False,completo,True
3073,4210308,SC,Sul,89,0.6682218,0.7415730337078652,0.33177823,70.82,-3.997825927734368,-7.317825927734376,True,completo,True
3074,5100805,MT,Centro-Oeste,128,0.66825324,0.7421875,0.33174676,53.82,13.005325012207031,3.0853250122070293,False,completo,True
3075,1720853,TO,Norte,29,0.6683065,0.5862068965517241,0.33169347,77.95,-11.119349670410159,-11.819349670410162,True,completo,True
3076,4316477,RS,Sul,36,0.6683215,0.6111111111111112,0.3316785,80.0,-13.167854309082031,-13.167854309082031,True,completo,True
3077,3119104,MG,Sudeste,231,0.6683267,0.8571428571428571,0.33167332,46.3,20.532664489746097,7.852664489746097,False,completo,True
3078,3135050,MG,Sudeste,536,0.66840565,0.6007462686567164,0.33159435,48.75,18.09056854248047,6.290568542480472,False,completo,False
3079,2205409,PI,Nordeste,187,0.66842425,0.8128342245989305,0.33157575,59.6,7.242422485351561,-0.44757751464844375,False,completo,True
3080,3149507,MG,Sudeste,42,0.6685851,0.6904761904761905,0.33141488,39.0,27.85851287841797,12.768512878417965,False,completo,True
3081,4112702,PR,Sul,132,0.6687357,0.6136363636363636,0.33126432,65.3,1.5735656738281278,-3.88643432617188,False,completo,True
3082,3302452,RJ,Sudeste,105,0.66877455,0.780952380952381,0.33122545,66.31,0.5674566650390602,-4.492543334960942,False,completo,True
3083,2706000,AL,Nordeste,176,0.66884845,0.8068181818181818,0.33115155,54.93,11.954841918945313,2.4548419189453057,False,completo,True
3084,2207751,PI,Nordeste,42,0.6689221,0.6428571428571429,0.33107787,80.0,-13.1077880859375,-13.1077880859375,True,completo,True
3085,3538808,SP,Sudeste,281,0.6690327,0.7153024911032029,0.3309673,67.22,-0.3167330932617176,-5.026733093261726,True,parcial,True
3086,3543303,SP,Sudeste,1002,0.66926444,0.6706586826347305,0.33073556,66.91,0.01644500732422216,-4.813554992675776,False,parcial,False
3087,3509403,SP,Sudeste,218,0.6694254,0.5504587155963303,0.33057457,73.07,-6.127456970214837,-8.59745697021485,True,parcial,True
3088,5100201,MT,Centro-Oeste,350,0.66970223,0.7971428571428572,0.33029777,62.56,4.410222473144529,-2.119777526855472,False,completo,True
3089,3201803,ES,Sudeste,56,0.6697032,0.8214285714285714,0.3302968,51.59,15.380321655273434,4.620321655273436,False,completo,True
3090,2501708,PB,Nordeste,46,0.66973734,0.782608695652174,0.33026266,63.73,3.2437319946289094,-2.826268005371091,False,completo,True
3091,3110301,MG,Sudeste,121,0.66995233,0.7355371900826446,0.33004767,56.1,10.895231628417967,1.845231628417963,False,completo,True
3092,2513307,PB,Nordeste,57,0.670035,0.9649122807017544,0.329965,57.33,9.673501892089845,1.103501892089838,False,completo,True
3093,2200954,PI,Nordeste,21,0.67004466,0.8095238095238095,0.32995534,57.75,9.254463195800781,0.8444631958007847,False,completo,True
3094,5006200,MS,Centro-Oeste,654,0.67012113,0.6972477064220184,0.32987887,61.97,5.042115478515626,-1.717884521484379,False,completo,True
3095,2604809,PE,Nordeste,85,0.6701648,0.7058823529411765,0.32983518,64.81,2.2064794921874977,-3.4435205078124937,False,completo,True
3096,3170909,MG,Sudeste,173,0.6703304,0.6936416184971098,0.3296696,52.18,14.853042907714844,4.313042907714845,False,completo,True
3097,2611705,PE,Nordeste,154,0.67038244,0.6818181818181818,0.32961756,66.6,0.43824615478516193,-4.511753845214841,False,completo,True
3098,4308003,RS,Sul,35,0.6703904,0.8285714285714286,0.32960957,79.26,-12.220960388183599,-12.470960388183599,True,completo,True
3099,4120903,PR,Sul,454,0.6706953,0.6211453744493393,0.3293047,73.0,-5.9304656982421875,-8.430465698242188,True,completo,True
3100,3505708,SP,Sudeste,4293,0.67079866,0.6832052177964127,0.32920134,65.63,1.4498645019531295,-3.8801354980468687,False,parcial,True
3101,4211504,SC,Sul,108,0.67094773,0.5462962962962963,0.32905227,,,,False,completo,True
3102,2616506,PE,Nordeste,160,0.6710344,0.8125,0.3289656,65.51,1.5934393310546824,-3.776560668945308,False,completo,True
3103,4214102,SC,Sul,36,0.67107606,0.5833333333333334,0.32892394,56.35,10.757604980468749,1.8076049804687528,False,completo,True
3104,4119954,PR,Sul,388,0.67113906,0.6082474226804123,0.32886094,72.58,-5.466093139648436,-8.116093139648441,True,completo,True
3105,2505709,PB,Nordeste,79,0.6712609,0.9620253164556962,0.3287391,53.98,13.146091003417972,3.2860910034179653,False,completo,True
3106,2111706,MA,Nordeste,108,0.6713528,0.7777777777777778,0.3286472,64.17,2.965276794433592,-2.9347232055663994,False,completo,True
3107,5108907,MT,Centro-Oeste,102,0.6713713,0.6176470588235294,0.32862872,64.76,2.3771307373046824,-3.2928692626953193,False,completo,True
3108,3500402,SP,Sudeste,53,0.6714134,0.6037735849056604,0.32858658,67.26,-0.11865783691406762,-4.808657836914065,True,parcial,True
3109,4201703,SC,Sul,87,0.67142415,0.6206896551724138,0.32857585,80.0,-12.857582092285156,-12.857582092285156,True,completo,True
3110,2107100,MA,Nordeste,239,0.6715705,0.6694560669456067,0.32842952,80.0,-12.842948913574219,-12.842948913574219,True,completo,True
3111,4213203,SC,Sul,356,0.6717836,0.702247191011236,0.32821637,65.94,1.2383599853515648,-3.961640014648438,False,completo,True
3112,4104451,PR,Sul,184,0.67179406,0.717391304347826,0.32820594,68.01,-0.8305947875976614,-5.230594787597653,True,completo,False
3113,2607208,PE,Nordeste,1323,0.672025,0.6447467876039304,0.32797498,70.24,-3.0375006103515574,-6.577500610351564,True,completo,True
3114,3532108,SP,Sudeste,32,0.67202777,1.0,0.32797223,61.33,5.872774047851564,-1.137225952148441,False,parcial,True
3115,1101492,RO,Norte,264,0.6721193,0.6325757575757576,0.32788068,68.1,-0.8880706787109318,-5.258070678710936,True,completo,True
3116,3306206,RJ,Sudeste,348,0.6721916,0.603448275862069,0.32780838,67.8,-0.5808380126953097,-5.060838012695314,True,completo,True
3117,2108454,MA,Nordeste,206,0.6724276,0.6990291262135923,0.3275724,61.07,6.1727597045898435,-0.9372402954101631,False,completo,True
3118,4116307,PR,Sul,60,0.67244625,0.8,0.32755375,57.66,9.584628906250003,1.1346289062500006,False,completo,True
3119,2605152,PE,Nordeste,169,0.6724623,0.834319526627219,0.32753772,67.39,-0.14376892089843807,-4.783768920898439,True,completo,True
3120,5212709,GO,Centro-Oeste,126,0.672514,0.6825396825396826,0.32748598,55.28,11.971403808593749,2.6014038085937443,False,completo,False
3121,2614204,PE,Nordeste,353,0.6725941,0.7450424929178471,0.32740593,63.56,3.699407043457029,-2.4405929565429716,False,completo,True
3122,4109609,PR,Sul,629,0.672715,0.6693163751987281,0.327285,69.4,-2.128500366210943,-5.988500366210943,True,completo,True
3123,4104055,PR,Sul,47,0.6727782,0.7872340425531915,0.3272218,73.98,-6.7021832275390665,-8.832183227539062,True,completo,True
3124,4126801,PR,Sul,149,0.6731478,0.610738255033557,0.3268522,71.09,-3.7752188110351597,-6.985218811035153,True,completo,True
3125,3525805,SP,Sudeste,49,0.67318785,0.5510204081632653,0.32681215,68.91,-1.5912133789062466,-5.641213378906244,True,parcial,True
3126,3505104,SP,Sudeste,74,0.67318976,0.6486486486486487,0.32681024,67.3,0.018977355957034092,-4.661022644042973,False,parcial,True
3127,2100204,MA,Nordeste,110,0.6732015,0.7090909090909091,0.3267985,74.47,-7.149847717285155,-9.099847717285158,True,completo,True
3128,2105104,MA,Nordeste,234,0.67327774,0.6965811965811965,0.32672226,68.75,-1.4222259521484375,-5.532225952148437,True,completo,True
3129,4315057,RS,Sul,22,0.67333424,0.9545454545454546,0.32666576,47.22,20.11342742919922,7.7534274291992205,False,completo,True
3130,2610103,PE,Nordeste,62,0.6733808,0.5967741935483871,0.3266192,63.78,3.55808135986328,-2.491918640136717,False,completo,False
3131,2111409,MA,Nordeste,132,0.67379886,0.696969696969697,0.32620114,75.6,-8.220117187499994,-9.7601171875,True,completo,True
3132,3553401,SP,Sudeste,233,0.6738804,0.7424892703862661,0.3261196,67.59,-0.20196136474609716,-4.761961364746099,True,parcial,True
3133,3131109,MG,Sudeste,76,0.67391366,0.7763157894736842,0.32608634,46.85,20.54136505126953,8.051365051269528,False,completo,False
3134,5103437,MT,Centro-Oeste,71,0.67409635,0.9295774647887324,0.32590365,40.14,27.269637451171874,12.529637451171872,False,completo,True
3135,4126652,PR,Sul,37,0.67410415,0.7567567567567568,0.32589585,66.92,0.4904156494140608,-4.3395843505859375,False,completo,True
3136,2703759,AL,Nordeste,115,0.67420727,0.9565217391304348,0.32579273,55.12,12.300730590820315,2.8707305908203153,False,completo,True
3137,3550803,SP,Sudeste,98,0.6743724,0.6836734693877551,0.32562762,67.26,0.17724060058593238,-4.512759399414065,False,parcial,True
3138,5220504,GO,Centro-Oeste,90,0.6744281,0.6666666666666666,0.3255719,58.7,8.742810058593747,0.7028100585937551,False,completo,True
3139,2608305,PE,Nordeste,234,0.6746105,0.688034188034188,0.3253895,63.87,3.5910519409179713,-2.428948059082032,False,completo,True
3140,3136520,MG,Sudeste,35,0.67464334,0.7714285714285715,0.32535666,,,,False,completo,True
3141,2202778,PI,Nordeste,56,0.67467076,0.42857142857142855,0.32532924,63.22,4.247079162597657,-2.0229208374023386,False,completo,True
3142,3507100,SP,Sudeste,292,0.6747184,0.5376712328767124,0.32528162,71.48,-4.008160095214848,-7.078160095214841,True,parcial,True
3143,4211009,SC,Sul,104,0.67472416,0.6057692307692307,0.32527584,70.43,-2.9575802612304756,-6.427580261230474,True,completo,True
3144,5106299,MT,Centro-Oeste,158,0.6747307,0.7974683544303798,0.32526928,63.88,3.593068237304685,-2.416931762695313,False,completo,True
3145,1101484,RO,Norte,53,0.6748813,0.7735849056603774,0.32511872,57.76,9.728128662109377,1.3281286621093784,False,completo,True
3146,5100359,MT,Centro-Oeste,96,0.67491895,0.4895833333333333,0.32508105,80.0,-12.508102416992188,-12.508102416992188,True,completo,True
3147,4313003,RS,Sul,18,0.6749295,0.9444444444444444,0.3250705,77.71,-10.217049560546869,-10.99704956054687,True,completo,True
3148,3169307,MG,Sudeste,580,0.6750117,0.7017241379310345,0.3249883,55.52,11.981167297363278,2.711167297363275,False,completo,False
3149,3541208,SP,Sudeste,64,0.67504174,0.796875,0.32495826,66.81,0.6941732788085915,-4.175826721191413,False,parcial,True
3150,5003751,MS,Centro-Oeste,176,0.67523944,0.5738636363636364,0.32476056,76.1,-8.576058959960932,-9.92605895996094,True,completo,True
3151,3528007,SP,Sudeste,182,0.6753249,0.6263736263736264,0.32467508,67.48,0.05249359130858977,-4.5475064086914045,False,parcial,True
3152,2615201,PE,Nordeste,115,0.6756068,0.7130434782608696,0.3243932,64.99,2.5706765747070364,-3.009323425292962,False,completo,True
3153,2107308,MA,Nordeste,47,0.6757052,0.5106382978723404,0.3242948,77.81,-10.239481506347659,-10.989481506347659,True,completo,True
3154,4218400,SC,Sul,90,0.67619145,0.6222222222222222,0.32380855,73.15,-5.530851745605474,-7.970851745605472,True,completo,True
3155,3300159,RJ,Sudeste,91,0.67659086,0.6813186813186813,0.32340914,62.76,4.899088134765627,-1.5509118652343687,False,completo,True
3156,4212056,SC,Sul,28,0.67668945,0.5714285714285714,0.32331055,69.23,-1.561054687500004,-5.491054687499997,True,completo,True
3157,4217105,SC,Sul,43,0.6767241,0.5581395348837209,0.32327592,69.93,-2.2575909423828193,-5.917590942382816,True,completo,True
3158,4219507,SC,Sul,454,0.6767571,0.7070484581497798,0.3232429,68.79,-1.1142874145507875,-5.214287414550782,True,completo,True
3159,3509304,SP,Sudeste,96,0.67678523,0.6041666666666666,0.32321477,64.32,3.3585202026367256,-2.481479797363278,False,parcial,True
3160,3301801,RJ,Sudeste,84,0.6768501,0.5476190476190477,0.32314992,65.8,1.885005187988284,-3.374994812011721,False,completo,False
3161,4316204,RS,Sul,32,0.67690676,0.75,0.32309324,80.0,-12.309326171875,-12.309326171875,True,completo,True
3162,4215505,SC,Sul,230,0.67694986,0.5739130434782609,0.32305014,68.59,-0.8950155639648472,-5.07501556396484,True,completo,True
3163,4107157,PR,Sul,74,0.6769588,0.7432432432432432,0.3230412,69.28,-1.5841229248046886,-5.494122924804685,True,completo,False
3164,3136652,MG,Sudeste,354,0.6770608,0.6864406779661016,0.32293922,52.87,14.836077575683596,4.556077575683595,False,completo,True
3165,4212270,SC,Sul,51,0.6771885,0.6862745098039216,0.32281148,54.31,13.408849182128904,3.6788491821289,False,completo,True
3166,3115706,MG,Sudeste,55,0.67738444,0.7272727272727273,0.32261556,72.65,-4.911558532714849,-7.53155853271484,True,completo,True
3167,2608750,PE,Nordeste,344,0.6773974,0.6773255813953488,0.32260263,58.93,8.809738464355469,0.8597384643554733,False,completo,True
3168,3204203,ES,Sudeste,320,0.67742085,0.709375,0.32257915,65.36,2.3820883178710943,-3.0479116821289125,False,completo,True
3169,2506707,PB,Nordeste,100,0.6777676,0.42,0.32223243,69.22,-1.4432437133789051,-5.373243713378912,True,completo,False
3170,2103406,MA,Nordeste,430,0.6777744,0.7604651162790698,0.32222557,63.75,4.027442932128906,-2.032557067871096,False,completo,True
3171,3515400,SP,Sudeste,158,0.6780049,0.8291139240506329,0.32199508,65.56,2.2404913330078102,-3.109508666992184,False,parcial,True
3172,2210391,PI,Nordeste,25,0.6781472,0.64,0.3218528,59.81,8.004720153808591,0.39472015380859204,False,completo,True
3173,5221577,GO,Centro-Oeste,18,0.6782915,0.6666666666666666,0.3217085,45.24,22.589147338867186,9.539147338867188,False,completo,True
3174,3112703,MG,Sudeste,149,0.67839557,0.6375838926174496,0.32160443,64.86,2.979553833007813,-2.6504461669921824,False,completo,True
3175,2606507,PE,Nordeste,173,0.67841643,0.8208092485549133,0.32158357,68.56,-0.7183557128906273,-4.908355712890625,True,completo,True
3176,4211702,SC,Sul,237,0.6784586,0.6413502109704642,0.32154143,68.14,-0.29414428710937557,-4.64414428710937,True,completo,True
3177,3526506,SP,Sudeste,35,0.67847073,0.6,0.32152927,64.99,2.85707641601563,-2.722923583984368,False,parcial,True
3178,3113008,MG,Sudeste,159,0.67849576,0.7044025157232704,0.32150424,48.07,19.779578857421875,7.729578857421878,False,completo,True
3179,3170701,MG,Sudeste,1027,0.67854583,0.7215189873417721,0.32145417,55.51,12.344583740234377,3.0645837402343687,False,completo,True
3180,3120003,MG,Sudeste,32,0.67855316,0.625,0.32144684,52.11,15.745316162109376,5.175316162109375,False,completo,False
3181,3505005,SP,Sudeste,40,0.67855865,0.65,0.32144135,67.91,-0.05413452148437159,-4.494134521484369,True,parcial,True
3182,3131604,MG,Sudeste,77,0.6786668,0.7792207792207793,0.32133323,44.85,23.016676330566405,9.826676330566407,False,completo,True
3183,5105580,MT,Centro-Oeste,172,0.6786949,0.6569767441860465,0.3213051,65.23,2.6394915771484335,-2.8405084228515562,False,completo,True
3184,4208005,SC,Sul,96,0.6788644,0.7083333333333334,0.32113558,70.81,-2.9235559082031273,-6.2435559082031205,True,completo,True
3185,5215603,GO,Centro-Oeste,355,0.67895156,0.6929577464788732,0.32104844,61.84,6.055156860351559,-0.7548431396484432,False,completo,True
3186,3164209,MG,Sudeste,86,0.6790687,0.7790697674418605,0.32093132,55.73,12.176867980957034,2.9868679809570295,False,completo,True
3187,5107065,MT,Centro-Oeste,396,0.67922497,0.7449494949494949,0.32077503,61.52,6.402500610351559,-0.5374993896484312,False,completo,True
3188,5108006,MT,Centro-Oeste,224,0.6793661,0.6875,0.3206339,59.92,8.016614990234373,0.456614990234371,False,completo,True
3189,4115903,PR,Sul,25,0.67947584,0.56,0.32052416,71.89,-3.942413940429688,-6.852413940429685,True,completo,True
3190,4110201,PR,Sul,147,0.6795402,0.7006802721088435,0.32045978,74.45,-6.495974731445315,-8.445974731445318,True,completo,False
3191,5004700,MS,Centro-Oeste,378,0.6797417,0.6878306878306878,0.32025832,64.82,3.1541668701171943,-2.4858331298828062,False,completo,True
3192,3305703,RJ,Sudeste,134,0.6798238,0.753731343283582,0.32017618,,,-9.057616271972663,False,completo,True
3193,3113701,MG,Sudeste,139,0.6798997,0.5611510791366906,0.3201003,60.36,7.629967346191407,0.23996734619140625,False,completo,True
3194,5200134,GO,Centro-Oeste,261,0.6799072,0.8160919540229885,0.3200928,62.06,5.930722656249998,-0.7892773437500011,False,completo,False
3195,2601805,PE,Nordeste,92,0.67996895,0.7717391304347826,0.32003105,71.97,-3.9731051635742176,-6.853105163574213,True,completo,True
3196,3129806,MG,Sudeste,1647,0.68002814,0.6636308439587129,0.31997186,56.29,11.712815246582032,2.7328152465820352,False,completo,False
3197,3203502,ES,Sudeste,220,0.68005073,0.8045454545454546,0.31994927,65.84,2.165073547363278,-3.074926452636717,False,completo,True
3198,3142700,MG,Sudeste,153,0.6800618,0.6666666666666666,0.31993818,53.65,14.356179809570314,4.366179809570312,False,completo,False
3199,5212956,GO,Centro-Oeste,61,0.6800732,0.5245901639344263,0.3199268,63.07,4.9373165893554685,-1.392683410644537,False,completo,True
3200,5108303,MT,Centro-Oeste,70,0.6802365,0.7,0.31976348,63.63,4.393651123046872,-1.7163488769531199,False,completo,True
3201,4219002,SC,Sul,216,0.68024755,0.7083333333333334,0.31975245,70.65,-2.6252426147460994,-6.005242614746095,True,completo,True
3202,3146552,MG,Sudeste,56,0.68052065,0.7678571428571429,0.31947935,65.4,2.6520629882812443,-2.767937011718743,False,completo,False
3203,5106216,MT,Centro-Oeste,172,0.6806218,0.686046511627907,0.3193782,60.45,7.612179565429685,0.2521795654296852,False,completo,True
3204,4101804,PR,Sul,1943,0.68071634,0.6906845084920227,0.31928366,71.19,-3.1183676147460915,-6.298367614746098,True,completo,True
3205,2209377,PI,Nordeste,44,0.6807232,0.5227272727272727,0.3192768,64.16,3.912319030761722,-1.9876809692382835,False,completo,True
3206,3550902,SP,Sudeste,83,0.680726,0.6746987951807228,0.319274,65.66,2.4126013183593784,-2.907398681640629,False,parcial,False
3207,4206504,SC,Sul,488,0.68086696,0.6516393442622951,0.31913304,71.87,-3.783307189941411,-6.7033071899414125,True,completo,False
3208,4218855,SC,Sul,29,0.68087184,0.6551724137931034,0.31912816,69.44,-1.352818908691404,-5.2028189086914125,True,completo,True
3209,3508702,SP,Sudeste,164,0.68090796,0.7073170731707317,0.31909204,71.78,-3.689202575683595,-6.649202575683589,True,parcial,False
3210,4122172,PR,Sul,44,0.6809654,0.7272727272727273,0.31903458,71.38,-3.283457641601558,-6.393457641601557,True,completo,True
3211,5005681,MS,Centro-Oeste,239,0.6809987,0.4895397489539749,0.31900132,80.0,-11.900131225585938,-11.900131225585938,True,completo,True
3212,3547403,SP,Sudeste,17,0.6810726,0.5294117647058824,0.3189274,63.62,4.487261657714846,-1.6227383422851602,False,parcial,False
3213,4202081,SC,Sul,45,0.6811252,0.5555555555555556,0.31887478,71.69,-3.5774740600585915,-6.567474060058601,True,completo,True
3214,3201209,ES,Sudeste,1808,0.6812022,0.7206858407079646,0.31879783,67.7,0.4202163696289034,-4.099783630371093,False,completo,False
3215,3541703,SP,Sudeste,110,0.6812457,0.6818181818181818,0.31875432,68.48,-0.35543487548828523,-4.575434875488284,True,parcial,True
3216,3538501,SP,Sudeste,87,0.68137014,0.7011494252873564,0.31862986,67.86,0.2770162963867193,-4.182983703613274,False,parcial,False
3217,4118303,PR,Sul,39,0.68142617,0.6153846153846154,0.31857383,62.63,5.512616271972654,-0.9873837280273392,False,completo,True
3218,3546801,SP,Sudeste,506,0.68142915,0.6758893280632411,0.31857085,73.45,-5.307086181640628,-7.637086181640626,True,parcial,False
3219,4100806,PR,Sul,106,0.6816373,0.7264150943396226,0.3183627,71.09,-2.9262731933593784,-6.136273193359372,True,completo,True
3220,4107124,PR,Sul,36,0.68178767,0.8333333333333334,0.31821233,71.09,-2.9112356567382847,-6.1312356567382835,True,completo,True
3221,3530300,SP,Sudeste,489,0.68183523,0.6134969325153374,0.31816477,69.6,-1.4164749145507756,-5.206474914550782,True,parcial,False
3222,4212205,SC,Sul,177,0.6818401,0.6779661016949152,0.31815988,72.03,-3.8459866333007824,-6.705986633300782,True,completo,True
3223,3556354,SP,Sudeste,86,0.6819291,0.6627906976744186,0.3180709,75.3,-7.107090759277341,-8.757090759277347,True,parcial,True
3224,2604403,PE,Nordeste,128,0.6819699,0.6328125,0.31803012,65.79,2.4069909667968687,-2.853009033203122,False,completo,True
3225,4204103,SC,Sul,46,0.681971,0.5869565217391305,0.318029,71.21,-3.0129022216796812,-6.182902221679683,True,completo,True
3226,5212105,GO,Centro-Oeste,79,0.68197703,0.6708860759493671,0.31802297,61.57,6.627700500488281,-0.29229949951171363,False,completo,True
3227,3505401,SP,Sudeste,55,0.6822231,0.34545454545454546,0.31777692,80.0,-11.777694702148438,-11.777694702148438,True,parcial,True
3228,2104677,MA,Nordeste,281,0.6824183,0.608540925266904,0.3175817,76.8,-8.558171081542966,-9.658171081542974,True,completo,True
3229,3504107,SP,Sudeste,1697,0.6824539,0.6535061873895109,0.31754613,72.05,-3.8046157836914034,-6.654615783691412,True,parcial,False
3230,3166709,MG,Sudeste,84,0.6825056,0.6547619047619048,0.3174944,56.46,11.790564575195312,2.880564575195308,False,completo,True
3231,4120804,PR,Sul,324,0.68257266,0.6728395061728395,0.31742734,68.92,-0.6627368164062517,-4.712736816406249,True,completo,True
3232,2919405,BA,Nordeste,84,0.6825945,0.6547619047619048,0.31740552,75.76,-7.500554809570318,-8.980554809570307,True,completo,False
3233,4104006,PR,Sul,698,0.68263745,0.670487106017192,0.31736255,71.94,-3.6762518310546852,-6.566251831054686,True,completo,False
3234,3200508,ES,Sudeste,70,0.6826471,0.6285714285714286,0.3173529,61.98,6.284709472656253,-0.4752905273437449,False,completo,True
3235,5104526,MT,Centro-Oeste,149,0.68269914,0.5973154362416108,0.31730086,64.83,3.439912719726564,-2.2000872802734364,False,completo,True
3236,3532157,SP,Sudeste,40,0.68276685,0.375,0.31723315,62.7,5.57668762207031,-0.8933123779296892,False,parcial,False
3237,3157500,MG,Sudeste,50,0.6827748,0.76,0.31722522,49.21,19.06748107910156,7.427481079101561,False,completo,True
3238,3508108,SP,Sudeste,161,0.6829229,0.6770186335403726,0.3170771,66.64,1.6522897338867182,-3.2777102661132744,False,parcial,True
3239,3501103,SP,Sudeste,39,0.68292814,0.717948717948718,0.31707186,63.01,5.282816162109377,-1.0771838378906295,False,parcial,True
3240,2104008,MA,Nordeste,189,0.6830274,0.8148148148148148,0.3169726,62.78,5.52274200439453,-0.9172579956054676,False,completo,True
3241,3166105,MG,Sudeste,23,0.6831204,0.5652173913043478,0.31687957,52.0,16.312042236328125,5.702042236328126,False,completo,True
3242,3156007,MG,Sudeste,103,0.68314725,0.6407766990291263,0.31685275,49.66,18.65472778320313,7.174727783203124,False,completo,True
3243,2201176,PI,Nordeste,44,0.68317556,0.9318181818181818,0.31682444,64.23,4.087558288574215,-1.7924417114257807,False,completo,True
3244,3543808,SP,Sudeste,85,0.68319076,0.6352941176470588,0.31680924,,,,False,ausente,True
3245,5201405,GO,Centro-Oeste,5449,0.6832201,0.6935217471095614,0.3167799,63.87,4.45200622558594,-1.557993774414058,False,completo,True
3246,4209102,SC,Sul,5308,0.68328285,0.6929163526752072,0.31671715,68.23,0.09828521728515227,-4.21171478271485,False,completo,True
3247,3113305,MG,Sudeste,258,0.68328667,0.624031007751938,0.31671333,55.64,12.688666687011718,3.4686666870117193,False,completo,False
3248,2201556,PI,Nordeste,38,0.68332976,0.8947368421052632,0.31667024,64.18,4.152977294921868,-1.7470227050781233,False,completo,False
3249,3138609,MG,Sudeste,129,0.6835994,0.7131782945736435,0.3164006,51.94,16.419939575195315,5.789939575195312,False,completo,True
3250,3125606,MG,Sudeste,92,0.683677,0.7065217391304348,0.31632298,56.8,11.567698669433597,2.7876986694335955,False,completo,True
3251,3157807,MG,Sudeste,2300,0.6837572,0.7091304347826087,0.3162428,56.2,12.175717163085935,3.1657171630859438,False,completo,True
3252,5003801,MS,Centro-Oeste,252,0.6837913,0.5952380952380952,0.31620872,63.97,4.409127502441407,-1.5708724975585966,False,completo,True
3253,3303856,RJ,Sudeste,292,0.6838543,0.7534246575342466,0.31614572,68.68,-0.29457061767578807,-4.434570617675774,True,completo,False
3254,2210904,PI,Nordeste,26,0.6838654,0.3076923076923077,0.31613457,70.3,-1.913456726074216,-5.433456726074212,True,completo,True
3255,4218202,SC,Sul,431,0.6839356,0.7540603248259861,0.31606442,71.48,-3.086445312500004,-6.156445312499997,True,completo,False
3256,5001102,MS,Centro-Oeste,644,0.68402046,0.5807453416149069,0.31597954,71.59,-3.187953796386722,-6.217953796386723,True,completo,True
3257,3502705,SP,Sudeste,263,0.68402827,0.7452471482889734,0.31597173,70.29,-1.8871755981445375,-5.4071755981445335,True,parcial,True
3258,4108700,PR,Sul,87,0.68406945,0.6206896551724138,0.31593055,67.46,0.94694427490235,-3.6630557250976494,False,completo,True
3259,4206108,SC,Sul,78,0.6841265,0.7051282051282052,0.3158735,67.57,0.8426510620117256,-3.727348937988282,False,completo,True
3260,4209607,SC,Sul,162,0.6841635,0.6975308641975309,0.3158365,66.04,2.3763513183593687,-2.7936486816406187,False,completo,True
3261,4117057,PR,Sul,78,0.68423474,0.6794871794871795,0.31576526,77.85,-9.426522827148432,-10.166522827148441,True,completo,True
3262,3130101,MG,Sudeste,532,0.6842381,0.7387218045112782,0.31576192,56.52,11.903805236816403,3.0238052368164006,False,completo,True
3263,2103109,MA,Nordeste,88,0.6842947,0.6704545454545454,0.3157053,71.43,-3.000526123046882,-6.08052612304688,True,completo,False
3264,5202155,GO,Centro-Oeste,93,0.6845828,0.6881720430107527,0.31541717,49.16,19.29828247070313,7.638282470703125,False,completo,True
3265,3202801,ES,Sudeste,516,0.6846325,0.751937984496124,0.31536752,64.07,4.393249206542976,-1.5467507934570364,False,completo,True
3266,4200507,SC,Sul,87,0.6847916,0.6666666666666666,0.31520838,73.48,-5.000835876464848,-7.320835876464841,True,completo,False
3267,3126802,MG,Sudeste,76,0.6849147,0.6973684210526315,0.3150853,56.48,12.011470336914066,3.111470336914067,False,completo,True
3268,4211892,SC,Sul,25,0.6849171,0.48,0.3150829,,,,False,completo,True
3269,5209903,GO,Centro-Oeste,122,0.6849323,0.6557377049180327,0.3150677,66.63,1.8632327270507858,-3.076767272949212,False,completo,True
3270,2501534,PB,Nordeste,59,0.6849868,0.8983050847457628,0.31501317,62.78,5.718680114746093,-0.7213198852539051,False,completo,True
3271,3545159,SP,Sudeste,101,0.68510115,0.6435643564356436,0.31489885,67.95,0.5601165771484347,-3.859883422851567,False,parcial,True
3272,3150570,MG,Sudeste,95,0.6852521,0.6421052631578947,0.31474793,53.21,15.31520751953125,5.165207519531251,False,completo,True
3273,3117306,MG,Sudeste,311,0.6852914,0.5884244372990354,0.3147086,59.46,9.069144287109374,1.3191442871093813,False,completo,True
3274,4203303,SC,Sul,145,0.68537366,0.6,0.31462634,68.68,-0.14263122558594432,-4.282631225585931,True,completo,True
3275,4128302,PR,Sul,15,0.68539137,0.7333333333333333,0.31460863,63.5,5.0391387939453125,-1.120861206054684,False,completo,False
3276,3144102,MG,Sudeste,181,0.6855614,0.7569060773480663,0.31443858,49.23,19.326144714355472,7.696144714355469,False,completo,True
3277,5008404,MS,Centro-Oeste,92,0.6858594,0.5434782608695652,0.31414062,67.77,0.815937500000004,-3.674062500000005,False,completo,True
3278,3553104,SP,Sudeste,46,0.68587285,0.391304347826087,0.31412715,69.26,-0.6727120971679739,-4.592712097167976,True,parcial,True
3279,3150539,MG,Sudeste,48,0.6862745,0.8125,0.31372547,41.49,27.13745666503906,12.837456665039063,False,completo,True
3280,2602209,PE,Nordeste,297,0.68652946,0.6936026936026936,0.31347054,64.09,4.562946472167965,-1.3670535278320273,False,completo,True
3281,3152105,MG,Sudeste,433,0.68657976,0.7875288683602771,0.31342024,57.17,11.48797424316406,2.8479742431640602,False,completo,False
3282,3144656,MG,Sudeste,66,0.68666327,0.7727272727272727,0.31333673,54.31,14.356328430175779,4.626328430175775,False,completo,True
3283,3516200,SP,Sudeste,3344,0.6866637,0.7111244019138756,0.3133363,61.42,7.246366577148436,0.2663665771484318,False,parcial,True
3284,3555356,SP,Sudeste,69,0.6867457,0.7391304347826086,0.3132543,63.84,4.834568176269528,-1.1954318237304733,False,parcial,True
3285,3117836,MG,Sudeste,47,0.6867566,0.6595744680851063,0.3132434,,,,False,completo,False
3286,5107792,MT,Centro-Oeste,60,0.68692154,0.75,0.31307846,64.12,4.572153930664058,-1.3478460693359438,False,completo,True
3287,3144672,MG,Sudeste,25,0.6872908,0.48,0.3127092,54.93,13.799080200195313,4.299080200195306,False,completo,True
3288,3135076,MG,Sudeste,27,0.68740886,0.4444444444444444,0.31259114,,,,False,completo,True
3289,3303401,RJ,Sudeste,1534,0.6875065,0.6897001303780965,0.3124935,67.69,1.0606484985351585,-3.4693515014648426,False,completo,True
3290,4101101,PR,Sul,200,0.68769956,0.645,0.31230044,67.47,1.2999584960937511,-3.3100415039062483,False,completo,True
3291,3155405,MG,Sudeste,89,0.68803316,0.651685393258427,0.31196684,45.41,23.39331420898438,10.403314208984376,False,completo,True
3292,2612307,PE,Nordeste,164,0.6880742,0.7865853658536586,0.31192583,61.72,7.087418823242189,0.2274188232421892,False,completo,True
3293,4212700,SC,Sul,76,0.6880814,0.6710526315789473,0.31191862,,,-2.8818640136718727,False,completo,False
3294,4214201,SC,Sul,118,0.68811154,0.6949152542372882,0.31188846,69.21,-0.39884277343749375,-4.338842773437506,True,completo,True
3295,2207108,PI,Nordeste,21,0.6881487,0.8571428571428571,0.31185132,65.38,3.434865112304692,-1.9951348876953148,False,completo,True
3296,3527009,SP,Sudeste,77,0.6882869,0.6103896103896104,0.3117131,77.54,-8.711310424804694,-9.551310424804683,True,parcial,True
3297,1100304,RO,Norte,1319,0.688382,0.7194844579226687,0.31161797,67.96,0.8782034301757875,-3.541796569824214,False,completo,True
3298,3142106,MG,Sudeste,63,0.688599,0.7619047619047619,0.311401,52.6,16.259901428222655,5.879901428222659,False,completo,False
3299,4100608,PR,Sul,156,0.6886406,0.7051282051282052,0.3113594,67.45,1.4140594482421847,-3.2059405517578057,False,completo,True
3300,3304201,RJ,Sudeste,983,0.68864465,0.7273652085452695,0.31135535,70.45,-1.585536193847659,-5.045536193847653,True,completo,True
3301,5106240,MT,Centro-Oeste,213,0.68886685,0.5821596244131455,0.31113315,74.28,-5.393311767578126,-7.413311767578122,True,completo,False
3302,5107263,MT,Centro-Oeste,33,0.6891306,0.8181818181818182,0.3108694,56.69,12.223063049316409,3.403063049316401,False,completo,False
3303,3151206,MG,Sudeste,588,0.68952936,0.70578231292517,0.31047064,54.52,14.432934265136716,4.782934265136717,False,completo,False
3304,3101904,MG,Sudeste,155,0.68967086,0.7870967741935484,0.31032914,48.26,20.70708679199219,8.717086791992188,False,completo,True
3305,5213806,GO,Centro-Oeste,461,0.68972266,0.6594360086767896,0.31027734,65.2,3.7722671508789034,-1.7277328491210966,False,completo,True
3306,3515350,SP,Sudeste,63,0.6903364,0.6984126984126984,0.3096636,76.58,-7.546361999511717,-8.726361999511724,True,parcial,True
3307,1100015,RO,Norte,275,0.69037145,0.68,0.30962855,67.08,1.957147521972658,-2.802852478027347,False,completo,True
3308,5214804,GO,Centro-Oeste,19,0.69040334,0.8421052631578947,0.30959666,20.79,48.25033660888672,29.620336608886717,False,completo,True
3309,3556404,SP,Sudeste,370,0.6904938,0.6189189189189189,0.30950618,71.16,-2.1106149291992153,-5.300614929199213,True,parcial,True
3310,4105003,PR,Sul,117,0.690506,0.5641025641025641,0.30949402,68.32,0.7305981445312568,-3.5494018554687443,False,completo,False
3311,3118601,MG,Sudeste,4601,0.6905917,0.7061508367746142,0.3094083,58.08,10.979165954589845,2.6991659545898443,False,completo,True
3312,2103752,MA,Nordeste,153,0.69074243,0.6993464052287581,0.30925757,68.9,0.17424163818358807,-3.8857583618164,False,completo,True
3313,3500204,SP,Sudeste,44,0.6907589,0.8636363636363636,0.30924112,66.25,2.8258895874023438,-2.2641104125976597,False,parcial,False
3314,3501806,SP,Sudeste,37,0.6907699,0.7837837837837838,0.3092301,63.29,5.786988220214845,-0.4530117797851574,False,parcial,True
3315,2611101,PE,Nordeste,4624,0.690858,0.7030709342560554,0.309142,68.42,0.6658001708984358,-3.574199829101559,False,completo,True
3316,3528700,SP,Sudeste,29,0.6908701,0.4827586206896552,0.3091299,72.78,-3.692986755371095,-6.272986755371093,True,parcial,True
3317,2208874,PI,Nordeste,31,0.6908929,0.5483870967741935,0.30910712,61.44,7.649286804199221,0.6792868041992222,False,completo,True
3318,1101708,RO,Norte,146,0.6909063,0.6095890410958904,0.3090937,72.36,-3.2693704223632807,-5.999370422363285,True,completo,True
3319,4213609,SC,Sul,249,0.6909646,0.6746987951807228,0.30903542,72.02,-2.9235415649414023,-5.783541564941402,True,completo,True
3320,1720150,TO,Norte,21,0.69098705,0.6190476190476191,0.30901295,80.0,-10.901298522949219,-10.901298522949219,True,completo,True
3321,4217204,SC,Sul,438,0.6909948,0.6963470319634704,0.3090052,70.46,-1.360520324707025,-4.820520324707033,True,completo,True
3322,3505203,SP,Sudeste,259,0.6910302,0.7297297297297297,0.3089698,67.3,1.8030197143554716,-2.8769802856445352,False,parcial,True
3323,3141108,MG,Sudeste,382,0.6910544,0.6308900523560209,0.3089456,52.79,16.315438232421876,6.005438232421874,False,completo,True
3324,3540606,SP,Sudeste,519,0.69118017,0.7013487475915221,0.30881983,74.61,-5.491980895996093,-7.391980895996099,True,parcial,True
3325,3302205,RJ,Sudeste,679,0.6915123,0.6553755522827688,0.3084877,70.46,-1.3087701416015562,-4.758770141601559,True,completo,True
3326,5106182,MT,Centro-Oeste,121,0.6916431,0.6776859504132231,0.30835688,59.29,9.874314270019532,2.064314270019537,False,completo,True
3327,2607703,PE,Nordeste,120,0.6919336,0.8916666666666667,0.30806643,67.68,1.5133593749999932,-3.0166406249999937,False,completo,True
3328,3501707,SP,Sudeste,359,0.69203466,0.7075208913649025,0.30796534,68.63,0.5734683227539108,-3.5865316772461,False,parcial,True
3329,4126504,PR,Sul,133,0.69206494,0.6090225563909775,0.30793506,68.91,0.2964971923828159,-3.7535028076171812,False,completo,True
3330,3127107,MG,Sudeste,525,0.6922743,0.7390476190476191,0.30772573,58.24,10.98742462158203,2.7674246215820375,False,completo,True
3331,3122454,MG,Sudeste,78,0.69235355,0.717948717948718,0.30764645,48.44,20.795351562500002,8.8753515625,False,completo,True
3332,5205521,GO,Centro-Oeste,56,0.69247,0.5892857142857143,0.30753,65.56,3.6870016479492165,-1.672998352050783,False,completo,True
3333,3143450,MG,Sudeste,65,0.6926187,0.8923076923076924,0.30738127,58.49,10.771871337890623,2.6518713378906256,False,completo,True
3334,4206801,SC,Sul,35,0.6927643,0.5428571428571428,0.30723572,76.34,-7.063571777343753,-8.33357177734375,True,completo,True
3335,4204004,SC,Sul,142,0.692818,0.7394366197183099,0.307182,70.18,-0.8982006835937568,-4.458200683593745,True,completo,True
3336,4105607,PR,Sul,155,0.6931177,0.632258064516129,0.30688232,67.22,2.091767578125001,-2.618232421875007,False,completo,True
3337,5107768,MT,Centro-Oeste,85,0.6931371,0.6352941176470588,0.3068629,67.26,2.0537130737304636,-2.636286926269534,False,completo,True
3338,2503506,PB,Nordeste,137,0.69314426,0.6277372262773723,0.30685574,79.56,-10.245577392578127,-10.395577392578119,True,completo,True
3339,2202711,PI,Nordeste,60,0.69326013,0.6,0.30673987,69.55,-0.2239883422851534,-4.033988342285156,True,completo,True
3340,3142007,MG,Sudeste,120,0.69330865,0.5416666666666666,0.30669135,62.46,6.870863952636718,0.3008639526367176,False,completo,True
3341,3514601,SP,Sudeste,87,0.6933484,0.6436781609195402,0.3066516,77.25,-7.9151611328125,-8.865161132812503,True,parcial,False
3342,3502804,SP,Sudeste,1479,0.6935569,0.7417173766058147,0.3064431,68.1,1.255690002441412,-3.1043099975585875,False,parcial,True
3343,3112653,MG,Sudeste,43,0.6937922,0.7674418604651163,0.30620778,46.67,22.70921905517578,10.159219055175782,False,completo,True
3344,4114401,PR,Sul,166,0.69382554,0.6686746987951807,0.30617446,73.44,-4.05744689941406,-6.3874468994140585,True,completo,True
3345,4217808,SC,Sul,176,0.6938839,0.7159090909090909,0.3061161,,,-4.4416104125976545,False,completo,False
3346,3542701,SP,Sudeste,105,0.69399947,0.5523809523809524,0.30600053,71.82,-2.4200518798828057,-5.360051879882818,True,parcial,True
3347,4102703,PR,Sul,33,0.69401056,0.7272727272727273,0.30598944,65.76,3.6410543823242136,-1.6389456176757875,False,completo,True
3348,5221080,GO,Centro-Oeste,61,0.6941459,0.6229508196721312,0.30585408,60.67,8.744588928222655,1.4745889282226585,False,completo,False
3349,3104809,MG,Sudeste,49,0.69414747,0.4897959183673469,0.30585253,53.39,16.024749145507812,5.934749145507816,False,completo,True
3350,4206900,SC,Sul,203,0.6941791,0.7241379310344828,0.30582088,69.5,-0.08208465576171875,-3.912084655761717,True,completo,True
3351,3146909,MG,Sudeste,134,0.6941902,0.8955223880597015,0.3058098,52.46,16.95902160644531,6.519021606445314,False,completo,True
3352,3527405,SP,Sudeste,152,0.6942983,0.6842105263157895,0.30570167,67.06,2.3698324584960915,-2.4001675415039045,False,parcial,True
3353,3531308,SP,Sudeste,304,0.6944364,0.5888157894736842,0.30556363,69.16,0.2836340332031284,-3.6763659667968795,False,parcial,True
3354,3510708,SP,Sudeste,97,0.6945037,0.5979381443298969,0.30549628,70.71,-1.259629211425775,-4.619629211425774,True,parcial,True
3355,2205359,PI,Nordeste,31,0.6945353,0.967741935483871,0.30546468,55.82,13.633529357910156,4.473529357910152,False,completo,True
3356,3506409,SP,Sudeste,68,0.69463086,0.75,0.30536914,63.3,6.163088989257815,-0.07691101074219375,False,parcial,True
3357,3554300,SP,Sudeste,223,0.6949988,0.7219730941704036,0.3050012,68.95,0.5498779296874972,-3.490122070312495,False,parcial,True
3358,4108320,PR,Sul,100,0.69503707,0.8,0.30496293,70.52,-1.0162921142578085,-4.446292114257815,True,completo,False
3359,4218608,SC,Sul,87,0.6951055,0.632183908045977,0.3048945,70.04,-0.5294485473632875,-4.149448547363278,True,completo,True
3360,3304524,RJ,Sudeste,1585,0.6951556,0.6889589905362776,0.30484438,68.13,1.3855639648437545,-2.964436035156254,False,completo,True
3361,3518602,SP,Sudeste,380,0.69518226,0.7868421052631579,0.30481774,71.35,-1.831773376464838,-4.951773376464843,True,parcial,False
3362,4213807,SC,Sul,110,0.69521254,0.7181818181818181,0.30478746,67.96,1.5612554931640688,-2.858744506835933,False,completo,True
3363,3554201,SP,Sudeste,64,0.6956274,0.59375,0.3043726,74.41,-4.847263488769528,-6.817263488769527,True,parcial,True
3364,3171808,MG,Sudeste,124,0.69571275,0.6612903225806451,0.30428725,49.9,19.67127380371094,8.281273803710938,False,completo,True
3365,4117701,PR,Sul,390,0.69577855,0.6641025641025641,0.30422145,72.95,-3.3721420288085966,-5.892142028808593,True,completo,True
3366,5004502,MS,Centro-Oeste,243,0.6958406,0.5473251028806584,0.3041594,70.79,-1.2059393310546938,-4.535939331054692,True,completo,True
3367,3500105,SP,Sudeste,200,0.69585574,0.66,0.30414426,69.44,0.14557128906250227,-3.7044287109375063,False,parcial,True
3368,3158508,MG,Sudeste,37,0.69615835,0.6486486486486487,0.30384165,50.29,19.32583709716797,8.085837097167968,False,completo,True
3369,3171006,MG,Sudeste,174,0.6962596,0.6551724137931034,0.30374038,49.64,19.985961303710937,8.495961303710935,False,completo,True
3370,2602308,PE,Nordeste,347,0.696349,0.7953890489913544,0.30365098,60.58,9.054902954101564,1.754902954101567,False,completo,True
3371,4109401,PR,Sul,2301,0.6963982,0.6705780095610604,0.3036018,75.27,-5.6301837158203085,-7.280183715820314,True,completo,True
3372,2101707,MA,Nordeste,762,0.69650066,0.7860892388451444,0.30349934,55.23,14.42006256103516,5.040062561035157,False,completo,True
3373,2513000,PB,Nordeste,38,0.6965394,0.8421052631578947,0.3034606,73.86,-4.206061706542968,-6.386061706542975,True,completo,False
3374,4200309,SC,Sul,53,0.6965823,0.7169811320754716,0.30341768,,,,False,completo,True
3375,3112505,MG,Sudeste,110,0.696731,0.7818181818181819,0.30326903,,,-8.956904296874995,False,ausente,False
3376,4205506,SC,Sul,452,0.6969041,0.7743362831858407,0.30309588,68.73,0.9604144287109335,-3.159585571289057,False,completo,True
3377,3540903,SP,Sudeste,191,0.69694346,0.6282722513089005,0.30305654,75.13,-5.435656433105464,-7.135656433105467,True,parcial,True
3378,1100320,RO,Norte,302,0.69701654,0.6920529801324503,0.30298346,69.73,-0.02834747314453523,-3.758347473144525,True,completo,False
3379,3302106,RJ,Sudeste,188,0.6970202,0.6914893617021277,0.30297983,67.71,1.992018737792975,-2.5279812622070352,False,completo,True
3380,3128006,MG,Sudeste,306,0.6973227,0.7320261437908496,0.30267727,61.34,8.392269287109372,1.3822692871093807,False,completo,True
3381,5200050,GO,Centro-Oeste,319,0.69737047,0.64576802507837,0.30262953,63.18,6.557045288085938,0.26704528808593864,False,completo,False
3382,3162252,MG,Sudeste,51,0.6975059,0.7843137254901961,0.3024941,54.91,14.84058746337891,5.3305874633789045,False,completo,False
3383,3129202,MG,Sudeste,67,0.69751835,0.7014925373134329,0.30248165,53.53,16.2218310546875,6.191831054687498,False,completo,True
3384,4122602,PR,Sul,97,0.69753367,0.422680412371134,0.30246633,70.28,-0.5266354370117199,-4.056635437011721,True,completo,False
3385,4117800,PR,Sul,131,0.6976572,0.6946564885496184,0.30234277,75.15,-5.384275817871099,-7.084275817871088,True,completo,True
3386,2206902,PI,Nordeste,56,0.6976896,0.8928571428571429,0.3023104,70.76,-0.9910409545898489,-4.331040954589838,True,completo,True
3387,4210001,SC,Sul,186,0.69793457,0.6290322580645161,0.30206543,80.0,-10.20654296875,-10.20654296875,True,completo,True
3388,3132305,MG,Sudeste,125,0.6979873,0.608,0.30201268,61.22,8.578728942871095,1.5287289428710977,False,completo,True
3389,1300201,AM,Norte,164,0.6979973,0.8414634146341463,0.30200273,58.48,11.31972839355469,3.199728393554693,False,completo,True
3390,3525904,SP,Sudeste,3499,0.698043,0.705058588168048,0.301957,70.94,-1.1357015991210915,-4.415701599121093,True,parcial,True
3391,5208707,GO,Centro-Oeste,8840,0.69811493,0.6970588235294117,0.30188507,68.74,1.0714929199218801,-3.0485070800781244,False,completo,True
3392,3141405,MG,Sudeste,194,0.6981415,0.6443298969072165,0.30185848,71.82,-2.005852050781243,-4.945852050781255,True,completo,True
3393,3128709,MG,Sudeste,454,0.69815445,0.6718061674008811,0.30184555,57.85,11.965444946289061,3.5954449462890636,False,completo,True
3394,3554706,SP,Sudeste,89,0.6984029,0.6629213483146067,0.30159712,,,,False,ausente,True
3395,1300102,AM,Norte,277,0.69860435,0.7545126353790613,0.30139565,76.6,-6.739564514160151,-7.909564514160152,True,completo,False
3396,3500758,SP,Sudeste,62,0.69870704,0.6290322580645161,0.30129296,72.91,-3.0392953491210903,-5.5692953491210915,True,parcial,True
3397,3500808,SP,Sudeste,36,0.6987647,0.75,0.30123532,,,,False,ausente,True
3398,4126678,PR,Sul,128,0.69887155,0.671875,0.30112845,74.8,-4.912846374511716,-6.742846374511714,True,completo,False
3399,3147402,MG,Sudeste,225,0.6988721,0.7244444444444444,0.3011279,53.95,15.937207031249997,6.06720703125,False,completo,True
3400,5206503,GO,Centro-Oeste,44,0.6988722,0.7272727272727273,0.3011278,59.88,10.00722229003906,2.4272222900390688,False,completo,True
3401,3503604,SP,Sudeste,131,0.69890726,0.7480916030534351,0.30109274,73.52,-3.6292758178710898,-5.929275817871087,True,parcial,True
3402,3506300,SP,Sudeste,92,0.698945,0.4782608695652174,0.301055,70.21,-0.31549926757811875,-3.86549926757813,True,parcial,True
3403,2501351,PB,Nordeste,66,0.6991219,0.9393939393939394,0.3008781,53.55,16.362185668945315,6.342185668945312,False,completo,True
3404,3100906,MG,Sudeste,189,0.6991354,0.6243386243386243,0.30086458,,,-3.2464562988281216,False,completo,True
3405,3137304,MG,Sudeste,30,0.6991412,0.7,0.3008588,47.19,22.724123535156252,10.354123535156248,False,completo,True
3406,4127403,PR,Sul,185,0.69917554,0.7621621621621621,0.30082446,70.39,-0.47244323730468807,-3.952443237304692,True,completo,True
3407,5105606,MT,Centro-Oeste,295,0.6992778,0.5254237288135594,0.30072218,67.95,1.9777801513671847,-2.442219848632817,False,completo,True
3408,3125101,MG,Sudeste,725,0.6995696,0.6924137931034483,0.30043042,61.38,8.576954956054685,1.576954956054692,False,completo,True
3409,4206306,SC,Sul,285,0.69967943,0.7298245614035088,0.30032057,71.73,-1.7620587158203165,-4.732058715820315,True,completo,True
3410,3162104,MG,Sudeste,528,0.69978213,0.7537878787878788,0.30021787,57.5,12.47821044921875,3.968210449218745,False,completo,True
3411,4213005,SC,Sul,52,0.69990927,0.7884615384615384,0.30009073,62.71,7.280928649902343,0.8109286499023369,False,completo,True
3412,3156700,MG,Sudeste,1108,0.6999501,0.7256317689530686,0.3000499,60.94,9.055010375976565,1.885010375976563,False,completo,True
3413,3116902,MG,Sudeste,39,0.69995594,0.7435897435897436,0.30004406,42.41,27.58559020996094,13.575590209960936,False,completo,True
3414,3122355,MG,Sudeste,99,0.6999724,0.6363636363636364,0.3000276,55.72,14.277238159179689,5.077238159179686,False,completo,True
3415,2701407,AL,Nordeste,456,0.7000778,0.6754385964912281,0.29992223,67.86,2.1477743530273443,-2.3122256469726494,False,completo,False
3416,3303005,RJ,Sudeste,231,0.70028615,0.696969696969697,0.29971385,69.57,0.45861785888672557,-3.341382141113286,False,completo,False
3417,4115101,PR,Sul,106,0.7002979,0.5377358490566038,0.2997021,65.33,4.699792785644533,-0.7502072143554699,False,completo,False
3418,4202537,SC,Sul,40,0.70039034,0.55,0.29960966,67.18,2.859031982421868,-1.8609680175781307,False,completo,True
3419,2108058,MA,Nordeste,179,0.70041203,0.6871508379888268,0.29958797,67.34,2.701206359863278,-1.9587936401367188,False,completo,True
3420,2107902,MA,Nordeste,201,0.70046246,0.5870646766169154,0.29953754,77.24,-7.193750610351557,-8.14375061035156,True,completo,True
3421,4200903,SC,Sul,40,0.7005239,0.725,0.2994761,,,-9.947608947753906,False,completo,True
3422,3518107,SP,Sudeste,55,0.70074624,0.4727272727272727,0.29925376,69.04,1.03462310791015,-2.96537689208985,False,parcial,True
3423,4207403,SC,Sul,84,0.7008345,0.7976190476190477,0.2991655,67.27,2.8134503173828165,-1.8765496826171812,False,completo,True
3424,3517703,SP,Sudeste,180,0.7009348,0.7777777777777778,0.29906517,69.43,0.6634829711913994,-3.186517028808595,False,parcial,True
3425,3139607,MG,Sudeste,222,0.7009728,0.7162162162162162,0.2990272,54.88,15.217282409667966,5.697282409667963,False,completo,True
3426,3126208,MG,Sudeste,103,0.7010038,0.8058252427184466,0.2989962,64.21,5.8903799438476625,0.01037994384765284,False,completo,True
3427,4216107,SC,Sul,77,0.7010375,0.7922077922077922,0.29896247,78.68,-8.576247863769538,-9.016247863769536,True,completo,True
3428,3133600,MG,Sudeste,152,0.7010484,0.6842105263157895,0.29895163,56.63,13.474835510253904,4.634835510253907,False,completo,True
3429,2101004,MA,Nordeste,319,0.7011622,0.7241379310344828,0.29883778,69.51,0.6062185668945261,-3.213781433105467,False,completo,True
3430,4109708,PR,Sul,336,0.70123917,0.7142857142857143,0.29876083,73.99,-3.8660833740234324,-5.996083374023442,True,completo,True
3431,3521309,SP,Sudeste,143,0.70134825,0.6433566433566433,0.29865175,77.52,-7.385173339843746,-8.235173339843755,True,parcial,True
3432,4119400,PR,Sul,260,0.7014591,0.7461538461538462,0.2985409,74.08,-3.934087829589842,-6.0240878295898455,True,completo,True
3433,5106257,MT,Centro-Oeste,245,0.7014842,0.4489795918367347,0.2985158,72.93,-2.7815777587890693,-5.301577758789065,True,completo,True
3434,2205250,PI,Nordeste,34,0.7014873,0.7647058823529411,0.2985127,61.92,8.228727416992186,1.4487274169921847,False,completo,True
3435,2615805,PE,Nordeste,194,0.70157665,0.6855670103092784,0.29842335,70.41,-0.25233856201171534,-3.722338562011714,True,completo,True
3436,4117909,PR,Sul,404,0.7016443,0.745049504950495,0.2983557,70.79,-0.6255712890625063,-3.9555712890625045,True,completo,True
3437,4118808,PR,Sul,156,0.7018183,0.7435897435897436,0.2981817,71.16,-0.9781686401367153,-4.168168640136713,True,completo,False
3438,3300233,RJ,Sudeste,634,0.70182836,0.6861198738170347,0.29817164,69.27,0.9128384399414102,-2.9971615600586006,False,completo,True
3439,3171204,MG,Sudeste,1460,0.70185703,0.7061643835616438,0.29814297,58.37,11.815699462890628,3.6456994628906187,False,completo,True
3440,5216403,GO,Centro-Oeste,148,0.70203006,0.6824324324324325,0.29796994,64.83,5.373002929687502,-0.26699707031249886,False,completo,True
3441,5105259,MT,Centro-Oeste,1212,0.70210373,0.7376237623762376,0.29789627,66.59,3.620372924804684,-1.3296270751953188,False,completo,True
3442,4102604,PR,Sul,125,0.70215183,0.744,0.29784817,73.73,-3.5148129272460977,-5.734812927246097,True,completo,True
3443,3304409,RJ,Sudeste,147,0.7022106,0.6530612244897959,0.2977894,67.93,2.291061706542962,-2.1389382934570307,False,completo,True
3444,3130705,MG,Sudeste,69,0.7022897,0.5362318840579711,0.2977103,49.02,21.208973388671872,9.498973388671878,False,completo,True
3445,5200803,GO,Centro-Oeste,92,0.70231634,0.6521739130434783,0.29768366,67.1,3.131636047363287,-1.618363952636713,False,completo,True
3446,3109907,MG,Sudeste,99,0.7023166,0.7272727272727273,0.29768342,59.24,10.991658935546873,3.161658935546882,False,completo,True
3447,2303709,CE,Nordeste,3784,0.702494,0.6847251585623678,0.29750597,69.14,1.109404907226562,-2.850595092773432,False,completo,True
3448,2704609,AL,Nordeste,111,0.70275486,0.7477477477477478,0.29724514,70.6,-0.3245178222656193,-3.724517822265625,True,completo,True
3449,4108601,PR,Sul,262,0.7028181,0.6412213740458015,0.2971819,72.0,-1.7181930541992188,-4.588193054199223,True,completo,False
3450,4211256,SC,Sul,38,0.70283455,0.7368421052631579,0.29716545,72.78,-2.49654510498047,-5.076545104980468,True,completo,True
3451,4211207,SC,Sul,264,0.7028966,0.6931818181818182,0.2971034,69.95,0.33965759277343466,-3.310342407226557,False,completo,False
3452,2200459,PI,Nordeste,60,0.7029007,0.4,0.2970993,70.23,0.06006958007812102,-3.489930419921876,False,completo,False
3453,3504404,SP,Sudeste,118,0.7030556,0.7711864406779662,0.29694438,72.36,-2.0544351196289057,-4.794435119628901,True,parcial,False
3454,5209705,GO,Centro-Oeste,393,0.7032889,0.6564885496183206,0.2967111,70.74,-0.4111120605468699,-3.7611120605468784,True,completo,True
3455,2501302,PB,Nordeste,203,0.7032929,0.4433497536945813,0.2967071,69.89,0.4392922973632807,-3.240707702636712,False,completo,False
3456,5106224,MT,Centro-Oeste,883,0.7034195,0.7474518686296716,0.2965805,66.79,3.5519494628906187,-1.3180505371093716,False,completo,True
3457,3541604,SP,Sudeste,273,0.70343316,0.7326007326007326,0.29656684,69.41,0.9333151245117222,-2.9266848754882773,False,parcial,True
3458,3140001,MG,Sudeste,601,0.7035737,0.6805324459234608,0.2964263,58.12,12.237368469238284,3.977368469238286,False,completo,True
3459,5208509,GO,Centro-Oeste,69,0.70372045,0.7246376811594203,0.29627955,50.36,20.012047424316407,8.792047424316408,False,completo,True
3460,2305266,CE,Nordeste,132,0.7037327,0.6060606060606061,0.29626727,71.84,-1.466724243164066,-4.3967242431640585,True,completo,True
3461,4105706,PR,Sul,199,0.7037827,0.7487437185929648,0.29621732,74.18,-3.801734619140632,-5.86173461914062,True,completo,True
3462,3539202,SP,Sudeste,230,0.7038167,0.6956521739130435,0.2961833,75.83,-5.448331909179686,-6.898331909179689,True,parcial,True
3463,3154150,MG,Sudeste,92,0.70394075,0.8586956521739131,0.29605925,45.77,24.624073486328122,11.754073486328124,False,completo,True
3464,4124020,PR,Sul,225,0.70397604,0.7777777777777778,0.29602396,74.35,-3.9523941040039006,-5.94239410400391,True,completo,False
3465,3143153,MG,Sudeste,23,0.7041783,0.8260869565217391,0.29582173,54.82,15.597823791503906,6.057823791503907,False,completo,True
3466,5212501,GO,Centro-Oeste,2885,0.70438516,0.6641247833622184,0.29561484,66.66,3.7785147094726597,-1.1514852905273472,False,completo,False
3467,4114500,PR,Sul,122,0.70444643,0.7213114754098361,0.29555357,69.69,0.7546411132812523,-2.9953588867187477,False,completo,True
3468,3129509,MG,Sudeste,204,0.7044677,0.7794117647058824,0.2955323,57.07,13.376769714355468,4.706769714355474,False,completo,True
3469,2204154,PI,Nordeste,21,0.7045767,0.9523809523809523,0.29542333,62.8,7.657664489746097,1.2276644897460898,False,completo,False
3470,2610301,PE,Nordeste,138,0.70459723,0.6666666666666666,0.29540277,75.04,-4.580275573730475,-6.32027557373047,True,completo,True
3471,3540507,SP,Sudeste,82,0.7046004,0.6097560975609756,0.2953996,71.51,-1.0499627685546926,-4.109962768554681,True,parcial,False
3472,3510005,SP,Sudeste,268,0.7046833,0.6791044776119403,0.2953167,73.87,-3.4016696166992233,-5.571669616699225,True,parcial,True
3473,4217253,SC,Sul,62,0.70473826,0.6129032258064516,0.29526174,74.91,-4.436176452636715,-6.226176452636722,True,completo,True
3474,3554953,SP,Sudeste,65,0.70488316,0.5538461538461539,0.29511684,68.04,2.44831939697265,-1.9416806030273506,False,parcial,False
3475,3166501,MG,Sudeste,30,0.70505327,0.7333333333333333,0.29494673,,,,False,completo,True
3476,3512506,SP,Sudeste,57,0.7050854,0.7368421052631579,0.2949146,71.12,-0.6114627075195358,-3.8114627075195244,True,parcial,True
3477,4218350,SC,Sul,34,0.705362,0.5294117647058824,0.29463798,70.42,0.11620147705077954,-3.3537985229492193,False,completo,True
3478,2207850,PI,Nordeste,40,0.70539165,0.9,0.29460835,68.54,1.9991616821289,-2.2008383178710886,False,completo,True
3479,2707503,AL,Nordeste,157,0.70544285,0.8089171974522293,0.29455715,69.69,0.8542810058593773,-2.8957189941406227,False,completo,True
3480,3522703,SP,Sudeste,325,0.7054723,0.76,0.2945277,68.83,1.7172259521484392,-2.362774047851559,False,parcial,False
3481,3516853,SP,Sudeste,61,0.7054986,0.7377049180327869,0.29450142,68.99,1.5598580932617239,-2.4601419067382864,False,parcial,True
3482,5107305,MT,Centro-Oeste,228,0.70551455,0.6008771929824561,0.29448545,74.23,-3.678547363281254,-5.718547363281246,True,completo,True
3483,2502300,PB,Nordeste,38,0.70559907,0.4473684210526316,0.29440093,67.77,2.789906005859379,-1.710093994140621,False,completo,True
3484,2602704,PE,Nordeste,124,0.7058224,0.8548387096774194,0.2941776,65.79,4.7922372436523375,-0.4677627563476534,False,completo,True
3485,3136603,MG,Sudeste,70,0.7058912,0.9285714285714286,0.2941088,53.22,17.369118957519532,7.219118957519534,False,completo,True
3486,3537404,SP,Sudeste,205,0.7058935,0.8390243902439024,0.29410648,68.39,2.1993554687499994,-2.0506445312500006,False,parcial,True
3487,3153707,MG,Sudeste,19,0.70590866,0.631578947368421,0.29409134,48.47,22.12086608886719,10.210866088867185,False,completo,True
3488,1100080,RO,Norte,197,0.7059185,0.5989847715736041,0.2940815,80.0,-9.408149719238281,-9.408149719238281,True,completo,True
3489,3531704,SP,Sudeste,51,0.7059384,0.5098039215686274,0.2940616,68.77,1.823841552734379,-2.2861584472656205,False,parcial,False
3490,4109807,PR,Sul,641,0.70595866,0.656786271450858,0.29404134,74.39,-3.7941366577148443,-5.774136657714848,True,completo,False
3491,4301701,RS,Sul,75,0.70598733,0.76,0.29401267,80.0,-9.401268005371094,-9.401268005371094,True,completo,True
3492,5108857,MT,Centro-Oeste,62,0.70611423,0.8064516129032258,0.29388577,49.91,20.70141967773438,9.321419677734376,False,completo,True
3493,4128203,PR,Sul,542,0.7061734,0.7361623616236163,0.29382658,75.71,-5.092659912109369,-6.592659912109369,True,completo,True
3494,3512407,SP,Sudeste,324,0.70622855,0.6975308641975309,0.29377145,75.28,-4.657143859863282,-6.317143859863279,True,parcial,False
3495,4109757,PR,Sul,88,0.70625025,0.7045454545454546,0.29374975,73.95,-3.324977111816409,-5.46497711181641,True,completo,True
3496,5106802,MT,Centro-Oeste,80,0.7062643,0.75,0.29373568,76.25,-5.623565673828125,-6.923565673828122,True,completo,False
3497,3162658,MG,Sudeste,22,0.7062651,0.8636363636363636,0.2937349,75.08,-4.453489379882811,-6.17348937988281,True,completo,True
3498,3510906,SP,Sudeste,32,0.70626897,0.75,0.29373103,69.29,1.336899719238275,-2.5631002807617165,False,parcial,True
3499,5211909,GO,Centro-Oeste,1147,0.70629555,0.7018308631211857,0.29370445,66.63,3.999554748535161,-0.9404452514648369,False,completo,True
3500,2510303,PB,Nordeste,47,0.7063636,0.7659574468085106,0.29363638,62.84,7.796360168457028,1.3763601684570261,False,completo,True
3501,3200805,ES,Sudeste,275,0.7064414,0.7454545454545455,0.2935586,70.62,0.024142150878901703,-3.3758578491210898,False,completo,True
3502,3127701,MG,Sudeste,2139,0.7065051,0.6961196820944366,0.29349488,56.68,13.9705126953125,5.1505126953125,False,completo,True
3503,4127304,PR,Sul,174,0.7065072,0.8160919540229885,0.2934928,70.78,-0.1292813110351574,-3.4592813110351557,True,completo,False
3504,4124707,PR,Sul,88,0.70651656,0.7159090909090909,0.29348344,80.0,-9.348342895507812,-9.348342895507812,True,completo,True
3505,2106359,MA,Nordeste,41,0.70658135,0.3902439024390244,0.29341865,80.0,-9.341865539550781,-9.341865539550781,True,completo,True
3506,3535200,SP,Sudeste,76,0.7065986,0.8421052631578947,0.29340142,69.6,1.059858703613287,-2.7301412963867193,False,parcial,True
3507,4315131,RS,Sul,17,0.7067748,0.9411764705882353,0.29322523,80.0,-9.322525024414062,-9.322525024414062,True,completo,True
3508,3165602,MG,Sudeste,22,0.7069208,0.8181818181818182,0.2930792,48.13,22.562077636718747,10.532077636718753,False,completo,True
3509,5221197,GO,Centro-Oeste,107,0.7071667,0.719626168224299,0.29283333,61.52,9.196667175292966,2.256667175292975,False,completo,True
3510,3130507,MG,Sudeste,143,0.707175,0.6573426573426573,0.29282498,51.49,19.227498779296873,8.427498779296876,False,completo,True
3511,4218103,SC,Sul,65,0.707329,0.8,0.29267102,72.66,-1.927105102539059,-4.547105102539064,True,completo,False
3512,2206605,PI,Nordeste,115,0.7073307,0.5739130434782609,0.2926693,69.24,1.4930703735351614,-2.4269296264648403,False,completo,True
3513,5103452,MT,Centro-Oeste,82,0.70742863,0.8292682926829268,0.29257137,61.8,8.942866516113284,2.112866516113286,False,completo,True
3514,3529302,SP,Sudeste,673,0.7074418,0.7191679049034175,0.2925582,66.95,3.7941787719726534,-1.0158212280273489,False,parcial,True
3515,2509339,PB,Nordeste,36,0.70751345,0.7222222222222222,0.29248655,79.38,-8.628657226562495,-8.838657226562503,True,completo,True
3516,2105450,MA,Nordeste,92,0.70753056,0.6847826086956522,0.29246944,73.93,-3.1769406127929756,-5.326940612792967,True,completo,True
3517,3529609,SP,Sudeste,46,0.70763224,0.6739130434782609,0.29236776,69.33,1.433221740722658,-2.4567782592773426,False,parcial,True
3518,4211454,SC,Sul,45,0.70773035,0.7111111111111111,0.29226965,69.44,1.333033142089846,-2.5169668579101625,False,completo,True
3519,2200608,PI,Nordeste,97,0.7077661,0.9587628865979382,0.29223388,64.55,6.226611328125003,0.47661132812500284,False,completo,True
3520,3134400,MG,Sudeste,357,0.70778024,0.7002801120448179,0.29221976,59.85,10.92802276611328,3.3380227661132835,False,completo,False
3521,3501004,SP,Sudeste,164,0.70778847,0.676829268292683,0.29221153,70.36,0.4188467407226568,-3.071153259277338,False,parcial,True
3522,3553203,SP,Sudeste,61,0.7078132,0.5737704918032787,0.2921868,70.03,0.7513186645507801,-2.8686813354492244,False,parcial,True
3523,3531506,SP,Sudeste,125,0.7078166,0.552,0.2921834,74.01,-3.2283380126953176,-5.348338012695308,True,parcial,True
3524,3550001,SP,Sudeste,88,0.70795393,0.5909090909090909,0.29204607,74.44,-3.6446051025390602,-5.604605102539068,True,parcial,True
3525,3539905,SP,Sudeste,45,0.7079663,0.5777777777777777,0.29203367,,,,False,ausente,True
3526,4104204,PR,Sul,1576,0.7080591,0.6941624365482234,0.29194093,74.37,-3.5640917968750045,-5.554091796874999,True,completo,True
3527,4120101,PR,Sul,57,0.7081706,0.7719298245614035,0.2918294,71.41,-0.5929376220703091,-3.6829376220703125,True,completo,True
3528,4111308,PR,Sul,40,0.70823324,0.4,0.29176676,77.77,-6.946673889160152,-7.706673889160157,True,completo,True
3529,3514304,SP,Sudeste,79,0.7082972,0.7215189873417721,0.2917028,72.84,-2.010280456542972,-4.560280456542969,True,parcial,True
3530,1100155,RO,Norte,362,0.70831853,0.6657458563535912,0.29168147,73.58,-2.748144226074217,-5.028144226074218,True,completo,True
3531,3106200,MG,Sudeste,16012,0.708598,0.7053459905071197,0.29140198,61.33,9.529802246093752,2.5198022460937466,False,completo,True
3532,3110806,MG,Sudeste,26,0.7087214,0.46153846153846156,0.2912786,64.52,6.352138977050785,0.5921389770507801,False,completo,True
3533,3545704,SP,Sudeste,65,0.70889413,0.5846153846153846,0.29110587,67.95,2.9394119262695284,-1.4805880737304733,False,parcial,False
3534,4107900,PR,Sul,167,0.70908076,0.7425149700598802,0.29091924,76.93,-6.021926574707038,-7.081926574707026,True,completo,True
3535,3157278,MG,Sudeste,25,0.70910364,0.68,0.29089636,56.62,14.290362243652346,5.440362243652345,False,completo,True
3536,3170529,MG,Sudeste,95,0.7091103,0.6736842105263158,0.29088968,60.76,10.151033630371096,2.9110336303710938,False,completo,True
3537,4128633,PR,Sul,64,0.7091188,0.703125,0.29088122,76.87,-5.958119506835942,-7.03811950683594,True,completo,True
3538,3533106,SP,Sudeste,18,0.7092685,0.8333333333333334,0.2907315,68.83,2.0968493652343767,-1.9831506347656216,False,parcial,True
3539,1100262,RO,Norte,62,0.70930123,0.6290322580645161,0.29069877,80.0,-9.069877624511719,-9.069877624511719,True,completo,True
3540,3133204,MG,Sudeste,111,0.70937884,0.8558558558558559,0.29062116,47.22,23.717881469726564,11.357881469726564,False,completo,True
3541,3205200,ES,Sudeste,4241,0.7093919,0.6838009903324688,0.2906081,70.0,0.9391860961914062,-2.690813903808589,False,completo,False
3542,5207907,GO,Centro-Oeste,138,0.70945865,0.6666666666666666,0.29054135,68.9,2.0458618164062443,-2.0141381835937437,False,completo,True
3543,3141702,MG,Sudeste,63,0.70948875,0.6349206349206349,0.29051125,57.61,13.338875427246094,4.8688754272460955,False,completo,True
3544,3130655,MG,Sudeste,48,0.7095587,0.8958333333333334,0.29044127,60.09,10.865871582031247,3.3658715820312466,False,completo,False
3545,3156809,MG,Sudeste,122,0.70967454,0.7459016393442623,0.29032546,46.78,24.187453002929686,11.66745300292969,False,completo,True
3546,4210555,SC,Sul,20,0.70999116,0.75,0.29000884,,,-6.3808850097656205,False,completo,True
3547,2512606,PB,Nordeste,22,0.7100947,0.45454545454545453,0.2899053,70.95,0.05946807861327841,-3.2105319213867176,False,completo,False
3548,3520004,SP,Sudeste,209,0.71014595,0.7751196172248804,0.28985405,70.4,0.6145950317382756,-2.865404968261714,False,parcial,True
3549,3504206,SP,Sudeste,100,0.7102316,0.78,0.2897684,70.43,0.5931628417968682,-2.8768371582031307,False,parcial,False
3550,3304151,RJ,Sudeste,262,0.71024054,0.7061068702290076,0.28975946,68.46,2.5640554809570375,-1.6659445190429665,False,completo,True
3551,2607000,PE,Nordeste,266,0.7103385,0.8007518796992481,0.28966153,58.6,12.433843994140624,4.353843994140618,False,completo,True
3552,3531407,SP,Sudeste,154,0.71035063,0.6818181818181818,0.28964937,74.54,-3.5049353027343813,-5.424935302734369,True,parcial,False
3553,1715150,TO,Norte,24,0.7104936,0.7083333333333334,0.28950638,72.98,-1.9306378173828165,-4.4306378173828165,True,completo,True
3554,5108105,MT,Centro-Oeste,21,0.71059936,0.5238095238095238,0.28940064,,,8.209936523437499,False,completo,True
3555,3533601,SP,Sudeste,77,0.71066,0.6493506493506493,0.28934002,71.14,-0.07400573730468807,-3.264005737304686,True,parcial,True
3556,3140704,MG,Sudeste,415,0.710754,0.7566265060240964,0.28924602,60.63,10.445401306152341,3.165401306152347,False,completo,True
3557,4101002,PR,Sul,231,0.7109265,0.7056277056277056,0.28907353,67.87,3.222643737792964,-1.2373562622070295,False,completo,True
3558,4123857,PR,Sul,134,0.7109297,0.7089552238805971,0.2890703,76.81,-5.71702819824219,-6.817028198242184,True,completo,True
3559,3153608,MG,Sudeste,121,0.7110747,0.6363636363636364,0.2889253,57.41,13.697467651367191,5.157467651367185,False,completo,True
3560,4110078,PR,Sul,183,0.7111893,0.6994535519125683,0.28881067,73.19,-2.0710653686523415,-4.491065368652343,True,completo,True
3561,3129707,MG,Sudeste,165,0.7112152,0.7696969696969697,0.2887848,39.73,31.391520996093753,16.531520996093747,False,completo,True
3562,3532603,SP,Sudeste,70,0.71122116,0.7,0.28877884,68.69,2.4321160888671898,-1.7078839111328108,False,parcial,True
3563,3158003,MG,Sudeste,103,0.7113423,0.7766990291262136,0.28865772,58.85,12.28422393798828,4.304223937988283,False,completo,True
3564,4307450,RS,Sul,35,0.7113652,0.8,0.28863478,80.0,-8.863479614257812,-8.863479614257812,True,completo,True
3565,2203206,PI,Nordeste,137,0.7113949,0.8102189781021898,0.2886051,70.09,1.0494882202148403,-2.550511779785154,False,completo,True
3566,2509008,PB,Nordeste,95,0.71151644,0.6105263157894737,0.28848356,80.0,-8.848358154296875,-8.848358154296875,True,completo,False
3567,4210100,SC,Sul,528,0.71154934,0.7424242424242424,0.28845066,74.07,-2.915062255859368,-5.015062255859377,True,completo,True
3568,4216909,SC,Sul,302,0.7115607,0.7152317880794702,0.28843927,72.76,-1.6039254760742239,-4.193925476074213,True,completo,True
3569,2207355,PI,Nordeste,25,0.7117337,0.64,0.2882663,68.29,2.8833703613281187,-1.4066296386718733,False,completo,False
3570,4215802,SC,Sul,793,0.711856,0.798234552332913,0.288144,74.17,-2.984399719238283,-5.044399719238285,True,completo,False
3571,3170057,MG,Sudeste,163,0.7119608,0.6932515337423313,0.2880392,70.32,0.8760754394531318,-2.6339245605468733,False,completo,False
3572,4107546,PR,Sul,78,0.7120821,0.8205128205128205,0.2879179,73.21,-2.0017938232421812,-4.421793823242183,True,completo,True
3573,5214903,GO,Centro-Oeste,21,0.7122764,0.7142857142857143,0.2877236,64.38,6.847638244628911,1.0276382446289034,False,completo,True
3574,3107406,MG,Sudeste,467,0.71232307,0.7473233404710921,0.28767693,48.79,22.442307434082032,10.652307434082033,False,completo,True
3575,4204301,SC,Sul,950,0.712513,0.7178947368421053,0.28748697,76.94,-5.688695373535154,-6.748695373535156,True,completo,True
3576,5103106,MT,Centro-Oeste,86,0.71257776,0.5232558139534884,0.28742224,78.9,-7.642225646972662,-8.012225646972652,True,completo,True
3577,4128708,PR,Sul,115,0.7126205,0.6956521739130435,0.2873795,72.74,-1.4779531860351511,-4.0679531860351545,True,completo,True
3578,3515186,SP,Sudeste,292,0.7126624,0.7602739726027398,0.2873376,67.8,3.466242980957034,-1.0137570190429699,False,parcial,True
3579,4103057,PR,Sul,90,0.71273565,0.5333333333333333,0.28726435,73.58,-2.306432800292967,-4.586432800292968,True,completo,True
3580,3170503,MG,Sudeste,96,0.71277976,0.8125,0.28722024,59.62,11.657976989746096,3.9779769897460966,False,completo,True
3581,3131000,MG,Sudeste,68,0.71287876,0.7794117647058824,0.28712124,52.36,18.927879943847657,8.457879943847658,False,completo,True
3582,3550506,SP,Sudeste,84,0.7129361,0.7142857142857143,0.2870639,70.94,0.3536096191406273,-2.9163903808593687,False,parcial,True
3583,5106653,MT,Centro-Oeste,74,0.7130211,0.5135135135135135,0.2869789,71.32,-0.01789123535155568,-3.1478912353515653,True,completo,True
3584,3165578,MG,Sudeste,116,0.71304697,0.646551724137931,0.28695303,71.75,-0.44530487060546875,-3.4153048706054676,True,completo,True
3585,3533254,SP,Sudeste,78,0.71319264,0.6410256410256411,0.28680736,70.41,0.9092672729492222,-2.570732727050782,False,parcial,True
3586,3204906,ES,Sudeste,1514,0.7132449,0.7060766182298547,0.28675508,69.26,2.06449340820312,-1.8555065917968818,False,completo,True
3587,4108502,PR,Sul,146,0.7132794,0.5616438356164384,0.28672057,79.19,-7.862058105468748,-8.132058105468744,True,completo,True
3588,2207405,PI,Nordeste,36,0.7132895,0.7222222222222222,0.2867105,72.28,-0.9510510253906261,-3.721051025390622,True,completo,True
3589,3543501,SP,Sudeste,83,0.7132902,0.6385542168674698,0.2867098,80.0,-8.670974731445312,-8.670974731445312,True,parcial,True
3590,2107704,MA,Nordeste,261,0.71329826,0.7471264367816092,0.28670174,79.02,-7.690173645019527,-8.020173645019526,True,completo,True
3591,3542404,SP,Sudeste,170,0.7133396,0.6058823529411764,0.28666037,78.07,-6.736038513183587,-7.386038513183593,True,parcial,True
3592,4108908,PR,Sul,84,0.7133632,0.8214285714285714,0.28663683,73.72,-2.3836810302734364,-4.61368103027344,True,completo,True
3593,4108304,PR,Sul,3084,0.7133667,0.7230869001297017,0.2866333,74.1,-2.7633300781249943,-4.843330078125007,True,completo,True
3594,3548104,SP,Sudeste,69,0.7134563,0.7246376811594203,0.28654373,72.81,-1.4643731689453148,-4.024373168945317,True,parcial,True
3595,1101559,RO,Norte,53,0.7135913,0.660377358490566,0.28640872,73.21,-1.8508691406249937,-4.2708691406249955,True,completo,True
3596,3157252,MG,Sudeste,95,0.7136578,0.6947368421052632,0.2863422,,,-2.544223937988278,False,completo,False
3597,3521507,SP,Sudeste,76,0.71387935,0.7631578947368421,0.28612065,71.24,0.14793182373047387,-3.012068176269537,False,parcial,True
3598,3527900,SP,Sudeste,22,0.7138984,0.7727272727272727,0.28610158,72.92,-1.5301608276367205,-4.060160827636722,True,parcial,True
3599,3145802,MG,Sudeste,12,0.71404713,0.8333333333333334,0.28595287,,,,False,completo,True
3600,3117009,MG,Sudeste,47,0.7140541,0.6808510638297872,0.2859459,61.87,9.535410766601565,2.735410766601561,False,completo,True
3601,3202504,ES,Sudeste,116,0.7141537,0.8103448275862069,0.2858463,69.69,1.725367126464846,-2.024632873535154,False,completo,False
3602,3519402,SP,Sudeste,117,0.7141927,0.6239316239316239,0.2858073,72.56,-1.1407342529296898,-3.8007342529296864,True,parcial,False
3603,2608909,PE,Nordeste,377,0.71429926,0.6710875331564987,0.28570074,73.45,-2.020075988769534,-4.340075988769527,True,completo,True
3604,4205431,SC,Sul,30,0.71431464,0.7666666666666667,0.28568536,67.78,3.65146514892578,-0.8385348510742148,False,completo,True
3605,5209200,GO,Centro-Oeste,213,0.71434814,0.704225352112676,0.28565186,66.78,4.654814453124999,-0.2251855468749966,False,completo,True
3606,4211876,SC,Sul,22,0.71440184,0.5454545454545454,0.28559816,72.28,-0.8398144531250011,-3.609814453124997,True,completo,True
3607,4208500,SC,Sul,298,0.7146136,0.7248322147651006,0.28538638,66.76,4.701364746093745,-0.18863525390625568,False,completo,True
3608,1100288,RO,Norte,673,0.71481335,0.7444279346210996,0.28518665,70.6,0.8813385009765682,-2.5286614990234426,False,completo,True
3609,3131703,MG,Sudeste,989,0.71487445,0.6976744186046512,0.28512555,60.96,10.527442016601562,3.367442016601558,False,completo,True
3610,3145208,MG,Sudeste,1397,0.71501595,0.7265569076592698,0.28498405,59.11,12.391594543457032,4.511594543457036,False,completo,True
3611,1100908,RO,Norte,50,0.7152411,0.64,0.28475893,71.71,-0.18589111328124375,-3.1658911132812477,True,completo,True
3612,4214508,SC,Sul,57,0.715252,0.8070175438596491,0.28474802,69.94,1.585199890136721,-2.0748001098632756,False,completo,True
3613,3152501,MG,Sudeste,1194,0.71536094,0.6892797319932998,0.28463906,62.41,9.126094665527347,2.5360946655273438,False,completo,False
3614,4203907,SC,Sul,283,0.71553934,0.6996466431095406,0.28446066,73.49,-1.9360678100585886,-4.246067810058591,True,completo,True
3615,3112109,MG,Sudeste,66,0.71567225,0.6818181818181818,0.28432775,63.44,8.127222595214846,1.9472225952148392,False,completo,False
3616,4104428,PR,Sul,216,0.7156826,0.6481481481481481,0.28431737,74.4,-2.831739807128912,-4.801739807128911,True,completo,True
3617,3135100,MG,Sudeste,742,0.71571016,0.6778975741239892,0.28428984,54.63,16.941014404296872,7.33101440429688,False,completo,True
3618,3503703,SP,Sudeste,61,0.7157811,0.8688524590163934,0.2842189,66.43,5.148109741210931,0.12810974121093466,False,parcial,True
3619,3554409,SP,Sudeste,73,0.71595424,0.7397260273972602,0.28404576,69.28,2.3154208374023426,-1.594579162597654,False,parcial,False
3620,3154507,MG,Sudeste,90,0.71597236,0.7,0.28402764,69.55,2.047236633300784,-1.7627633666992182,False,completo,True
3621,3160702,MG,Sudeste,306,0.716032,0.7254901960784313,0.28396797,59.95,11.653202819824216,4.103202819824219,False,completo,False
3622,4100905,PR,Sul,77,0.7162279,0.7662337662337663,0.2837721,73.16,-1.537212524414059,-3.977212524414057,True,completo,True
3623,5106109,MT,Centro-Oeste,119,0.71623147,0.8067226890756303,0.28376853,70.38,1.2431460571289108,-2.2468539428710983,False,completo,True
3624,2513984,PB,Nordeste,39,0.716257,0.9743589743589743,0.28374302,60.48,11.145694274902347,3.8056942749023506,False,completo,True
3625,5201702,GO,Centro-Oeste,223,0.7163249,0.7219730941704036,0.28367507,66.26,5.372492065429682,0.2924920654296841,False,completo,True
3626,4209805,SC,Sul,24,0.71642655,0.625,0.28357345,75.76,-4.117345581054693,-5.597345581054682,True,completo,True
3627,3138005,MG,Sudeste,50,0.71650255,0.82,0.28349745,46.49,25.160253295898436,12.540253295898438,False,completo,False
3628,3520707,SP,Sudeste,38,0.7165324,0.7894736842105263,0.2834676,69.58,2.073244018554689,-1.716755981445317,False,parcial,True
3629,1100940,RO,Norte,260,0.71661675,0.676923076923077,0.28338325,77.84,-6.178325500488285,-6.9183255004882795,True,completo,True
3630,4104709,PR,Sul,156,0.7166292,0.6666666666666666,0.2833708,74.67,-3.007081909179689,-4.887081909179685,True,completo,True
3631,2607307,PE,Nordeste,363,0.71662927,0.7052341597796143,0.28337073,73.25,-1.5870742797851562,-3.987074279785162,True,completo,True
3632,4128534,PR,Sul,130,0.7167273,0.7692307692307693,0.28327268,75.01,-3.337270507812505,-5.087270507812505,True,completo,True
3633,4219200,SC,Sul,68,0.7167724,0.8382352941176471,0.28322762,74.32,-2.6427615356445244,-4.6527615356445295,True,completo,False
3634,2502151,PB,Nordeste,73,0.7167757,0.4931506849315068,0.28322428,70.41,1.2675741577148472,-2.2024258422851517,False,completo,True
3635,3304706,RJ,Sudeste,331,0.71680534,0.7462235649546828,0.28319466,68.58,3.1005343627929705,-1.0794656372070364,False,completo,True
3636,4208906,SC,Sul,1670,0.7168101,0.725748502994012,0.2831899,73.91,-2.2289926147460903,-4.388992614746087,True,completo,False
3637,4210050,SC,Sul,16,0.71689093,0.5625,0.28310907,80.0,-8.310905456542969,-8.310905456542969,True,completo,True
3638,3529401,SP,Sudeste,3825,0.71689355,0.7333333333333333,0.28310645,51.29,20.399353942871095,9.529353942871097,False,parcial,True
3639,4219176,SC,Sul,76,0.7168979,0.7105263157894737,0.2831021,66.82,4.869788818359382,0.009788818359368179,False,completo,True
3640,4103040,PR,Sul,64,0.7169506,0.59375,0.2830494,75.58,-3.8849392700195295,-5.424939270019536,True,completo,False
3641,2105153,MA,Nordeste,145,0.7170667,0.7793103448275862,0.2829333,62.41,9.296672668457035,2.7066726684570312,False,completo,True
3642,3127339,MG,Sudeste,49,0.7173241,0.6530612244897959,0.28267592,47.75,23.982406616210938,11.812406616210936,False,completo,True
3643,3121308,MG,Sudeste,38,0.717331,0.7105263157894737,0.282669,65.54,6.193100891113275,0.8331008911132756,False,completo,False
3644,3157708,MG,Sudeste,210,0.7175156,0.580952380952381,0.2824844,65.71,6.041556396484381,0.7415563964843699,False,completo,True
3645,4211405,SC,Sul,70,0.71769375,0.7285714285714285,0.28230625,70.89,0.8793710327148432,-2.410628967285163,False,completo,False
3646,3145356,MG,Sudeste,90,0.71772224,0.6666666666666666,0.28227776,50.62,21.152224426269534,10.03222442626953,False,completo,True
3647,2708204,AL,Nordeste,93,0.71780074,0.7096774193548387,0.28219926,69.26,2.5200750732421824,-1.3999249267578193,False,completo,True
3648,4100707,PR,Sul,125,0.7181915,0.648,0.2818085,75.54,-3.7208471679687563,-5.280847167968744,True,completo,True
3649,2611408,PE,Nordeste,83,0.7182022,0.5060240963855421,0.28179783,77.9,-6.079779052734381,-6.789779052734374,True,completo,True
3650,3517901,SP,Sudeste,101,0.71841806,0.7326732673267327,0.28158194,74.77,-2.9281954956054648,-4.768195495605468,True,parcial,True
3651,3537156,SP,Sudeste,31,0.7184493,0.6774193548387096,0.2815507,71.34,0.5049325561523403,-2.61506744384765,False,parcial,True
3652,3536406,SP,Sudeste,112,0.71848905,0.7589285714285714,0.28151095,69.3,2.548907470703128,-1.3510925292968778,False,parcial,True
3653,5214838,GO,Centro-Oeste,143,0.71849,0.7202797202797203,0.28151,66.92,4.928999023437498,0.0989990234375,False,completo,True
3654,3503406,SP,Sudeste,86,0.71853137,0.7906976744186046,0.28146863,73.77,-1.9168658447265585,-4.1268658447265665,True,parcial,True
3655,3120102,MG,Sudeste,50,0.7185572,0.78,0.28144282,53.63,18.22572052001953,8.225720520019529,False,completo,True
3656,2108009,MA,Nordeste,229,0.7186285,0.6419213973799127,0.28137147,75.06,-3.1971459960937523,-4.927145996093756,True,completo,True
3657,4115309,PR,Sul,80,0.71863604,0.675,0.28136396,76.94,-5.076398315429685,-6.1363983154296875,True,completo,True
3658,2603009,PE,Nordeste,311,0.71877,0.6430868167202572,0.28122997,70.14,1.736998901367187,-1.8430010986328114,False,completo,False
3659,3201100,ES,Sudeste,108,0.718842,0.6666666666666666,0.28115797,69.22,2.6642010498046886,-1.2657989501953182,False,completo,True
3660,2613602,PE,Nordeste,298,0.7191286,0.7348993288590604,0.2808714,69.54,2.3728570556640562,-1.4371429443359318,False,completo,True
3661,3148756,MG,Sudeste,63,0.71916765,0.7936507936507936,0.28083235,64.45,7.46676330566406,1.6767633056640676,False,completo,True
3662,5106273,MT,Centro-Oeste,49,0.71941984,0.6938775510204082,0.28058016,65.77,6.171986083984379,0.9019860839843687,False,completo,True
3663,4203105,SC,Sul,64,0.7194738,0.53125,0.28052622,76.16,-4.212619934082028,-5.542619934082026,True,completo,True
3664,5206206,GO,Centro-Oeste,848,0.7195087,0.6922169811320755,0.2804913,69.87,2.0808743286132767,-1.599125671386716,False,completo,True
3665,4115606,PR,Sul,244,0.7195485,0.7090163934426229,0.28045148,74.52,-2.5651507568359335,-4.49515075683594,True,completo,True
3666,3107109,MG,Sudeste,447,0.7195683,0.7494407158836689,0.2804317,58.17,13.786832885742186,5.546832885742191,False,completo,False
3667,3530003,SP,Sudeste,29,0.71960956,0.9310344827586207,0.28039044,64.03,7.930952758789061,1.9709527587890676,False,parcial,True
3668,2513927,PB,Nordeste,35,0.719765,0.6,0.280235,68.26,3.716501464843745,-0.5834985351562523,False,completo,True
3669,4123907,PR,Sul,97,0.71981746,0.8350515463917526,0.28018254,74.63,-2.6482571411132767,-4.538257141113277,True,completo,True
3670,3155108,MG,Sudeste,55,0.7198961,0.7636363636363637,0.28010392,57.42,14.569608764648436,6.029608764648444,False,completo,True
3671,4207759,SC,Sul,33,0.7199354,0.696969696969697,0.28006458,63.74,8.25354553222656,2.1835455322265602,False,completo,True
3672,3170404,MG,Sudeste,764,0.720029,0.675392670157068,0.279971,60.33,11.672899169921877,4.26289916992188,False,completo,False
3673,2206720,PI,Nordeste,128,0.720167,0.5234375,0.27983302,78.0,-5.983299255371094,-6.663299255371101,True,completo,True
3674,1100189,RO,Norte,472,0.7202516,0.8177966101694916,0.27974838,71.37,0.655161743164058,-2.4548382568359415,False,completo,False
3675,4104907,PR,Sul,899,0.7203071,0.746384872080089,0.2796929,75.14,-3.1092916870117193,-4.809291687011722,True,completo,True
3676,3144375,MG,Sudeste,48,0.7204626,0.6458333333333334,0.27953738,54.28,17.7662646484375,8.016264648437499,False,completo,True
3677,4201901,SC,Sul,64,0.7204709,0.765625,0.2795291,65.45,6.597088623046872,1.1970886230468807,False,completo,True
3678,3523800,SP,Sudeste,69,0.72063154,0.6956521739130435,0.27936846,,,,False,ausente,True
3679,5213772,GO,Centro-Oeste,35,0.7206332,0.6571428571428571,0.2793668,62.79,9.273323974609376,2.833323974609371,False,completo,True
3680,4113304,PR,Sul,408,0.72072124,0.6887254901960784,0.27927876,73.37,-1.297871704101567,-3.6578717041015665,True,completo,True
3681,2508703,PB,Nordeste,11,0.72076464,0.6363636363636364,0.27923536,71.59,0.4864617919921841,-2.543538208007817,False,completo,True
3682,5106752,MT,Centro-Oeste,705,0.7209351,0.6695035460992907,0.2790649,69.94,2.1535134887695335,-1.506486511230463,False,completo,False
3683,3103405,MG,Sudeste,277,0.7211177,0.6353790613718412,0.27888232,50.02,22.09177062988281,10.751770629882813,False,completo,True
3684,3110905,MG,Sudeste,157,0.72126573,0.6496815286624203,0.27873427,48.0,24.126571655273438,12.04657165527344,False,completo,False
3685,5200605,GO,Centro-Oeste,128,0.7213009,0.6015625,0.2786991,80.0,-7.869911193847656,-7.869911193847656,True,completo,True
3686,3165503,MG,Sudeste,60,0.72149193,0.85,0.27850807,51.34,20.80919281005859,9.949192810058591,False,completo,True
3687,4100509,PR,Sul,229,0.72154963,0.7860262008733624,0.27845037,71.92,0.23496063232421704,-2.6650393676757744,False,completo,False
3688,3134202,MG,Sudeste,894,0.7216233,0.6387024608501118,0.2783767,65.79,6.3723306274414,1.112330627441409,False,completo,True
3689,3163003,MG,Sudeste,26,0.7216396,0.5384615384615384,0.27836043,73.69,-1.5260443115234352,-3.7660443115234443,True,completo,True
3690,3123106,MG,Sudeste,51,0.7216582,0.7254901960784313,0.27834183,48.52,23.645817260742184,11.755817260742191,False,completo,True
3691,3143401,MG,Sudeste,189,0.7217093,0.7513227513227513,0.2782907,58.25,13.920928955078125,5.700928955078126,False,completo,True
3692,3168408,MG,Sudeste,96,0.72174746,0.7604166666666666,0.27825254,71.59,0.5847436523437466,-2.4452563476562545,False,completo,True
3693,5203302,GO,Centro-Oeste,363,0.7217642,0.6225895316804407,0.2782358,64.32,7.856422119140632,2.0164221191406284,False,completo,False
3694,2108207,MA,Nordeste,267,0.7217676,0.6404494382022472,0.2782324,70.02,2.156757812500004,-1.4632421875000006,False,completo,False
3695,2600104,PE,Nordeste,387,0.7219389,0.7028423772609819,0.2780611,68.77,3.4238934326171915,-0.676106567382817,False,completo,True
3696,3122009,MG,Sudeste,186,0.72200775,0.6827956989247311,0.27799225,54.23,17.970775146484378,8.200775146484375,False,completo,True
3697,3131505,MG,Sudeste,74,0.7220697,0.6351351351351351,0.27793032,57.35,14.856970214843749,6.286970214843748,False,completo,True
3698,3154408,MG,Sudeste,43,0.7221179,0.813953488372093,0.2778821,59.64,12.5717919921875,4.901791992187498,False,completo,True
3699,2203305,PI,Nordeste,101,0.722166,0.7326732673267327,0.277834,71.72,0.49659851074218864,-2.4734014892578102,False,completo,True
3700,3538204,SP,Sudeste,138,0.7224122,0.7898550724637681,0.27758777,78.39,-6.148773803710938,-6.698773803710935,True,parcial,False
3701,2205516,PI,Nordeste,43,0.72242224,0.7209302325581395,0.27757776,70.51,1.7322256469726511,-1.6977743530273415,False,completo,True
3702,3117876,MG,Sudeste,74,0.7225656,0.6891891891891891,0.2774344,57.07,15.186561279296875,6.51656127929688,False,completo,True
3703,4200051,SC,Sul,39,0.7225946,0.7692307692307693,0.27740538,73.3,-1.0405395507812472,-3.4305395507812477,True,completo,True
3704,4205704,SC,Sul,342,0.72274274,0.7543859649122807,0.27725726,72.08,0.1942767333984392,-2.645723266601564,False,completo,False
3705,4121703,PR,Sul,301,0.7227463,0.8106312292358804,0.2772537,73.98,-1.705372314453129,-3.8353723144531244,True,completo,True
3706,4127908,PR,Sul,85,0.7227604,0.6823529411764706,0.27723962,72.81,-0.533960876464846,-3.0939608764648483,True,completo,True
3707,4125704,PR,Sul,334,0.7228305,0.781437125748503,0.27716953,74.57,-2.286949462890618,-4.196949462890629,True,completo,True
3708,3536000,SP,Sudeste,98,0.7228926,0.7346938775510204,0.27710742,76.25,-3.9607391357421875,-5.260739135742185,True,parcial,True
3709,3204302,ES,Sudeste,182,0.72303736,0.6978021978021978,0.27696264,70.22,2.083733825683595,-1.4662661743164023,False,completo,True
3710,4119608,PR,Sul,350,0.7230409,0.7342857142857143,0.27695912,74.08,-1.775915222167967,-3.8659152221679705,True,completo,True
3711,3167400,MG,Sudeste,65,0.7231186,0.8769230769230769,0.2768814,58.35,13.961859130859374,5.781859130859374,False,completo,False
3712,3511300,SP,Sudeste,143,0.7233635,0.5454545454545454,0.27663648,74.02,-1.6836505126953085,-3.803650512695313,True,parcial,True
3713,3535705,SP,Sudeste,46,0.7235416,0.8695652173913043,0.27645838,77.31,-4.955835876464846,-5.885835876464839,True,parcial,True
3714,3154705,MG,Sudeste,40,0.7235767,0.8,0.27642328,48.75,23.60767364501953,11.797673645019529,False,completo,True
3715,3125952,MG,Sudeste,128,0.7239053,0.75,0.27609468,68.38,4.0105334472656295,-0.24946655273437557,False,completo,False
3716,4128401,PR,Sul,65,0.7240193,0.6615384615384615,0.2759807,77.07,-4.668068237304681,-5.678068237304686,True,completo,True
3717,1507755,PA,Norte,84,0.72422683,0.7023809523809523,0.27577317,79.9,-7.477316284179693,-7.507316284179694,True,completo,True
3718,4114807,PR,Sul,495,0.7242851,0.7313131313131314,0.27571487,74.29,-1.8614874267578188,-3.8714874267578097,True,completo,False
3719,4211801,SC,Sul,59,0.72430503,0.8305084745762712,0.27569497,73.74,-1.3094961547851511,-3.52949615478515,True,completo,False
3720,3129608,MG,Sudeste,60,0.72432435,0.7666666666666667,0.27567565,60.78,11.652434082031249,4.422434082031245,False,completo,True
3721,2509404,PB,Nordeste,99,0.724446,0.6060606060606061,0.275554,74.26,-1.8153970336914114,-3.8453970336914125,True,completo,True
3722,4206751,SC,Sul,27,0.7244616,0.9629629629629629,0.27553838,67.95,4.496159362792966,0.0761593627929642,False,completo,True
3723,3556909,SP,Sudeste,87,0.7245088,0.5287356321839081,0.27549118,80.0,-7.5491180419921875,-7.5491180419921875,True,parcial,True
3724,3127008,MG,Sudeste,135,0.7245888,0.762962962962963,0.2754112,57.36,15.098877563476563,6.538877563476561,False,completo,True
3725,3151503,MG,Sudeste,309,0.72459185,0.7378640776699029,0.27540815,61.04,11.419182739257813,4.289182739257811,False,completo,True
3726,3161650,MG,Sudeste,38,0.72463447,0.7631578947368421,0.27536553,72.56,-0.09655242919922102,-2.7565524291992176,True,completo,False
3727,3123809,MG,Sudeste,93,0.7246713,0.7634408602150538,0.2753287,50.36,22.107132568359376,10.887132568359377,False,completo,True
3728,3150158,MG,Sudeste,141,0.72481924,0.7375886524822695,0.27518076,57.33,15.15192596435547,6.571925964355472,False,completo,True
3729,3139409,MG,Sudeste,966,0.72483623,0.7639751552795031,0.27516377,53.58,18.903619689941408,8.893619689941403,False,completo,True
3730,2110237,MA,Nordeste,60,0.72486573,0.5333333333333333,0.27513427,80.0,-7.513427734375,-7.513427734375,True,completo,True
3731,4104659,PR,Sul,314,0.7249356,0.697452229299363,0.2750644,75.84,-3.3464392089843784,-4.796439208984381,True,completo,True
3732,4106456,PR,Sul,78,0.7249508,0.6282051282051282,0.2750492,78.53,-6.034920959472657,-6.534920959472657,True,completo,True
3733,3154101,MG,Sudeste,76,0.72502303,0.6052631578947368,0.27497697,73.4,-0.8976959228515682,-3.2476959228515625,True,completo,True
3734,5000203,MS,Centro-Oeste,371,0.72502923,0.7789757412398922,0.27497077,71.75,0.7529220581054688,-2.21707794189453,False,completo,True
3735,3200607,ES,Sudeste,1243,0.7250836,0.7433628318584071,0.2749164,72.36,0.14836181640625057,-2.5816381835937534,False,completo,True
3736,3516101,SP,Sudeste,35,0.72511816,0.8571428571428571,0.27488184,,,,False,ausente,False
3737,3205010,ES,Sudeste,431,0.72517616,0.7122969837587007,0.27482384,69.28,3.237616271972655,-0.6723837280273415,False,completo,True
3738,3118007,MG,Sudeste,551,0.72528136,0.7422867513611615,0.27471864,60.11,12.41813720703125,4.928137207031256,False,completo,False
3739,4216404,SC,Sul,115,0.72546196,0.782608695652174,0.27453804,,,-5.293804016113285,False,completo,True
3740,1600238,AP,Norte,150,0.7254755,0.7333333333333333,0.2745245,74.45,-1.9024536132812528,-3.8524536132812557,True,completo,True
3741,3547601,SP,Sudeste,199,0.7254978,0.7537688442211056,0.27450222,75.23,-2.6802182006835977,-4.350218200683599,True,parcial,True
3742,3106309,MG,Sudeste,250,0.72586155,0.66,0.27413845,60.9,11.686151123046876,4.506151123046877,False,completo,True
3743,3101508,MG,Sudeste,259,0.7259912,0.5598455598455598,0.2740088,70.71,1.8891210937500063,-1.4708789062499932,False,completo,True
3744,1100031,RO,Norte,75,0.7260253,0.76,0.27397472,70.85,1.7525314331054744,-1.547468566894537,False,completo,False
3745,4101606,PR,Sul,342,0.7261001,0.6812865497076024,0.2738999,76.12,-3.509991760253911,-4.859991760253905,True,completo,True
3746,3143005,MG,Sudeste,141,0.72610533,0.8085106382978723,0.27389467,55.11,17.50053466796875,8.070534667968744,False,completo,True
3747,3117504,MG,Sudeste,206,0.7262582,0.8058252427184466,0.27374178,62.26,10.365823974609377,3.7158239746093784,False,completo,True
3748,3153004,MG,Sudeste,49,0.7262696,0.5306122448979592,0.2737304,80.0,-7.373039245605469,-7.373039245605469,True,completo,True
3749,2105427,MA,Nordeste,252,0.7263204,0.6031746031746031,0.2736796,79.93,-7.297958068847663,-7.317958068847659,True,completo,True
3750,3159001,MG,Sudeste,59,0.7264992,0.8135593220338984,0.2735008,64.05,8.599917602539065,2.6499176025390625,False,completo,False
3751,4127957,PR,Sul,97,0.72650516,0.7938144329896907,0.27349484,72.18,0.4705126953124932,-2.329487304687504,False,completo,True
3752,2210953,PI,Nordeste,43,0.7266436,0.6511627906976745,0.27335638,70.55,2.1143600463867216,-1.3156399536132852,False,completo,True
3753,3125705,MG,Sudeste,108,0.72681755,0.75,0.27318245,56.65,16.03175506591797,7.191755065917974,False,completo,True
3754,3144607,MG,Sudeste,184,0.72683764,0.7771739130434783,0.27316236,58.03,14.653761596679686,6.353761596679689,False,completo,True
3755,3138203,MG,Sudeste,781,0.7269423,0.6965428937259923,0.2730577,60.18,12.514229125976563,5.054229125976562,False,completo,False
3756,3154309,MG,Sudeste,129,0.7271507,0.627906976744186,0.27284932,72.87,-0.1549349975585983,-2.6949349975585903,True,completo,True
3757,4114906,PR,Sul,108,0.72721416,0.8518518518518519,0.27278584,73.34,-0.6185873413085972,-2.9885873413085875,True,completo,True
3758,3542909,SP,Sudeste,101,0.7273128,0.5445544554455446,0.2726872,79.35,-6.618722534179682,-6.838722534179681,True,parcial,False
3759,1101005,RO,Norte,124,0.727313,0.7096774193548387,0.27268702,67.54,5.1913003540039,0.6113003540039017,False,completo,True
3760,3119203,MG,Sudeste,64,0.72732925,0.734375,0.27267075,60.17,12.56292541503906,5.102925415039067,False,completo,False
3761,5100300,MT,Centro-Oeste,153,0.72757363,0.7712418300653595,0.27242637,74.79,-2.03263763427735,-3.8626376342773483,True,completo,True
3762,5108808,MT,Centro-Oeste,74,0.7276116,0.6756756756756757,0.2723884,69.95,2.811161804199216,-0.8388381958007756,False,completo,True
3763,5209150,GO,Centro-Oeste,59,0.72770107,0.8135593220338984,0.27229893,46.07,26.700103454589843,13.93010345458984,False,completo,True
3764,3523701,SP,Sudeste,48,0.7278045,0.8125,0.27219552,74.86,-2.0795510864257807,-3.879551086425778,True,parcial,True
3765,4101705,PR,Sul,173,0.728083,0.7745664739884393,0.271917,76.65,-3.841696166992193,-5.00169616699219,True,completo,True
3766,3300902,RJ,Sudeste,109,0.7281557,0.6422018348623854,0.27184433,70.76,2.0555670166015574,-1.2844329833984318,False,completo,True
3767,2201606,PI,Nordeste,111,0.7282123,0.6846846846846847,0.2717877,77.94,-5.118771972656248,-5.818771972656251,True,completo,True
3768,3544806,SP,Sudeste,69,0.7283138,0.6811594202898551,0.2716862,69.91,2.921382751464847,-0.7486172485351545,False,parcial,False
3769,3150208,MG,Sudeste,36,0.72840625,0.8055555555555556,0.27159375,41.95,30.890621948242185,16.730621948242188,False,completo,True
3770,3162401,MG,Sudeste,177,0.7284125,0.632768361581921,0.2715875,67.96,4.881247558593756,0.46124755859375455,False,completo,True
3771,3153509,MG,Sudeste,80,0.72842115,0.7875,0.27157885,55.63,17.21211730957031,7.982117309570313,False,completo,True
3772,3145455,MG,Sudeste,62,0.7284826,0.9032258064516129,0.2715174,70.12,2.728258972167964,-0.861741027832025,False,completo,True
3773,3502408,SP,Sudeste,40,0.728705,0.575,0.271295,69.09,3.780498657226559,-0.19950134277343068,False,parcial,True
3774,1100502,RO,Norte,102,0.72876585,0.7058823529411765,0.27123415,73.7,-0.8234130859375028,-3.053413085937507,True,completo,True
3775,3167202,MG,Sudeste,1673,0.72876585,0.7172743574417214,0.27123415,57.97,14.906586914062501,6.586586914062494,False,completo,True
3776,4207809,SC,Sul,123,0.7288185,0.6585365853658537,0.27118152,74.83,-1.9481488037109358,-3.768148803710943,True,completo,True
3777,2114007,MA,Nordeste,408,0.7289579,0.7303921568627451,0.2710421,80.0,-7.104209899902344,-7.104209899902344,True,completo,True
3778,3519808,SP,Sudeste,50,0.72901034,0.82,0.27098966,74.38,-1.4789685058593705,-3.4589685058593744,True,parcial,True
3779,3525854,SP,Sudeste,41,0.7290955,0.5121951219512195,0.27090448,76.93,-4.020446472167976,-5.080446472167964,True,parcial,True
3780,3142502,MG,Sudeste,30,0.72910887,0.9333333333333333,0.27089113,,,-7.089111328125,False,ausente,True
3781,3534500,SP,Sudeste,25,0.7291391,0.88,0.2708609,70.12,2.7939099121093705,-0.7960900878906187,False,parcial,True
3782,2515906,PB,Nordeste,55,0.7291872,0.7454545454545455,0.2708128,80.0,-7.0812835693359375,-7.0812835693359375,True,completo,False
3783,3153905,MG,Sudeste,146,0.729191,0.6986301369863014,0.270809,53.57,19.349097900390625,9.329097900390622,False,completo,True
3784,3205309,ES,Sudeste,2698,0.7292831,0.7338769458858414,0.2707169,68.18,4.748306579589837,0.41830657958983863,False,completo,True
3785,3113107,MG,Sudeste,12,0.7293578,0.8333333333333334,0.27064222,71.59,1.345775756835934,-1.684224243164067,False,completo,False
3786,3506508,SP,Sudeste,1037,0.7294895,0.7820636451301832,0.2705105,72.5,0.44895172119140625,-2.2310482788086006,False,parcial,True
3787,2608057,PE,Nordeste,110,0.7295943,0.6818181818181818,0.2704057,76.72,-3.7605731201171864,-4.890573120117182,True,completo,True
3788,2600302,PE,Nordeste,230,0.7296855,0.6391304347826087,0.2703145,73.01,-0.041448364257817616,-2.5314483642578125,True,completo,True
3789,5212204,GO,Centro-Oeste,183,0.72976303,0.7978142076502732,0.27023697,62.46,10.516303100585937,3.9463031005859364,False,completo,True
3790,4125753,PR,Sul,68,0.72992116,0.8088235294117647,0.27007884,75.54,-2.5478811645507875,-4.107881164550776,True,completo,False
3791,2112209,MA,Nordeste,1666,0.7300357,0.7605042016806722,0.26996428,69.77,3.233570556640629,-0.4864294433593699,False,completo,True
3792,4121208,PR,Sul,244,0.73006713,0.7581967213114754,0.26993287,73.05,-0.04328613281249716,-2.523286132812501,True,completo,True
3793,3156205,MG,Sudeste,24,0.73008364,0.5833333333333334,0.26991636,60.44,12.568361816406252,5.208361816406253,False,completo,False
3794,2103257,MA,Nordeste,170,0.7301452,0.8647058823529412,0.26985478,68.64,4.374518737792968,0.2145187377929716,False,completo,True
3795,3111804,MG,Sudeste,97,0.7301884,0.7010309278350515,0.26981157,51.07,21.948844604492187,10.998844604492184,False,completo,True
3796,3153103,MG,Sudeste,25,0.7302625,0.88,0.26973748,60.93,12.096252746582032,4.926252746582037,False,completo,True
3797,4104600,PR,Sul,203,0.73028,0.7832512315270936,0.26972002,74.06,-1.0320001220703148,-3.132000122070309,True,completo,False
3798,1100924,RO,Norte,154,0.73028374,0.7337662337662337,0.26971626,80.0,-6.971626281738281,-6.971626281738281,True,completo,True
3799,4201802,SC,Sul,41,0.73036504,0.7317073170731707,0.26963496,72.52,0.5165066528320352,-2.1634933471679716,False,completo,True
3800,4126207,PR,Sul,89,0.7305102,0.8314606741573034,0.26948982,74.36,-1.3089822387695307,-3.2989822387695256,True,completo,True
3801,3123700,MG,Sudeste,85,0.7306115,0.6352941176470588,0.2693885,61.83,11.23114959716797,4.411149597167963,False,completo,True
3802,3102704,MG,Sudeste,59,0.73064053,0.7796610169491526,0.26935947,63.57,9.494056396484375,3.364056396484372,False,completo,True
3803,3140803,MG,Sudeste,114,0.7306612,0.7807017543859649,0.2693388,62.35,10.716123962402342,4.10612396240235,False,completo,True
3804,2605459,PE,Nordeste,43,0.7310087,0.8604651162790697,0.2689913,,,,False,completo,False
3805,3520442,SP,Sudeste,209,0.7310138,0.8038277511961722,0.26898623,68.72,4.381379394531251,0.2613793945312466,False,parcial,True
3806,1101401,RO,Norte,172,0.73113793,0.7093023255813954,0.26886207,73.41,-0.29620758056640284,-2.6362075805664062,True,completo,True
3807,3539707,SP,Sudeste,39,0.7311509,0.8461538461538461,0.26884907,72.78,0.3350894165039051,-2.244910583496093,False,parcial,True
3808,4107108,PR,Sul,56,0.73130333,0.7857142857142857,0.26869667,74.08,-0.9496670532226545,-3.039667053222658,True,completo,True
3809,3122108,MG,Sudeste,47,0.73136204,0.851063829787234,0.26863796,47.5,25.636207580566406,13.376207580566408,False,completo,True
3810,5107875,MT,Centro-Oeste,398,0.7313789,0.8391959798994975,0.2686211,71.39,1.747893676757812,-1.3521063232421824,False,completo,True
3811,2102002,MA,Nordeste,332,0.73143196,0.6867469879518072,0.26856804,80.0,-6.856803894042969,-6.856803894042969,True,completo,True
3812,4215307,SC,Sul,110,0.7314514,0.6818181818181818,0.2685486,78.29,-5.144858398437506,-5.7248583984375045,True,completo,True
3813,3135357,MG,Sudeste,71,0.73148435,0.7183098591549296,0.26851565,75.72,-2.571562499999999,-4.061562499999994,True,completo,False
3814,5217609,GO,Centro-Oeste,1543,0.73179054,0.7524303305249513,0.26820946,67.87,5.309054260253902,0.849054260253908,False,completo,True
3815,5219902,GO,Centro-Oeste,105,0.7317911,0.7523809523809524,0.26820892,62.43,10.749107666015625,4.16910766601562,False,completo,True
3816,3543105,SP,Sudeste,59,0.73193634,0.7457627118644068,0.26806366,73.16,0.03363403320312841,-2.4063659667968693,False,parcial,True
3817,3529500,SP,Sudeste,65,0.73206264,0.7846153846153846,0.26793736,71.55,1.6562606811523466,-1.3837393188476597,False,parcial,False
3818,4218954,SC,Sul,43,0.73206383,0.3488372093023256,0.26793617,80.0,-6.793617248535156,-6.793617248535156,True,completo,True
3819,2207009,PI,Nordeste,337,0.73210686,0.7270029673590505,0.26789314,68.21,5.000685729980475,0.6806857299804676,False,completo,True
3820,3143906,MG,Sudeste,927,0.73211783,0.7626752966558792,0.26788217,62.06,11.151784362792966,4.431784362792968,False,completo,True
3821,3170305,MG,Sudeste,30,0.73220676,0.5,0.26779324,66.38,6.8406726074218795,1.8106726074218784,False,completo,True
3822,3144300,MG,Sudeste,310,0.73230344,0.6,0.26769656,56.6,16.6303466796875,7.770346679687506,False,completo,False
3823,2703007,AL,Nordeste,79,0.73233503,0.5443037974683544,0.26766497,80.0,-6.7664947509765625,-6.7664947509765625,True,completo,True
3824,3157658,MG,Sudeste,64,0.7323476,0.890625,0.2676524,62.75,10.484764099121094,4.034764099121091,False,completo,True
3825,4108106,PR,Sul,24,0.7326223,0.7916666666666666,0.26737767,65.64,7.622229919433593,2.3022299194336,False,completo,True
3826,2302008,CE,Nordeste,164,0.7327141,0.6402439024390244,0.26728588,69.8,3.4714080810546903,-0.23859191894531762,False,completo,True
3827,3126307,MG,Sudeste,35,0.73277456,0.6285714285714286,0.26722544,,,4.077458190917966,False,completo,True
3828,2910206,BA,Nordeste,42,0.7328592,0.5238095238095238,0.2671408,80.0,-6.714080810546875,-6.714080810546875,True,completo,True
3829,3168903,MG,Sudeste,62,0.732902,0.8225806451612904,0.267098,62.7,10.590199279785153,4.1201992797851545,False,completo,True
3830,3118809,MG,Sudeste,188,0.73291326,0.7925531914893617,0.26708674,67.95,5.341328430175778,0.9213284301757767,False,completo,True
3831,3203320,ES,Sudeste,568,0.7329947,0.6971830985915493,0.26700532,74.32,-1.0205310058593682,-3.0305310058593733,True,completo,True
3832,5106315,MT,Centro-Oeste,36,0.7330882,0.5833333333333334,0.2669118,72.61,0.6988226318359381,-1.9411773681640625,False,completo,True
3833,4214300,SC,Sul,38,0.73310876,0.8157894736842105,0.26689124,73.86,-0.5491250610351557,-2.7291250610351625,True,completo,True
3834,4125902,PR,Sul,16,0.73311305,0.75,0.26688695,73.2,0.11130218505859091,-2.308697814941411,False,completo,False
3835,3503950,SP,Sudeste,22,0.733135,0.9545454545454546,0.26686502,,,,False,ausente,True
3836,4113700,PR,Sul,4774,0.7334034,0.7356514453288647,0.26659662,74.82,-1.479660339355462,-3.2996603393554693,True,completo,True
3837,3526001,SP,Sudeste,191,0.7334557,0.806282722513089,0.26654428,77.4,-4.054426574707037,-4.9444265747070375,True,parcial,True
3838,2608503,PE,Nordeste,165,0.73360974,0.793939393939394,0.26639026,71.87,1.490977172851558,-1.4290228271484438,False,completo,True
3839,2310605,CE,Nordeste,118,0.73364395,0.6440677966101694,0.26635605,78.04,-4.675604858398444,-5.345604858398431,True,completo,True
3840,2209302,PI,Nordeste,34,0.7336912,0.5588235294117647,0.26630878,80.0,-6.6308746337890625,-6.6308746337890625,True,completo,True
3841,3129004,MG,Sudeste,42,0.73373044,0.8333333333333334,0.26626956,50.41,22.963046875000003,11.763046875,False,completo,False
3842,3546900,SP,Sudeste,93,0.7337732,0.7096774193548387,0.26622683,68.96,4.417319335937506,0.3773193359375,False,parcial,False
3843,3138401,MG,Sudeste,400,0.7338418,0.6575,0.26615822,62.21,11.174178161621093,4.504178161621098,False,completo,True
3844,3135704,MG,Sudeste,55,0.7339394,0.6727272727272727,0.2660606,57.0,16.393943786621094,7.693943786621091,False,completo,True
3845,4101507,PR,Sul,1193,0.7339414,0.7141659681475272,0.26605862,76.59,-3.1958654785156284,-4.375865478515621,True,completo,True
3846,3543204,SP,Sudeste,46,0.7342445,0.5869565217391305,0.26575547,75.04,-1.6155462646484438,-3.3555462646484386,True,parcial,False
3847,3508306,SP,Sudeste,49,0.7342626,0.7755102040816326,0.2657374,79.5,-6.073738098144531,-6.233738098144528,True,parcial,False
3848,3169000,MG,Sudeste,152,0.7343192,0.7105263157894737,0.2656808,61.96,11.471922912597655,4.711922912597657,False,completo,True
3849,4218756,SC,Sul,50,0.73472655,0.78,0.26527345,,,-2.4273437500000057,False,completo,True
3850,4112306,PR,Sul,45,0.73482794,0.6444444444444445,0.26517206,76.34,-2.857204284667972,-4.127204284667968,True,completo,True
3851,3205101,ES,Sudeste,1080,0.7348324,0.6907407407407408,0.2651676,71.71,1.77323822021485,-1.206761779785154,False,completo,False
3852,5209457,GO,Centro-Oeste,23,0.734909,0.9565217391304348,0.265091,56.95,16.540898132324216,7.820898132324217,False,completo,True
3853,2613305,PE,Nordeste,233,0.73502755,0.721030042918455,0.26497245,70.35,3.152754211425787,-0.34724578857421307,False,completo,False
3854,4106704,PR,Sul,49,0.7351306,0.7142857142857143,0.2648694,72.78,0.7330615234374989,-1.8469384765624994,False,completo,True
3855,3203403,ES,Sudeste,197,0.73517257,0.6548223350253807,0.26482743,69.97,3.5472576904296886,-0.09274230957031193,False,completo,True
3856,4218509,SC,Sul,138,0.7352473,0.7246376811594203,0.2647527,75.2,-1.6752655029296903,-3.355265502929683,True,completo,True
3857,3137601,MG,Sudeste,534,0.73566854,0.7322097378277154,0.26433146,64.72,8.846856384277345,3.166856384277338,False,completo,True
3858,5106455,MT,Centro-Oeste,61,0.7356776,0.9016393442622951,0.2643224,62.17,11.39775665283203,4.717756652832037,False,completo,True
3859,3163300,MG,Sudeste,42,0.7356938,0.6428571428571429,0.2643062,50.96,22.609381713867187,11.609381713867187,False,completo,False
3860,4219150,SC,Sul,24,0.7357027,0.7083333333333334,0.2642973,80.0,-6.4297332763671875,-6.4297332763671875,True,completo,True
3861,2507101,PB,Nordeste,143,0.73584795,0.8321678321678322,0.26415205,73.05,0.5347930908203153,-1.9352069091796835,False,completo,True
3862,2606903,PE,Nordeste,73,0.73590106,0.8356164383561644,0.26409894,73.75,-0.1598968505859375,-2.3698968505859312,True,completo,False
3863,3203809,ES,Sudeste,140,0.7359253,0.7571428571428571,0.26407468,66.19,7.402529296875002,2.292529296875003,False,completo,True
3864,5210109,GO,Centro-Oeste,266,0.7360164,0.7406015037593985,0.2639836,66.71,6.891638793945319,1.991638793945313,False,completo,True
3865,3540309,SP,Sudeste,23,0.73618466,0.7391304347826086,0.26381534,72.78,0.8384692382812489,-1.7415307617187494,False,parcial,True
3866,5201108,GO,Centro-Oeste,3468,0.73621416,0.734717416378316,0.26378584,73.43,0.19141418457030568,-2.1385858154296926,False,completo,True
3867,4119202,PR,Sul,88,0.7363134,0.7727272727272727,0.2636866,74.89,-1.2586599731445318,-3.058659973144529,True,completo,True
3868,2107001,MA,Nordeste,114,0.7364952,0.5526315789473685,0.2635048,72.68,0.9695208740234307,-1.6404791259765688,False,completo,False
3869,3101607,MG,Sudeste,653,0.7366162,0.7304747320061256,0.2633838,62.52,11.141621093749997,4.591621093750007,False,completo,True
3870,2612802,PE,Nordeste,132,0.73664963,0.7954545454545454,0.26335037,70.19,3.4749627685546898,-0.0850372314453125,False,completo,True
3871,5214507,GO,Centro-Oeste,377,0.73665947,0.7108753315649867,0.26334053,70.0,3.6659469604492188,0.0359469604492233,False,completo,True
3872,3130051,MG,Sudeste,120,0.73674995,0.7583333333333333,0.26325005,58.3,15.374995422363284,7.174995422363281,False,completo,False
3873,2514206,PB,Nordeste,84,0.7368235,0.5952380952380952,0.2631765,80.0,-6.317649841308594,-6.317649841308594,True,completo,False
3874,4122404,PR,Sul,864,0.7371459,0.7199074074074074,0.2628541,74.42,-0.705408020019533,-2.675408020019532,True,completo,True
3875,3123403,MG,Sudeste,21,0.73735857,0.6666666666666666,0.26264143,44.9,28.835855102539064,15.665855102539062,False,completo,False
3876,3157401,MG,Sudeste,29,0.7374168,0.7586206896551724,0.2625832,58.77,14.971683959960934,6.961683959960936,False,completo,True
3877,4202701,SC,Sul,79,0.73750424,0.6455696202531646,0.26249576,71.04,2.7104272460937437,-0.519572753906246,False,completo,True
3878,3536257,SP,Sudeste,32,0.7375817,0.90625,0.26241833,77.23,-3.4718365478515665,-4.421836547851569,True,parcial,False
3879,3172202,MG,Sudeste,25,0.7376853,0.72,0.26231468,53.79,19.978531799316407,10.03853179931641,False,completo,True
3880,3124005,MG,Sudeste,151,0.7378168,0.8543046357615894,0.2621832,58.71,15.07167724609375,7.03167724609375,False,completo,True
3881,3546207,SP,Sudeste,30,0.7379113,0.7333333333333333,0.26208872,68.76,5.031130065917964,0.9211300659179642,False,parcial,True
3882,3553906,SP,Sudeste,78,0.7380486,0.6794871794871795,0.2619514,78.69,-4.885137023925779,-5.325137023925777,True,parcial,True
3883,3519204,SP,Sudeste,50,0.7380761,0.74,0.2619239,,,,False,ausente,True
3884,4120408,PR,Sul,43,0.73808277,0.627906976744186,0.26191723,76.81,-3.0017266845703148,-4.101726684570309,True,completo,True
3885,3156304,MG,Sudeste,122,0.7380946,0.819672131147541,0.26190537,50.42,23.38946350097656,12.199463500976563,False,completo,True
3886,2606101,PE,Nordeste,197,0.73809487,0.6649746192893401,0.26190513,72.07,1.739486389160163,-1.1105136108398455,False,completo,False
3887,2508554,PB,Nordeste,39,0.7381252,0.9487179487179487,0.2618748,80.0,-6.187477111816406,-6.187477111816406,True,completo,True
3888,2312601,CE,Nordeste,111,0.73818165,0.6576576576576577,0.26181835,80.0,-6.181831359863281,-6.181831359863281,True,completo,True
3889,2612703,PE,Nordeste,90,0.73832256,0.7222222222222222,0.26167744,80.0,-6.167747497558594,-6.167747497558594,True,completo,True
3890,4109302,PR,Sul,183,0.73837054,0.7103825136612022,0.26162946,80.0,-6.1629486083984375,-6.1629486083984375,True,completo,False
3891,3137700,MG,Sudeste,209,0.7384835,0.6985645933014354,0.2615165,73.28,0.5683505249023426,-1.821649475097658,False,completo,True
3892,3501509,SP,Sudeste,48,0.73854905,0.9166666666666666,0.26145095,75.18,-1.3250958251953193,-3.015095825195317,True,parcial,True
3893,3541109,SP,Sudeste,23,0.73864764,0.6086956521739131,0.26135236,,,,False,ausente,True
3894,2109056,MA,Nordeste,48,0.73867154,0.3541666666666667,0.26132846,74.78,-0.9128430175781261,-2.7528430175781295,True,completo,True
3895,2510402,PB,Nordeste,64,0.7386979,0.90625,0.2613021,66.76,7.109789123535151,2.2197891235351506,False,completo,True
3896,5205109,GO,Centro-Oeste,951,0.7387184,0.768664563617245,0.2612816,67.35,6.521841430664068,1.8618414306640574,False,completo,True
3897,3531605,SP,Sudeste,32,0.73898053,0.9375,0.26101947,68.66,5.238056030273441,1.0880560302734352,False,parcial,True
3898,4208609,SC,Sul,40,0.7390635,0.775,0.2609365,74.82,-0.9136508178710869,-2.7336508178710943,True,completo,True
3899,4117222,PR,Sul,139,0.739135,0.7266187050359713,0.26086497,78.12,-4.206494445800786,-4.846494445800786,True,completo,True
3900,3131802,MG,Sudeste,102,0.7391631,0.8333333333333334,0.2608369,67.27,6.646313171386723,1.956313171386725,False,completo,False
3901,3127206,MG,Sudeste,54,0.7391749,0.6851851851851852,0.2608251,56.12,17.797488098144534,8.757488098144535,False,completo,True
3902,3118908,MG,Sudeste,44,0.73918575,0.7954545454545454,0.26081425,70.99,2.928571472167974,-0.33142852783203125,False,completo,True
3903,3502606,SP,Sudeste,38,0.73931056,0.868421052631579,0.26068944,69.19,4.741053161621096,0.8010531616210983,False,parcial,True
3904,3170479,MG,Sudeste,35,0.73937637,0.8,0.26062363,58.52,15.41763732910156,7.307637329101567,False,completo,True
3905,3170800,MG,Sudeste,302,0.7395412,0.7086092715231788,0.26045883,64.73,9.224116821289059,3.544116821289066,False,completo,True
3906,3154903,MG,Sudeste,116,0.73964006,0.6293103448275862,0.26035994,63.0,10.964004516601562,4.604004516601563,False,completo,True
3907,3115474,MG,Sudeste,56,0.73971397,0.75,0.26028603,64.35,9.62139739990235,3.791397399902337,False,completo,False
3908,2500205,PB,Nordeste,45,0.7397423,0.6222222222222222,0.26025772,70.54,3.4342279052734312,0.014227905273443753,False,completo,True
3909,3517109,SP,Sudeste,38,0.7397934,0.868421052631579,0.26020658,72.12,1.8593395996093705,-0.9706604003906278,False,parcial,True
3910,3510153,SP,Sudeste,87,0.7397966,0.7931034482758621,0.26020342,,,-5.680339965820309,False,parcial,True
3911,4111001,PR,Sul,55,0.73985106,0.8,0.26014894,79.25,-5.264892578125,-5.514892578125,True,completo,True
3912,5216809,GO,Centro-Oeste,61,0.73992157,0.8524590163934426,0.26007843,62.71,11.282156982421874,4.812156982421868,False,completo,False
3913,3111507,MG,Sudeste,155,0.74016213,0.6709677419354839,0.25983787,61.87,12.146212463378909,5.3462124633789045,False,completo,True
3914,4207908,SC,Sul,129,0.74017453,0.7984496124031008,0.25982547,73.1,0.9174560546875057,-1.5425439453125023,False,completo,True
3915,2600906,PE,Nordeste,151,0.7402039,0.5496688741721855,0.25979608,70.55,3.470393371582034,0.05039337158203239,False,completo,True
3916,2208551,PI,Nordeste,42,0.74037874,0.6428571428571429,0.25962126,74.81,-0.7721276855468773,-2.5921276855468705,True,completo,True
3917,5220702,GO,Centro-Oeste,34,0.7404004,0.7941176470588235,0.25959963,61.35,12.690039062499999,5.690039062500006,False,completo,True
3918,3539608,SP,Sudeste,50,0.74042434,0.84,0.25957566,75.35,-1.3075653076171818,-2.9375653076171915,True,parcial,False
3919,4106407,PR,Sul,388,0.74046344,0.7396907216494846,0.25953656,77.26,-3.2136590576171926,-4.15365905761719,True,completo,True
3920,5203962,GO,Centro-Oeste,42,0.7405742,0.8571428571428571,0.25942582,54.33,19.72741882324219,9.997418823242185,False,completo,True
3921,3166600,MG,Sudeste,10,0.74073815,0.9,0.25926185,,,-5.926185607910156,False,ausente,False
3922,3102506,MG,Sudeste,29,0.74085855,0.7241379310344828,0.25914145,,,,False,completo,True
3923,4106605,PR,Sul,241,0.74088764,0.7344398340248963,0.25911236,74.97,-0.8812396240234364,-2.6512396240234324,True,completo,True
3924,2202455,PI,Nordeste,53,0.7409287,0.7735849056603774,0.2590713,67.7,6.392872619628903,1.8728726196289074,False,completo,True
3925,2207793,PI,Nordeste,27,0.74097717,0.5185185185185185,0.25902283,80.0,-5.90228271484375,-5.90228271484375,True,completo,True
3926,3166808,MG,Sudeste,162,0.7410465,0.7407407407407407,0.2589535,63.21,10.894652404785155,4.614652404785161,False,completo,True
3927,1100148,RO,Norte,240,0.74118733,0.7541666666666667,0.25881267,75.6,-1.4812637329101506,-3.021263732910157,True,completo,False
3928,3108800,MG,Sudeste,31,0.74124,0.6129032258064516,0.25875998,73.45,0.6740005493164034,-1.6459994506835898,False,completo,False
3929,4118501,PR,Sul,921,0.74128747,0.7111834961997828,0.25871253,78.48,-4.35125396728516,-4.871253967285156,True,completo,False
3930,3112604,MG,Sudeste,173,0.7414876,0.7398843930635838,0.25851238,55.94,18.208765563964846,9.098765563964847,False,completo,True
3931,3514502,SP,Sudeste,110,0.7415416,0.7727272727272727,0.25845838,80.0,-5.8458404541015625,-5.8458404541015625,True,parcial,True
3932,3525607,SP,Sudeste,60,0.74155366,0.65,0.25844634,80.0,-5.844635009765625,-5.844635009765625,True,parcial,True
3933,4118907,PR,Sul,135,0.74166304,0.6222222222222222,0.25833696,78.63,-4.463694458007808,-4.933694458007807,True,completo,True
3934,3532058,SP,Sudeste,41,0.7419466,0.7804878048780488,0.25805342,79.94,-5.745343627929685,-5.765343627929681,True,parcial,True
3935,2111607,MA,Nordeste,254,0.7419984,0.8464566929133859,0.25800163,72.44,1.7598367309570335,-0.9401632690429693,False,completo,True
3936,3527256,SP,Sudeste,18,0.7420193,0.7222222222222222,0.2579807,74.94,-0.738072814941404,-2.518072814941405,True,parcial,True
3937,2210607,PI,Nordeste,413,0.74214005,0.7360774818401937,0.25785995,70.08,4.134004516601564,0.5340045166015557,False,completo,True
3938,2612000,PE,Nordeste,79,0.7421528,0.810126582278481,0.2578472,69.69,4.5252786254882835,0.7752786254882835,False,completo,False
3939,4128807,PR,Sul,74,0.74220216,0.5540540540540541,0.25779784,74.79,-0.5697851562500063,-2.3997851562500045,True,completo,True
3940,3160454,MG,Sudeste,59,0.7422375,0.6610169491525424,0.2577625,78.39,-4.166252746582032,-4.716252746582029,True,completo,True
3941,4119905,PR,Sul,3191,0.7422916,0.7599498589783766,0.25770837,76.43,-2.2008358764648506,-3.4308358764648403,True,completo,True
3942,3534807,SP,Sudeste,88,0.7424295,0.7613636363636364,0.2575705,80.0,-5.757049560546875,-5.757049560546875,True,parcial,True
3943,3138906,MG,Sudeste,62,0.74244523,0.6612903225806451,0.25755477,64.98,9.264522094726559,3.6845220947265602,False,completo,True
3944,3203130,ES,Sudeste,125,0.74244756,0.776,0.25755244,73.12,1.1247586059570267,-1.325241394042962,False,completo,True
3945,3162708,MG,Sudeste,213,0.7424649,0.8732394366197183,0.2575351,71.98,2.266490478515621,-0.6135095214843744,False,completo,False
3946,4204707,SC,Sul,123,0.7424654,0.7479674796747967,0.25753462,80.0,-5.7534637451171875,-5.7534637451171875,True,completo,True
3947,4122651,PR,Sul,70,0.7424796,0.7714285714285715,0.25752038,71.09,3.157962951660153,-0.062037048339846024,False,completo,True
3948,3114402,MG,Sudeste,163,0.74252605,0.6871165644171779,0.25747395,65.96,8.292609252929694,3.092609252929691,False,completo,False
3949,4204152,SC,Sul,45,0.7428633,0.7555555555555555,0.2571367,77.74,-3.4536688232421824,-4.2336688232421835,True,completo,True
3950,4124004,PR,Sul,55,0.74293214,0.5454545454545454,0.25706786,78.52,-4.226787109374996,-4.726787109374996,True,completo,True
3951,2516706,PB,Nordeste,123,0.74305713,0.8211382113821138,0.25694287,73.96,0.34570983886719375,-1.7942901611328068,False,completo,True
3952,2614600,PE,Nordeste,298,0.7431225,0.6912751677852349,0.25687748,74.03,0.2822482299804676,-1.8277517700195318,False,completo,True
3953,5211503,GO,Centro-Oeste,1112,0.74319893,0.7446043165467626,0.25680107,71.41,2.9098928833007847,-0.18010711669921875,False,completo,True
3954,4113502,PR,Sul,217,0.74324274,0.7373271889400922,0.25675726,73.6,0.7242721557617244,-1.5457278442382858,False,completo,True
3955,4116901,PR,Sul,230,0.74327815,0.7478260869565218,0.25672185,75.03,-0.7021878051757824,-2.4521878051757824,True,completo,True
3956,5209101,GO,Centro-Oeste,397,0.7434629,0.7758186397984886,0.25653708,70.09,4.256290588378903,0.6562905883789085,False,completo,True
3957,3108909,MG,Sudeste,149,0.74356526,0.7919463087248322,0.25643474,55.66,18.696529235839847,9.476529235839848,False,completo,True
3958,5208806,GO,Centro-Oeste,1021,0.74384266,0.8070519098922625,0.25615734,70.86,3.5242697143554693,0.22426971435547216,False,completo,False
3959,3148400,MG,Sudeste,43,0.7439164,0.9069767441860465,0.2560836,71.9,2.4916397094726506,-0.418360290527346,False,completo,True
3960,3115359,MG,Sudeste,59,0.7439293,0.711864406779661,0.25607067,69.4,4.992929077148432,1.1329290771484324,False,completo,True
3961,3552908,SP,Sudeste,76,0.74399775,0.6710526315789473,0.25600225,79.94,-5.540227355957029,-5.560227355957025,True,parcial,False
3962,4210605,SC,Sul,218,0.74405545,0.7660550458715596,0.25594455,72.41,1.9955480957031284,-0.7144519042968795,False,completo,True
3963,4102406,PR,Sul,302,0.7446556,0.7284768211920529,0.2553444,76.11,-1.644439086914062,-2.9944390869140562,True,completo,True
3964,5209606,GO,Centro-Oeste,31,0.7447786,0.8387096774193549,0.25522143,57.96,16.51785949707031,8.187859497070306,False,completo,True
3965,4217907,SC,Sul,86,0.74479294,0.7674418604651163,0.25520706,,,,False,completo,True
3966,3145307,MG,Sudeste,289,0.7448013,0.7785467128027682,0.25519872,76.27,-1.7898745727539023,-3.0798745727539085,True,completo,True
3967,3100708,MG,Sudeste,20,0.74487853,0.55,0.25512147,80.0,-5.51214599609375,-5.51214599609375,True,completo,True
3968,4110300,PR,Sul,33,0.74492276,0.696969696969697,0.25507724,74.7,-0.20772094726562784,-2.0677209472656273,True,completo,True
3969,3548401,SP,Sudeste,62,0.7449483,0.7741935483870968,0.25505167,74.82,-0.32516510009764943,-2.145165100097657,True,parcial,True
3970,3138625,MG,Sudeste,119,0.74496543,0.5966386554621849,0.25503457,67.61,6.886543884277344,2.336543884277347,False,completo,True
3971,3121605,MG,Sudeste,484,0.7450988,0.7252066115702479,0.25490117,62.93,11.579880065917969,5.189880065917976,False,completo,False
3972,3127354,MG,Sudeste,14,0.74523216,0.7142857142857143,0.25476784,60.93,13.593216247558594,6.423216247558599,False,completo,True
3973,5200175,GO,Centro-Oeste,85,0.74528307,0.8705882352941177,0.25471693,59.82,14.708305053710937,7.098305053710931,False,completo,True
3974,3139508,MG,Sudeste,207,0.74529344,0.6956521739130435,0.25470656,70.43,4.099342651367181,0.6293426513671818,False,completo,True
3975,3111408,MG,Sudeste,97,0.74543494,0.5257731958762887,0.25456506,76.57,-2.026504821777337,-3.216504821777349,True,completo,True
3976,3151800,MG,Sudeste,1117,0.7454352,0.7851387645478961,0.25456482,61.73,12.813518066406253,5.953518066406247,False,completo,True
3977,3555802,SP,Sudeste,73,0.74550986,0.7671232876712328,0.25449014,,,,False,ausente,True
3978,3555703,SP,Sudeste,15,0.74560636,0.8,0.25439364,,,,False,ausente,True
3979,4204400,SC,Sul,102,0.7456714,0.8627450980392157,0.2543286,75.16,-0.5928613281249966,-2.2928613281249994,True,completo,True
3980,5107883,MT,Centro-Oeste,19,0.7457124,0.9473684210526315,0.2542876,67.73,6.8412432861328085,2.3312432861328176,False,completo,True
3981,2205540,PI,Nordeste,34,0.74572724,0.8823529411764706,0.25427276,80.0,-5.427276611328125,-5.427276611328125,True,completo,True
3982,3145406,MG,Sudeste,17,0.7457303,0.8823529411764706,0.25426972,,,-5.426971435546875,False,ausente,True
3983,3514205,SP,Sudeste,26,0.7458526,0.6538461538461539,0.2541474,77.13,-2.5447415161132767,-3.534741516113286,True,parcial,True
3984,5205307,GO,Centro-Oeste,98,0.745977,0.8469387755102041,0.25402302,63.47,11.127702026367189,4.957702026367187,False,completo,True
3985,2615102,PE,Nordeste,50,0.74597967,0.76,0.25402033,70.15,4.447969055175776,0.8779690551757824,False,completo,True
3986,2100402,MA,Nordeste,52,0.74603945,0.7307692307692307,0.25396055,80.0,-5.39605712890625,-5.39605712890625,True,completo,False
3987,4127601,PR,Sul,242,0.7462127,0.6859504132231405,0.25378728,78.94,-4.318730773925779,-4.678730773925778,True,completo,True
3988,4121307,PR,Sul,49,0.74627525,0.8571428571428571,0.25372475,77.46,-2.83247467041015,-3.7024746704101545,True,completo,True
3989,4114609,PR,Sul,659,0.74636686,0.7647951441578149,0.25363314,76.01,-1.3733117675781301,-2.7633117675781307,True,completo,False
3990,3115409,MG,Sudeste,25,0.746443,0.8,0.25355703,,,,False,completo,True
3991,2104552,MA,Nordeste,306,0.7464727,0.6764705882352942,0.25352728,80.0,-5.352729797363281,-5.352729797363281,True,completo,True
3992,3145851,MG,Sudeste,40,0.74656105,0.825,0.25343895,74.81,-0.15389495849609602,-1.9738949584960892,True,completo,True
3993,3510104,SP,Sudeste,26,0.7467305,0.9230769230769231,0.2532695,71.23,3.4430499267578085,0.2730499267578068,False,parcial,True
3994,4115457,PR,Sul,73,0.7469646,0.821917808219178,0.25303543,74.92,-0.2235430908203142,-2.0035430908203153,True,completo,True
3995,3170750,MG,Sudeste,105,0.74698377,0.9333333333333333,0.25301623,61.0,13.698379516601562,6.558379516601562,False,completo,True
3996,5008305,MS,Centro-Oeste,1634,0.7470001,0.8298653610771114,0.2529999,71.48,3.220012207031246,0.15001220703125284,False,completo,False
3997,3143302,MG,Sudeste,3495,0.7471855,0.7525035765379113,0.25281447,64.62,10.098551635742183,4.378551635742184,False,completo,True
3998,4203808,SC,Sul,571,0.7473708,0.7810858143607706,0.25262922,74.87,-0.13292419433594205,-1.9329241943359392,True,completo,True
3999,3102803,MG,Sudeste,89,0.74759346,0.6741573033707865,0.25240654,,,,False,completo,False
4000,2509503,PB,Nordeste,69,0.7476455,0.8260869565217391,0.2523545,68.18,6.584549255371087,2.2545492553710886,False,completo,True
4001,3158706,MG,Sudeste,23,0.74767005,0.8695652173913043,0.25232995,52.65,22.117005920410158,11.757005920410158,False,completo,True
4002,3110103,MG,Sudeste,30,0.74767536,0.7666666666666667,0.25232464,62.1,12.667532348632811,5.95753234863281,False,completo,True
4003,2304400,CE,Nordeste,17722,0.74770087,0.7499153594402438,0.25229913,74.95,-0.1799118041992216,-1.9499118041992176,True,completo,True
4004,3202405,ES,Sudeste,1503,0.7477019,0.7651363938789089,0.25229812,73.1,1.6701873779296932,-0.7898126220703148,False,completo,True
4005,4104105,PR,Sul,99,0.7477802,0.8080808080808081,0.2522198,80.0,-5.221977233886719,-5.221977233886719,True,completo,True
4006,3168804,MG,Sudeste,63,0.74787945,0.6825396825396826,0.25212055,65.18,9.6079409790039,4.0979409790039085,False,completo,True
4007,3158953,MG,Sudeste,328,0.74798965,0.7012195121951219,0.25201035,71.41,3.388965454101566,0.2989654541015625,False,completo,True
4008,3205036,ES,Sudeste,224,0.74816835,0.71875,0.25183165,72.36,2.4568334960937506,-0.2831665039062443,False,completo,False
4009,3114550,MG,Sudeste,109,0.7481934,0.6422018348623854,0.25180662,56.8,18.019335937500003,9.239335937500002,False,completo,False
4010,3128808,MG,Sudeste,81,0.74823844,0.5925925925925926,0.25176156,64.83,9.99384490966797,4.35384490966797,False,completo,True
4011,3152204,MG,Sudeste,334,0.748278,0.7215568862275449,0.25172198,66.24,8.587804565429693,3.497804565429689,False,completo,True
4012,1700350,TO,Norte,65,0.74831086,0.7538461538461538,0.25168914,80.0,-5.168914794921875,-5.168914794921875,True,completo,True
4013,3544707,SP,Sudeste,24,0.7483155,0.9166666666666666,0.2516845,71.82,3.011550598144538,0.07155059814452613,False,parcial,True
4014,3507308,SP,Sudeste,66,0.7483898,0.6666666666666666,0.25161022,72.55,2.2889816284179716,-0.371018371582025,False,parcial,False
4015,4122156,PR,Sul,230,0.7484267,0.7434782608695653,0.25157332,80.0,-5.1573333740234375,-5.1573333740234375,True,completo,True
4016,4201208,SC,Sul,170,0.7484958,0.7352941176470589,0.25150418,75.32,-0.4704211425781182,-2.1104211425781187,True,completo,True
4017,4201653,SC,Sul,26,0.748605,0.7692307692307693,0.251395,76.36,-1.4994958496093744,-2.7594958496093795,True,completo,True
4018,3123601,MG,Sudeste,249,0.7486456,0.6586345381526104,0.2513544,61.57,13.29456298828125,6.374562988281255,False,completo,True
4019,3516606,SP,Sudeste,68,0.7486626,0.6764705882352942,0.2513374,79.07,-4.203743286132806,-4.513743286132808,True,parcial,True
4020,3171105,MG,Sudeste,34,0.74882424,0.7647058823529411,0.25117576,,,-3.217576599121088,False,completo,True
4021,4212908,SC,Sul,245,0.7489971,0.7510204081632653,0.2510029,78.51,-3.6102883911132864,-4.110288391113286,True,completo,True
4022,2602407,PE,Nordeste,78,0.74899846,0.8589743589743589,0.25100154,69.12,5.779848937988277,1.8098489379882778,False,completo,True
4023,4127502,PR,Sul,278,0.74901855,0.7805755395683454,0.25098145,78.09,-3.1881445312500034,-3.838144531249995,True,completo,True
4024,4107801,PR,Sul,54,0.7490232,0.8518518518518519,0.2509768,77.73,-2.8276791381835977,-3.607679138183599,True,completo,False
4025,3556107,SP,Sudeste,134,0.74902844,0.8582089552238806,0.25097156,69.19,5.712847290039065,1.772847290039067,False,parcial,True
4026,3165404,MG,Sudeste,69,0.74906003,0.7536231884057971,0.25093997,57.41,17.496005859375003,8.956005859374997,False,completo,True
4027,3149309,MG,Sudeste,602,0.74908364,0.7591362126245847,0.25091636,62.5,12.408363342285156,5.858363342285159,False,completo,True
4028,4200200,SC,Sul,154,0.7493088,0.7662337662337663,0.25069118,80.0,-5.069114685058594,-5.069114685058594,True,completo,True
4029,1300631,AM,Norte,227,0.74933606,0.7797356828193832,0.25066394,,,,False,completo,True
4030,3161601,MG,Sudeste,30,0.7493847,0.7,0.2506153,70.95,3.988468933105466,0.7184689331054699,False,completo,True
4031,5221601,GO,Centro-Oeste,355,0.7494081,0.780281690140845,0.25059187,71.02,3.9208111572265665,0.6808111572265574,False,completo,True
4032,2106201,MA,Nordeste,113,0.74942285,0.8495575221238938,0.25057715,77.39,-2.447716369628907,-3.3377163696289074,True,completo,True
4033,3100203,MG,Sudeste,185,0.74942917,0.7891891891891892,0.25057083,56.9,18.04291687011719,9.302916870117187,False,completo,True
4034,2613909,PE,Nordeste,815,0.74944186,0.7803680981595092,0.25055814,76.71,-1.7658166503906187,-2.9058166503906193,True,completo,True
4035,3112901,MG,Sudeste,78,0.74947107,0.8333333333333334,0.25052893,62.8,12.147105407714847,5.707105407714849,False,completo,True
4036,4210035,SC,Sul,59,0.74961483,0.7966101694915254,0.25038517,74.01,0.9514868164062449,-1.1685131835937455,False,completo,True
4037,3100609,MG,Sudeste,108,0.7496242,0.7870370370370371,0.2503758,,,,False,completo,False
4038,3138682,MG,Sudeste,65,0.7496783,0.7846153846153846,0.2503217,54.93,20.03783447265625,10.537834472656243,False,completo,True
4039,3556008,SP,Sudeste,114,0.7497712,0.6578947368421053,0.25022882,80.0,-5.022880554199219,-5.022880554199219,True,parcial,True
4040,4109203,PR,Sul,44,0.7498428,0.75,0.25015718,73.88,1.1042834472656295,-1.0657165527343722,False,completo,True
4041,3144805,MG,Sudeste,855,0.7499376,0.7976608187134503,0.2500624,60.62,14.37375915527344,7.083759155273441,False,completo,True
4042,3168309,MG,Sudeste,53,0.7499633,0.9433962264150944,0.25003672,68.34,6.656330261230465,2.3863302612304693,False,completo,False
4043,4103503,PR,Sul,143,0.7499982,0.6923076923076923,0.2500018,80.0,-5.000175476074219,-5.000175476074219,True,completo,True
4044,3140555,MG,Sudeste,97,0.7504656,0.6701030927835051,0.24953443,59.04,16.00655456542969,8.096554565429685,False,completo,True
4045,3136405,MG,Sudeste,41,0.75054467,0.7073170731707317,0.24945533,56.95,18.10446624755859,9.384466247558592,False,completo,True
4046,3155504,MG,Sudeste,193,0.7506711,0.6113989637305699,0.24932891,78.89,-3.8228918457031256,-4.19289184570313,True,completo,True
4047,2610509,PE,Nordeste,201,0.7507241,0.7611940298507462,0.24927592,75.67,-0.597589416503908,-2.107589416503913,True,completo,True
4048,3172103,MG,Sudeste,38,0.75072515,0.7631578947368421,0.24927485,55.59,19.482517395019528,10.242517395019533,False,completo,True
4049,5207535,GO,Centro-Oeste,51,0.7507602,0.7058823529411765,0.2492398,74.61,0.46601928710937557,-1.4339807128906301,False,completo,True
4050,3169901,MG,Sudeste,809,0.7508007,0.7861557478368356,0.24919927,67.05,8.030070495605472,3.2600704956054756,False,completo,True
4051,3163409,MG,Sudeste,50,0.7508275,0.86,0.24917251,,,-4.9172515869140625,False,ausente,True
4052,3110004,MG,Sudeste,345,0.7508359,0.7130434782608696,0.2491641,74.49,0.5935876464843801,-1.3464123535156318,False,completo,False
4053,4120333,PR,Sul,53,0.7508689,0.7547169811320755,0.24913108,77.14,-2.0531088256835943,-3.043108825683589,True,completo,True
4054,3129657,MG,Sudeste,49,0.7510091,0.5510204081632653,0.2489909,66.87,8.23091400146484,3.39091400146485,False,completo,False
4055,5107156,MT,Centro-Oeste,25,0.7510122,0.84,0.2489878,76.82,-1.7187808227538994,-2.818780822753908,True,completo,True
4056,3151107,MG,Sudeste,95,0.7511331,0.6631578947368421,0.24886692,65.52,9.593311767578129,4.223311767578124,False,completo,True
4057,3553658,SP,Sudeste,11,0.7511574,0.2727272727272727,0.2488426,75.76,-0.6442620849609426,-2.1242620849609324,True,parcial,True
4058,3141900,MG,Sudeste,35,0.7511829,0.7714285714285715,0.24881709,56.53,18.58829376220703,9.69829376220703,False,completo,True
4059,3152131,MG,Sudeste,51,0.75122255,0.7647058823529411,0.24877745,64.41,10.712253417968753,4.912253417968756,False,completo,True
4060,3543238,SP,Sudeste,12,0.7512807,0.9166666666666666,0.24871927,72.08,3.0480746459960955,0.20807464599609204,False,parcial,True
4061,3120904,MG,Sudeste,726,0.75130075,0.7327823691460055,0.24869925,67.73,7.400073547363277,2.8900735473632864,False,completo,True
4062,3122900,MG,Sudeste,69,0.75138277,0.9565217391304348,0.24861723,52.47,22.668275146484376,12.238275146484376,False,completo,True
4063,1100098,RO,Norte,392,0.7515407,0.6964285714285714,0.24845928,80.0,-4.845924377441406,-4.845924377441406,True,completo,True
4064,5000807,MS,Centro-Oeste,105,0.75174016,0.8,0.24825984,67.61,7.564018859863282,3.0140188598632847,False,completo,True
4065,3517307,SP,Sudeste,49,0.7519606,0.8367346938775511,0.24803942,80.0,-4.8039398193359375,-4.8039398193359375,True,parcial,True
4066,2703304,AL,Nordeste,226,0.7521341,0.8008849557522124,0.24786592,67.49,7.72340942382813,3.1234094238281216,False,completo,True
4067,3108503,MG,Sudeste,58,0.7521984,0.8275862068965517,0.2478016,,,,False,completo,True
4068,2615300,PE,Nordeste,346,0.75224286,0.7745664739884393,0.24775714,75.02,0.20428894042969148,-1.5457110595703085,False,completo,True
4069,3128907,MG,Sudeste,93,0.75236547,0.8602150537634409,0.24763453,63.8,11.436549377441409,5.396549377441403,False,completo,True
4070,3150802,MG,Sudeste,124,0.7524314,0.7661290322580645,0.2475686,63.43,11.813141174316407,5.623141174316402,False,completo,True
4071,3105400,MG,Sudeste,335,0.75250524,0.6447761194029851,0.24749476,62.28,12.970526428222655,6.3305264282226545,False,completo,True
4072,2202703,PI,Nordeste,318,0.75251085,0.839622641509434,0.24748915,74.22,1.0310833740234386,-1.0089166259765676,False,completo,False
4073,2513505,PB,Nordeste,40,0.7525391,1.0,0.2474609,80.0,-4.74609375,-4.74609375,True,completo,False
4074,4111902,PR,Sul,196,0.7526243,0.6173469387755102,0.24737573,76.81,-1.547571716308596,-2.6475717163085903,True,completo,False
4075,2512077,PB,Nordeste,41,0.752663,0.5853658536585366,0.24733698,,,9.216304016113284,False,completo,False
4076,2303600,CE,Nordeste,64,0.7528105,0.8125,0.24718952,79.35,-4.068948364257807,-4.288948364257806,True,completo,True
4077,5204904,GO,Centro-Oeste,222,0.752835,0.7657657657657657,0.24716502,67.62,7.663500671386714,3.113500671386717,False,completo,True
4078,4212007,SC,Sul,89,0.7529843,0.8089887640449438,0.24701571,80.0,-4.701568603515625,-4.701568603515625,True,completo,True
4079,3160801,MG,Sudeste,60,0.7531305,0.7666666666666667,0.2468695,61.84,13.473049316406247,6.663049316406244,False,completo,True
4080,5201504,GO,Centro-Oeste,61,0.7532412,0.6557377049180327,0.24675882,64.94,10.384119567871096,4.794119567871093,False,completo,False
4081,4100301,PR,Sul,140,0.75338924,0.8714285714285714,0.24661076,76.47,-1.1310794067382801,-2.351079406738279,True,completo,True
4082,3167608,MG,Sudeste,205,0.75355774,0.7317073170731707,0.24644226,67.98,7.375773925781246,2.9657739257812494,False,completo,True
4083,3118403,MG,Sudeste,208,0.75367427,0.5625,0.24632573,69.02,6.347424011230473,2.3374240112304676,False,completo,True
4084,5208400,GO,Centro-Oeste,177,0.7536835,0.6836158192090396,0.2463165,75.26,0.10834716796874488,-1.5516528320312517,False,completo,True
4085,3107901,MG,Sudeste,145,0.75371665,0.6827586206896552,0.24628335,60.44,14.931665954589846,7.571665954589847,False,completo,True
4086,3163102,MG,Sudeste,46,0.7537471,0.8260869565217391,0.2462529,59.26,16.114710083007814,8.294710083007814,False,completo,True
4087,4121109,PR,Sul,45,0.75382894,0.7333333333333333,0.24617106,77.24,-1.8571035766601511,-2.807103576660154,True,completo,True
4088,3107208,MG,Sudeste,53,0.75383675,0.7358490566037735,0.24616325,54.93,20.45367462158203,10.953674621582024,False,completo,True
4089,5221403,GO,Centro-Oeste,1570,0.7539407,0.7719745222929937,0.2460593,68.56,6.834073486328123,2.644073486328125,False,completo,True
4090,3547700,SP,Sudeste,87,0.75397235,0.7931034482758621,0.24602765,79.99,-4.592767944335932,-4.592767944335932,True,parcial,True
4091,5106158,MT,Centro-Oeste,191,0.75408953,0.7853403141361257,0.24591047,74.34,1.068950805664059,-0.9310491943359409,False,completo,True
4092,4114302,PR,Sul,328,0.7541376,0.6402439024390244,0.24586242,79.47,-4.056242675781249,-4.236242675781256,True,completo,False
4093,3131901,MG,Sudeste,679,0.7541415,0.8041237113402062,0.24585849,63.29,12.124154052734376,5.874154052734369,False,completo,True
4094,3305158,RJ,Sudeste,252,0.7542418,0.7658730158730159,0.24575818,72.76,2.6641790771484324,0.07417907714844318,False,completo,True
4095,4102307,PR,Sul,226,0.7543339,0.7566371681415929,0.24566609,76.46,-1.0266122436523375,-2.2566122436523415,True,completo,False
4096,5100607,MT,Centro-Oeste,162,0.75450945,0.6975308641975309,0.24549055,73.52,1.9309429931640665,-0.3690570068359307,False,completo,True
4097,4216008,SC,Sul,128,0.75460774,0.7265625,0.24539226,,,-4.539222717285156,False,completo,True
4098,3165800,MG,Sudeste,10,0.754659,0.7,0.245341,,,,False,completo,True
4099,5213756,GO,Centro-Oeste,150,0.75485075,0.7866666666666666,0.24514925,68.25,7.235076904296875,2.9250769042968727,False,completo,True
4100,3148103,MG,Sudeste,990,0.754856,0.7212121212121212,0.24514401,64.83,10.655595703125002,5.015595703125001,False,completo,True
4101,3150901,MG,Sudeste,38,0.75502837,0.7894736842105263,0.24497163,68.5,7.002838134765625,2.7928381347656313,False,completo,True
4102,3515301,SP,Sudeste,28,0.75524527,0.8928571428571429,0.24475473,74.08,1.4445285034179705,-0.645471496582033,False,parcial,True
4103,3545506,SP,Sudeste,50,0.7552635,0.9,0.2447365,79.23,-3.7036480712890665,-3.9636480712890574,True,parcial,True
4104,3134509,MG,Sudeste,32,0.7553065,0.78125,0.24469352,56.09,19.440647277832028,10.39064727783203,False,completo,True
4105,3109600,MG,Sudeste,25,0.7553135,0.8,0.24468648,56.96,18.571349182128905,9.8513491821289,False,completo,False
4106,3132602,MG,Sudeste,38,0.75539094,0.7368421052631579,0.24460906,53.26,22.279093017578127,12.149093017578124,False,completo,False
4107,4219606,SC,Sul,30,0.75542456,0.8,0.24457544,72.9,2.6424575805664006,0.10245758056640852,False,completo,True
4108,3124906,MG,Sudeste,71,0.7554325,0.7183098591549296,0.24456751,60.4,15.143251037597658,7.763251037597655,False,completo,True
4109,3140159,MG,Sudeste,149,0.7555132,0.738255033557047,0.24448681,71.88,3.671315307617192,0.7513153076171903,False,completo,False
4110,4109906,PR,Sul,105,0.75577354,0.5238095238095238,0.24422646,74.31,1.2673544311523415,-0.7426455688476494,False,completo,True
4111,2511707,PB,Nordeste,38,0.7558568,0.5526315789473685,0.24414319,80.0,-4.4143218994140625,-4.4143218994140625,True,completo,True
4112,5217104,GO,Centro-Oeste,208,0.75604784,0.7211538461538461,0.24395216,69.9,5.704782104492182,2.0347821044921943,False,completo,False
4113,2612455,PE,Nordeste,154,0.75604844,0.6883116883116883,0.24395156,70.98,4.6248431396484335,1.3648431396484426,False,completo,True
4114,3144201,MG,Sudeste,25,0.75620216,0.68,0.24379784,62.21,13.410216369628905,6.740216369628911,False,completo,True
4115,3124807,MG,Sudeste,62,0.75620824,0.7580645161290323,0.24379176,52.24,23.380826721191404,12.860826721191408,False,completo,True
4116,4108957,PR,Sul,89,0.7562235,0.7191011235955056,0.2437765,79.6,-3.977647399902338,-4.107647399902348,True,completo,True
4117,4100459,PR,Sul,47,0.7564034,0.7446808510638298,0.24359661,79.21,-3.5696649169921812,-3.8396649169921915,True,completo,True
4118,3149002,MG,Sudeste,35,0.75644535,0.8,0.24355465,58.09,17.554531249999997,9.274531249999995,False,completo,True
4119,3106002,MG,Sudeste,112,0.75647265,0.7321428571428571,0.24352735,66.46,9.187262573242194,4.187262573242194,False,completo,False
4120,2504405,PB,Nordeste,152,0.7565068,0.9342105263157895,0.2434932,78.15,-2.499319458007818,-3.1293194580078136,True,completo,False
4121,3169703,MG,Sudeste,186,0.75679946,0.8225806451612904,0.24320054,58.26,17.419946899414064,9.209946899414064,False,completo,False
4122,2313757,CE,Nordeste,208,0.75680035,0.8221153846153846,0.24319965,69.88,5.800038452148442,2.1200384521484352,False,completo,False
4123,3123528,MG,Sudeste,71,0.7568425,0.7183098591549296,0.2431575,78.46,-2.7757501220703062,-3.3057501220703074,True,completo,True
4124,3202256,ES,Sudeste,106,0.75692636,0.8207547169811321,0.24307364,66.72,8.972634582519532,4.072634582519527,False,completo,True
4125,3204054,ES,Sudeste,313,0.7569868,0.8178913738019169,0.2430132,70.99,4.708677062988286,1.4486770629882812,False,completo,True
4126,3140100,MG,Sudeste,53,0.7572299,0.5471698113207547,0.24277008,65.87,9.85299194335937,4.622991943359381,False,completo,True
4127,2210706,PI,Nordeste,195,0.75724024,0.8666666666666667,0.24275976,70.36,5.364021911621094,1.8740219116210994,False,completo,True
4128,1100296,RO,Norte,78,0.7572449,0.8333333333333334,0.24275512,76.7,-0.9755126953125028,-2.1155126953125034,True,completo,True
4129,3108107,MG,Sudeste,62,0.7572572,0.8709677419354839,0.24274278,70.99,4.735723266601568,1.4857232666015676,False,completo,True
4130,2100956,MA,Nordeste,133,0.75735646,0.7443609022556391,0.24264354,76.81,-1.0743508911132835,-2.174350891113278,True,completo,True
4131,1101203,RO,Norte,82,0.75740576,0.6951219512195121,0.24259424,73.67,2.0705776977539045,-0.17942230224609546,False,completo,True
4132,2202737,PI,Nordeste,73,0.7574326,0.9452054794520548,0.24256742,78.41,-2.6667443847656216,-3.206744384765628,True,completo,True
4133,4217501,SC,Sul,239,0.7574392,0.6317991631799164,0.2425608,80.0,-4.256080627441406,-4.256080627441406,True,completo,False
4134,2602506,PE,Nordeste,105,0.75748336,0.7904761904761904,0.24251664,72.8,2.9483367919921903,0.37833679199218295,False,completo,True
4135,3169802,MG,Sudeste,70,0.7575057,0.6714285714285714,0.24249429,64.7,11.050572204589841,5.360572204589843,False,completo,True
4136,4117107,PR,Sul,142,0.75756866,0.7394366197183099,0.24243134,78.01,-2.25313354492188,-2.9331335449218727,True,completo,True
4137,3535101,SP,Sudeste,98,0.75764525,0.7755102040816326,0.24235475,80.0,-4.2354736328125,-4.2354736328125,True,parcial,False
4138,3527504,SP,Sudeste,28,0.75771374,0.75,0.24228626,75.65,0.12136993408202557,-1.3886300659179653,False,parcial,False
4139,5213707,GO,Centro-Oeste,96,0.7577164,0.75,0.24228358,68.75,7.021644592285156,2.911644592285157,False,completo,True
4140,3146107,MG,Sudeste,607,0.75772643,0.7462932454695222,0.24227357,59.55,16.222644042968753,8.512644042968745,False,completo,True
4141,3155900,MG,Sudeste,34,0.7578381,0.6176470588235294,0.24216193,72.56,3.2238058471679665,0.5638058471679699,False,completo,True
4142,3130804,MG,Sudeste,24,0.75783986,0.875,0.24216014,56.85,18.933988952636717,10.17398895263672,False,completo,False
4143,2308708,CE,Nordeste,561,0.7578698,0.7611408199643493,0.24213022,73.22,2.56697967529297,0.1569796752929733,False,completo,True
4144,3152170,MG,Sudeste,90,0.75803375,0.6777777777777778,0.24196625,73.78,2.023375244140624,-0.17662475585937898,False,completo,True
4145,2109700,MA,Nordeste,67,0.75814027,0.7761194029850746,0.24185973,80.0,-4.18597412109375,-4.18597412109375,True,completo,True
4146,3100104,MG,Sudeste,52,0.75828564,0.9615384615384616,0.24171436,64.48,11.348567504882809,5.568567504882807,False,completo,True
4147,3102852,MG,Sudeste,87,0.75829023,0.8505747126436781,0.24170977,63.08,12.74902526855469,6.419025268554691,False,completo,False
4148,3527108,SP,Sudeste,631,0.7583554,0.8145800316957211,0.24164462,75.13,0.7055407714843795,-1.0044592285156284,False,parcial,True
4149,3524204,SP,Sudeste,67,0.75849354,0.6716417910447762,0.24150646,80.0,-4.150642395019531,-4.150642395019531,True,parcial,True
4150,3139706,MG,Sudeste,70,0.7586,0.7857142857142857,0.2414,71.64,4.220000610351562,1.2100006103515568,False,completo,True
4151,4118600,PR,Sul,57,0.7587257,0.7543859649122807,0.2412743,77.91,-2.037426147460934,-2.757426147460933,True,completo,True
4152,3156908,MG,Sudeste,323,0.7587333,0.7987616099071208,0.24126673,66.63,9.24332916259766,4.303329162597663,False,completo,True
4153,4117008,PR,Sul,69,0.7587473,0.7971014492753623,0.24125272,80.0,-4.125274658203125,-4.125274658203125,True,completo,False
4154,4121752,PR,Sul,90,0.7588539,0.8222222222222222,0.24114609,78.22,-2.3346087646484364,-2.9346087646484307,True,completo,True
4155,3127800,MG,Sudeste,130,0.7588759,0.8615384615384616,0.2411241,72.9,2.987588500976557,0.4575885009765557,False,completo,True
4156,5215504,GO,Centro-Oeste,68,0.75890887,0.8970588235294118,0.24109113,67.81,8.08088439941406,3.6008843994140562,False,completo,False
4157,4120002,PR,Sul,87,0.7591711,0.8735632183908046,0.24082887,75.21,0.7071142578125063,-0.9728857421875006,False,completo,True
4158,3551207,SP,Sudeste,45,0.7591941,0.8,0.24080592,79.11,-3.190589294433593,-3.4905892944335903,True,parcial,True
4159,4219101,SC,Sul,40,0.7593347,0.525,0.24066532,80.0,-4.0665283203125,-4.0665283203125,True,completo,True
4160,4214607,SC,Sul,63,0.75943744,0.6825396825396826,0.24056256,80.0,-4.0562591552734375,-4.0562591552734375,True,completo,True
4161,4205555,SC,Sul,21,0.7594717,0.9523809523809523,0.24052829,,,,False,completo,True
4162,3170602,MG,Sudeste,13,0.759584,0.6923076923076923,0.24041599,62.33,13.628404541015627,7.008404541015622,False,completo,True
4163,4104808,PR,Sul,3374,0.7596114,0.7445168938944873,0.24038857,80.0,-4.038856506347656,-4.038856506347656,True,completo,True
4164,4103370,PR,Sul,36,0.75983554,0.7777777777777778,0.24016446,75.19,0.7935510253906273,-0.8964489746093705,False,completo,False
4165,3204807,ES,Sudeste,101,0.76012313,0.6237623762376238,0.23987687,75.36,0.6523138427734381,-0.9676861572265665,False,completo,True
4166,3202603,ES,Sudeste,134,0.7602332,0.7611940298507462,0.23976678,76.89,-0.8666769409179693,-1.9366769409179625,True,completo,True
4167,3516002,SP,Sudeste,84,0.7602375,0.5476190476190477,0.23976249,80.0,-3.9762496948242188,-3.9762496948242188,True,parcial,True
4168,3202652,ES,Sudeste,142,0.76055497,0.8169014084507042,0.23944503,69.44,6.615496215820315,2.7654962158203062,False,completo,True
4169,3157203,MG,Sudeste,311,0.7606383,0.6655948553054662,0.2393617,71.52,4.5438275146484415,1.4938275146484443,False,completo,True
4170,3128105,MG,Sudeste,143,0.7607888,0.7972027972027972,0.2392112,62.11,13.968880310058594,7.258880310058601,False,completo,True
4171,4106308,PR,Sul,229,0.7608722,0.851528384279476,0.23912781,75.44,0.6472192382812523,-0.9527807617187563,False,completo,True
4172,4200606,SC,Sul,85,0.76093626,0.8,0.23906374,80.0,-3.9063720703125,-3.9063720703125,True,completo,True
4173,5218508,GO,Centro-Oeste,544,0.76109767,0.8014705882352942,0.23890233,69.08,7.0297640991210955,3.0397640991211006,False,completo,True
4174,4113007,PR,Sul,77,0.7611575,0.6623376623376623,0.23884249,73.48,2.635753173828121,0.31575317382812784,False,completo,True
4175,1302108,AM,Norte,95,0.7611651,0.9052631578947369,0.23883492,77.7,-1.583491516113284,-2.373491516113276,True,completo,True
4176,3138658,MG,Sudeste,90,0.7611902,0.7777777777777778,0.23880982,66.64,9.4790185546875,4.549018554687507,False,completo,True
4177,2506251,PB,Nordeste,27,0.76122856,0.7037037037037037,0.23877144,78.52,-2.3971438598632773,-2.8971438598632773,True,completo,True
4178,3154200,MG,Sudeste,84,0.76131403,0.8214285714285714,0.23868597,61.52,14.611401062011716,7.671401062011725,False,completo,True
4179,2112233,MA,Nordeste,236,0.7613335,0.9067796610169492,0.23866647,62.49,13.643354187011717,7.083354187011722,False,completo,True
4180,3162500,MG,Sudeste,708,0.76139015,0.7740112994350282,0.23860985,59.67,16.469015197753905,8.809015197753908,False,completo,True
4181,4216701,SC,Sul,159,0.76140624,0.8238993710691824,0.23859376,76.92,-0.7793750000000017,-1.839375000000004,True,completo,False
4182,2513109,PB,Nordeste,37,0.76143944,0.40540540540540543,0.23856056,80.0,-3.8560562133789062,-3.8560562133789062,True,completo,True
4183,4215695,SC,Sul,22,0.7614796,0.8181818181818182,0.23852038,74.66,1.487964477539066,-0.39203552246094375,False,completo,True
4184,3130556,MG,Sudeste,49,0.7615197,0.8979591836734694,0.23848033,67.94,8.211969909667971,3.781969909667964,False,completo,True
4185,3501202,SP,Sudeste,22,0.76158714,0.7272727272727273,0.23841286,78.82,-2.6612857055663994,-3.061285705566405,True,parcial,False
4186,2615706,PE,Nordeste,134,0.7616032,0.8059701492537313,0.23839682,80.0,-3.8396835327148438,-3.8396835327148438,True,completo,True
4187,3555901,SP,Sudeste,16,0.76163864,1.0,0.23836136,80.0,-3.8361358642578125,-3.8361358642578125,True,parcial,True
4188,3162906,MG,Sudeste,205,0.7617453,0.697560975609756,0.23825473,70.39,5.784530029296874,2.3045300292968705,False,completo,False
4189,3512902,SP,Sudeste,68,0.7618602,0.5588235294117647,0.23813981,80.0,-3.8139801025390625,-3.8139801025390625,True,parcial,True
4190,3141504,MG,Sudeste,55,0.7618797,0.6,0.23812032,79.7,-3.5120346069335966,-3.612034606933591,True,completo,True
4191,1505908,PA,Norte,430,0.7621315,0.8116279069767441,0.23786849,73.69,2.5231500244140648,0.2831500244140557,False,completo,True
4192,4123824,PR,Sul,42,0.76215744,0.8571428571428571,0.23784256,79.57,-3.3542559814453057,-3.5042559814453114,True,completo,False
4193,4110102,PR,Sul,468,0.7622087,0.782051282051282,0.2377913,80.0,-3.7791290283203125,-3.7791290283203125,True,completo,True
4194,3142809,MG,Sudeste,218,0.7622548,0.5688073394495413,0.23774523,75.58,0.6454791259765642,-0.894520874023442,False,completo,False
4195,3128303,MG,Sudeste,210,0.7622734,0.6476190476190476,0.23772663,74.61,1.617340698242188,-0.2826593017578176,False,completo,True
4196,3116001,MG,Sudeste,56,0.76235324,0.6607142857142857,0.23764676,80.0,-3.764678955078125,-3.764678955078125,True,completo,True
4197,3168200,MG,Sudeste,11,0.76246315,1.0,0.23753685,77.0,-0.7536849975585938,-1.7836849975585949,True,completo,True
4198,3145877,MG,Sudeste,122,0.76248515,0.7540983606557377,0.23751485,65.59,10.658512268066403,5.318512268066399,False,completo,True
4199,5220108,GO,Centro-Oeste,321,0.7626917,0.7632398753894081,0.23730832,68.7,7.569165039062497,3.4391650390625017,False,completo,True
4200,4214904,SC,Sul,63,0.7628027,0.6825396825396826,0.23719728,78.6,-2.3197265624999943,-2.789726562499993,True,completo,True
4201,5001243,MS,Centro-Oeste,139,0.76302296,0.7338129496402878,0.23697704,74.85,1.4522994995117244,-0.35770050048827784,False,completo,False
4202,2510709,PB,Nordeste,21,0.7630284,0.6666666666666666,0.23697162,79.59,-3.287158813476566,-3.4271588134765665,True,completo,False
4203,5217401,GO,Centro-Oeste,255,0.7630961,0.8117647058823529,0.2369039,69.4,6.909608459472651,3.0396084594726602,False,completo,True
4204,3171303,MG,Sudeste,534,0.7631406,0.7827715355805244,0.23685938,65.52,10.79406402587891,5.424064025878906,False,completo,False
4205,3119005,MG,Sudeste,34,0.7631524,0.7352941176470589,0.23684758,52.49,23.825238952636717,13.395238952636717,False,completo,True
4206,4112108,PR,Sul,184,0.76323545,0.6902173913043478,0.23676455,77.44,-1.1164526367187477,-1.9964526367187432,True,completo,True
4207,4217758,SC,Sul,26,0.7632628,0.7307692307692307,0.23673719,76.76,-0.4337213134765676,-1.553721313476558,True,completo,True
4208,3508207,SP,Sudeste,49,0.7632634,0.5714285714285714,0.2367366,80.0,-3.6736602783203125,-3.6736602783203125,True,parcial,True
4209,4112405,PR,Sul,90,0.7634863,0.8111111111111111,0.23651367,74.44,1.9086328125000023,-0.051367187500005684,False,completo,True
4210,4118006,PR,Sul,151,0.76351637,0.6887417218543046,0.23648363,75.67,0.6816387939453108,-0.8283612060546943,False,completo,True
4211,3149200,MG,Sudeste,35,0.76355433,0.8,0.23644567,63.06,13.295430603027341,6.955430603027338,False,completo,True
4212,3165909,MG,Sudeste,32,0.7635823,0.90625,0.23641771,76.11,0.24823059082031307,-1.1017694091796812,False,completo,True
4213,2205003,PI,Nordeste,84,0.7636058,0.7380952380952381,0.23639423,75.05,1.3105804443359403,-0.42941955566406875,False,completo,True
4214,5203559,GO,Centro-Oeste,123,0.7636555,0.8617886178861789,0.23634452,61.67,14.69554718017578,7.815547180175784,False,completo,True
4215,3140530,MG,Sudeste,93,0.76368284,0.8387096774193549,0.23631716,77.07,-0.7017138671874932,-1.7117138671874983,True,completo,False
4216,3203106,ES,Sudeste,154,0.7636959,0.7727272727272727,0.2363041,71.71,4.65959075927735,1.679590759277346,False,completo,True
4217,3104007,MG,Sudeste,1076,0.7637383,0.7592936802973977,0.23626173,70.59,5.783825073242184,2.3738250732421875,False,completo,True
4218,3504800,SP,Sudeste,72,0.7638253,0.8333333333333334,0.2361747,80.0,-3.6174697875976562,-3.6174697875976562,True,parcial,False
4219,3116506,MG,Sudeste,64,0.76384586,0.6875,0.23615414,71.63,4.7545825195312545,1.7445825195312494,False,completo,True
4220,4105409,PR,Sul,232,0.7639885,0.7112068965517241,0.2360115,80.0,-3.6011505126953125,-3.6011505126953125,True,completo,False
4221,3556958,SP,Sudeste,14,0.7640639,1.0,0.2359361,68.83,7.576387329101564,3.496387329101566,False,parcial,True
4222,5200555,GO,Centro-Oeste,115,0.76407385,0.7217391304347827,0.23592615,68.81,7.597386779785154,3.5073867797851506,False,completo,True
4223,3143500,MG,Sudeste,76,0.76411957,0.6447368421052632,0.23588043,80.0,-3.588043212890625,-3.588043212890625,True,completo,True
4224,3125804,MG,Sudeste,21,0.7641229,0.5238095238095238,0.2358771,66.17,10.242292480468748,5.122292480468744,False,completo,True
4225,4201505,SC,Sul,122,0.7642286,0.7950819672131147,0.23577142,72.02,4.402859191894535,1.5428591918945358,False,completo,True
4226,4209177,SC,Sul,19,0.7642385,0.5789473684210527,0.23576152,,,,False,completo,True
4227,4125308,PR,Sul,55,0.764305,0.7090909090909091,0.235695,80.0,-3.5695037841796875,-3.5695037841796875,True,completo,True
4228,4125605,PR,Sul,507,0.7643798,0.7080867850098619,0.2356202,80.0,-3.5620193481445312,-3.5620193481445312,True,completo,True
4229,3155801,MG,Sudeste,141,0.76444966,0.7872340425531915,0.23555034,67.71,8.7349691772461,4.21496917724609,False,completo,True
4230,3528106,SP,Sudeste,54,0.7644506,0.9629629629629629,0.23554939,80.0,-3.5549392700195312,-3.5549392700195312,True,parcial,True
4231,3168101,MG,Sudeste,64,0.764685,0.796875,0.23531502,60.07,16.39849822998047,8.898498229980476,False,completo,True
4232,5206404,GO,Centro-Oeste,119,0.7647927,0.7899159663865546,0.23520732,68.88,7.599270935058598,3.529270935058591,False,completo,False
4233,3159605,MG,Sudeste,372,0.76483613,0.7876344086021505,0.23516387,54.67,21.813612060546873,12.213612060546879,False,completo,True
4234,3103751,MG,Sudeste,117,0.7648613,0.7350427350427351,0.23513871,65.56,10.926129760742185,5.566129760742186,False,completo,True
4235,3513306,SP,Sudeste,17,0.7649225,0.47058823529411764,0.2350775,80.0,-3.50775146484375,-3.50775146484375,True,parcial,True
4236,3135506,MG,Sudeste,122,0.7649872,0.8524590163934426,0.23501283,61.2,15.298718261718747,8.238718261718745,False,completo,False
4237,2310001,CE,Nordeste,122,0.76498735,0.7459016393442623,0.23501265,72.04,4.458733520507806,1.5987335205078068,False,completo,False
4238,3172004,MG,Sudeste,362,0.7650461,0.7541436464088398,0.23495388,60.26,16.244608154296877,8.814608154296877,False,completo,True
4239,3150703,MG,Sudeste,99,0.7651256,0.7676767676767676,0.23487443,66.13,10.382557983398442,5.252557983398432,False,completo,False
4240,3164704,MG,Sudeste,668,0.76515037,0.812874251497006,0.23484963,67.85,8.6650375366211,4.2050375366210915,False,completo,True
4241,2209757,PI,Nordeste,28,0.7651563,0.6071428571428571,0.23484367,77.0,-0.48436737060546875,-1.5143673706054699,True,completo,True
4242,3170438,MG,Sudeste,33,0.7651923,0.7272727272727273,0.23480773,73.46,3.0592260742187563,0.7392260742187489,False,completo,True
4243,2203859,PI,Nordeste,22,0.7651958,0.5454545454545454,0.23480421,80.0,-3.4804229736328125,-3.4804229736328125,True,completo,True
4244,4204459,SC,Sul,31,0.76529413,0.9032258064516129,0.23470587,74.66,1.8694113159179722,-0.010588684082037503,False,completo,True
4245,3132008,MG,Sudeste,18,0.76530915,1.0,0.23469085,78.78,-2.249085693359376,-2.6590856933593727,True,completo,False
4246,3118106,MG,Sudeste,35,0.76535785,0.6,0.23464215,80.0,-3.4642181396484375,-3.4642181396484375,True,completo,True
4247,3148509,MG,Sudeste,79,0.7653599,0.8354430379746836,0.23464012,80.0,-3.4640121459960938,-3.4640121459960938,True,completo,False
4248,3549003,SP,Sudeste,18,0.7653722,0.8333333333333334,0.23462778,,,,False,ausente,True
4249,1101476,RO,Norte,59,0.7653783,0.576271186440678,0.2346217,80.0,-3.4621734619140625,-3.4621734619140625,True,completo,True
4250,2211506,PI,Nordeste,35,0.76549023,0.4857142857142857,0.23450977,80.0,-3.4509735107421875,-3.4509735107421875,True,completo,True
4251,5107248,MT,Centro-Oeste,95,0.7655358,0.9368421052631579,0.23446423,72.84,3.713573608398434,1.163573608398437,False,completo,False
4252,4121356,PR,Sul,23,0.76556486,0.5652173913043478,0.23443514,78.33,-1.7735119628906233,-2.3435119628906307,True,completo,True
4253,3159506,MG,Sudeste,44,0.7657046,0.8409090909090909,0.23429543,80.0,-3.4295425415039062,-3.4295425415039062,True,completo,True
4254,3101201,MG,Sudeste,56,0.76572907,0.8571428571428571,0.23427093,59.4,17.172906494140626,9.402906494140623,False,completo,True
4255,4204905,SC,Sul,68,0.76589525,0.6617647058823529,0.23410475,80.0,-3.4104766845703125,-3.4104766845703125,True,completo,True
4256,3161056,MG,Sudeste,33,0.765954,0.6666666666666666,0.23404598,70.01,6.585397949218745,2.9553979492187494,False,completo,True
4257,3201506,ES,Sudeste,1112,0.76608586,0.783273381294964,0.23391414,74.72,1.8885891723632824,0.028589172363282955,False,completo,True
4258,2605608,PE,Nordeste,145,0.76616997,0.6827586206896552,0.23383003,75.14,1.4769967651367182,-0.22300323486328466,False,completo,True
4259,3164308,MG,Sudeste,40,0.76620823,0.775,0.23379177,72.56,4.060826721191404,1.4008267211914074,False,completo,True
4260,3118502,MG,Sudeste,18,0.76631653,0.3888888888888889,0.23368347,65.38,11.251652832031255,5.821652832031248,False,completo,True
4261,3154002,MG,Sudeste,168,0.766389,0.8392857142857143,0.23361099,69.16,7.478900756835941,3.528900756835938,False,completo,False
4262,5218102,GO,Centro-Oeste,67,0.76644176,0.7611940298507462,0.23355824,72.99,3.6541726684570364,1.1541726684570364,False,completo,True
4263,3161403,MG,Sudeste,46,0.76647884,0.782608695652174,0.23352116,62.82,13.827880554199218,7.397880554199219,False,completo,True
4264,2514552,PB,Nordeste,11,0.7665252,0.8181818181818182,0.23347479,80.0,-3.3474807739257812,-3.3474807739257812,True,completo,True
4265,2603405,PE,Nordeste,83,0.76661575,0.8674698795180723,0.23338425,75.27,1.3915753173828165,-0.2584246826171892,False,completo,True
4266,3171071,MG,Sudeste,65,0.7666403,0.7692307692307693,0.2333597,65.08,11.584031982421877,6.0440319824218705,False,completo,True
4267,3104908,MG,Sudeste,120,0.7666587,0.7833333333333333,0.23334128,71.83,4.835870666503908,1.8958706665039102,False,completo,True
4268,3134103,MG,Sudeste,63,0.766659,0.7777777777777778,0.23334098,59.6,17.06590118408203,9.375901184082025,False,completo,True
4269,5204953,GO,Centro-Oeste,47,0.76668257,0.8297872340425532,0.23331743,66.38,10.288258666992192,5.248258666992186,False,completo,False
4270,3102605,MG,Sudeste,320,0.7666981,0.753125,0.23330188,60.22,16.449815063476564,8.99981506347656,False,completo,True
4271,2512788,PB,Nordeste,18,0.76685554,0.5555555555555556,0.23314446,78.78,-2.09444549560547,-2.5044454956054665,True,completo,True
4272,3158607,MG,Sudeste,36,0.76687545,0.8333333333333334,0.23312455,61.92,14.767545776367186,7.987545776367185,False,completo,True
4273,3139805,MG,Sudeste,156,0.7670069,0.6858974358974359,0.23299313,59.0,17.70068359375,9.780683593749998,False,completo,False
4274,4101853,PR,Sul,26,0.7670186,0.6923076923076923,0.23298138,76.27,0.4318585205078165,-0.8581414794921898,False,completo,True
4275,3146206,MG,Sudeste,88,0.76713556,0.7840909090909091,0.23286444,55.99,20.723554382324217,11.63355438232422,False,completo,True
4276,4103701,PR,Sul,1120,0.7674929,0.7705357142857143,0.23250711,79.24,-2.490709533691401,-2.740709533691401,True,completo,True
4277,2111953,MA,Nordeste,31,0.76797575,0.8064516129032258,0.23202425,76.09,0.7075769042968716,-0.6524230957031278,False,completo,True
4278,4207577,SC,Sul,33,0.7680753,0.9696969696969697,0.23192471,75.31,1.4975256347656227,-0.14247436523437784,False,completo,True
4279,3161304,MG,Sudeste,67,0.76823175,0.7611940298507462,0.23176825,77.07,-0.24682647705077443,-1.2568264770507795,True,completo,True
4280,3200359,ES,Sudeste,92,0.76823294,0.8369565217391305,0.23176706,67.16,9.663295593261722,4.933295593261718,False,completo,True
4281,3137106,MG,Sudeste,37,0.7682445,0.5675675675675675,0.2317555,80.0,-3.1755523681640625,-3.1755523681640625,True,completo,True
4282,3152006,MG,Sudeste,292,0.7685188,0.6643835616438356,0.2314812,67.62,9.231882934570308,4.681882934570311,False,completo,True
4283,3168507,MG,Sudeste,88,0.768547,0.7159090909090909,0.231453,76.18,0.6746981811523369,-0.6553018188476614,False,completo,True
4284,3102308,MG,Sudeste,108,0.76855576,0.8148148148148148,0.23144424,54.12,22.73557556152344,12.925575561523438,False,completo,True
4285,5107404,MT,Centro-Oeste,67,0.7685888,0.7611940298507462,0.23141122,74.0,2.8588790893554688,0.7388790893554642,False,completo,True
4286,2516607,PB,Nordeste,77,0.76863635,0.6753246753246753,0.23136365,75.99,0.8736322021484426,-0.516367797851558,False,completo,True
4287,3109006,MG,Sudeste,394,0.7687051,0.8756345177664975,0.23129487,71.82,5.050513916015632,2.11051391601562,False,completo,True
4288,3540408,SP,Sudeste,40,0.7687165,0.8,0.23128349,78.22,-1.3483493041992176,-1.948349304199212,True,parcial,True
4289,3147907,MG,Sudeste,1081,0.76877373,0.8288621646623496,0.23122627,67.82,9.057372741699226,4.577372741699222,False,completo,False
4290,2304954,CE,Nordeste,243,0.7688404,0.7983539094650206,0.23115963,73.87,3.0140408325195267,0.844040832519525,False,completo,True
4291,4104303,PR,Sul,1062,0.76888114,0.7721280602636534,0.23111886,77.95,-1.061885070800784,-1.761885070800787,True,completo,True
4292,4111209,PR,Sul,190,0.7689043,0.7526315789473684,0.23109567,76.17,0.720434265136717,-0.6095657348632812,False,completo,True
4293,3119955,MG,Sudeste,52,0.76891077,0.9615384615384616,0.23108923,71.22,5.671075134277345,2.501075134277343,False,completo,False
4294,4215752,SC,Sul,40,0.768942,0.7,0.231058,80.0,-3.1057968139648438,-3.1057968139648438,True,completo,True
4295,3118205,MG,Sudeste,75,0.76904166,0.6533333333333333,0.23095834,70.54,6.3641671752929625,2.944167175292975,False,completo,False
4296,3122405,MG,Sudeste,76,0.76921105,0.6710526315789473,0.23078895,66.86,10.061104431152344,5.221104431152341,False,completo,True
4297,2502706,PB,Nordeste,41,0.769223,0.6829268292682927,0.23077703,80.0,-3.0777053833007812,-3.0777053833007812,True,completo,True
4298,3116803,MG,Sudeste,77,0.7692297,0.9090909090909091,0.23077029,66.67,10.252973632812498,5.332973632812497,False,completo,True
4299,3164100,MG,Sudeste,43,0.76927346,0.8837209302325582,0.23072654,69.13,7.797345275878911,3.827345275878912,False,completo,False
4300,4102901,PR,Sul,229,0.7693903,0.7030567685589519,0.23060971,80.0,-3.06097412109375,-3.06097412109375,True,completo,True
4301,2516508,PB,Nordeste,123,0.7693919,0.9105691056910569,0.2306081,78.57,-1.630813903808587,-2.120813903808596,True,completo,True
4302,3127370,MG,Sudeste,35,0.76961625,0.9142857142857143,0.23038375,69.73,7.2316241455078085,3.4916241455078136,False,completo,True
4303,3155702,MG,Sudeste,135,0.76964027,0.8,0.23035973,77.46,-0.4959725952148375,-1.365972595214842,True,completo,False
4304,2101103,MA,Nordeste,143,0.76967996,0.7132867132867133,0.23032004,80.0,-3.0320053100585938,-3.0320053100585938,True,completo,True
4305,3105509,MG,Sudeste,37,0.76969296,0.8918918918918919,0.23030704,66.24,10.729299316406255,5.639299316406252,False,completo,True
4306,2609006,PE,Nordeste,214,0.7696937,0.822429906542056,0.23030633,73.76,3.209367980957026,0.9993679809570324,False,completo,True
4307,3203056,ES,Sudeste,432,0.7697189,0.8078703703703703,0.23028111,73.41,3.561885681152347,1.2218856811523438,False,completo,False
4308,2512408,PB,Nordeste,210,0.76973903,0.6238095238095238,0.23026097,76.24,0.7338998413085989,-0.5761001586914034,False,completo,False
4309,3120706,MG,Sudeste,73,0.7697814,0.8082191780821918,0.23021859,65.32,11.658141784667976,6.208141784667973,False,completo,False
4310,3112406,MG,Sudeste,67,0.76987815,0.7910447761194029,0.23012185,,,,False,completo,True
4311,3201605,ES,Sudeste,396,0.7699079,0.6792929292929293,0.23009211,74.67,2.3207913208007795,0.4407913208007841,False,completo,True
4312,3122470,MG,Sudeste,29,0.7699364,0.7931034482758621,0.23006362,59.62,17.37363708496094,9.69363708496094,False,completo,True
4313,2301505,CE,Nordeste,50,0.76996195,0.76,0.23003805,74.62,2.3761929321289017,0.47619293212891023,False,completo,True
4314,2109239,MA,Nordeste,68,0.7700545,0.75,0.22994548,76.15,0.8554550170898381,-0.48454498291015113,False,completo,True
4315,3160603,MG,Sudeste,15,0.7700698,0.9333333333333333,0.22993022,62.33,14.676980895996095,8.056980895996091,False,completo,True
4316,3123205,MG,Sudeste,117,0.77022177,0.8547008547008547,0.22977823,68.1,8.92217864990235,4.56217864990235,False,completo,True
4317,5107297,MT,Centro-Oeste,31,0.7702593,0.7419354838709677,0.22974068,80.0,-2.9740676879882812,-2.9740676879882812,True,completo,False
4318,2203008,PI,Nordeste,88,0.7702655,0.7954545454545454,0.22973448,79.94,-2.9134497070312477,-2.9334497070312437,True,completo,False
4319,3142601,MG,Sudeste,89,0.7702782,0.7865168539325843,0.22972178,65.54,11.487824401855462,6.127824401855463,False,completo,True
4320,4219408,SC,Sul,44,0.77034086,0.7727272727272727,0.22965914,79.97,-2.935911865234374,-2.945911865234379,True,completo,False
4321,5217302,GO,Centro-Oeste,290,0.7704066,0.6448275862068965,0.2295934,74.01,3.030657043457026,0.9106570434570358,False,completo,False
4322,3132800,MG,Sudeste,12,0.77051216,0.8333333333333334,0.22948784,78.11,-1.0587838745117182,-1.6987838745117188,True,completo,True
4323,3204708,ES,Sudeste,338,0.7705855,0.8106508875739645,0.22941452,73.64,3.418547973632812,1.168547973632812,False,completo,True
4324,4116109,PR,Sul,106,0.770646,0.7830188679245284,0.22935402,79.43,-2.365401916503913,-2.555401916503911,True,completo,True
4325,3136504,MG,Sudeste,86,0.7708115,0.5581395348837209,0.2291885,,,,False,completo,False
4326,3133402,MG,Sudeste,115,0.77082956,0.7739130434782608,0.22917044,66.51,10.572954406738276,5.592954406738286,False,completo,True
4327,2203404,PI,Nordeste,73,0.7708845,0.7671232876712328,0.22911549,77.56,-0.4715447998046898,-1.301544799804688,True,completo,True
4328,3111309,MG,Sudeste,89,0.770939,0.7640449438202247,0.22906101,69.55,7.543902587890628,3.7339025878906256,False,completo,True
4329,4123956,PR,Sul,45,0.7709893,0.8,0.2290107,78.86,-1.7610696411132807,-2.1510696411132812,True,completo,True
4330,3160900,MG,Sudeste,43,0.7710337,0.813953488372093,0.2289663,70.24,6.863370666503911,3.323370666503905,False,completo,True
4331,3163607,MG,Sudeste,30,0.7710789,0.8666666666666667,0.22892112,53.01,24.09788726806641,13.867887268066404,False,completo,True
4332,3105004,MG,Sudeste,50,0.77111554,0.9,0.22888446,75.13,1.981557006835942,0.2715570068359341,False,completo,True
4333,3111101,MG,Sudeste,120,0.77120495,0.7416666666666667,0.22879505,77.67,-0.5495013427734392,-1.3495013427734364,True,completo,True
4334,4125100,PR,Sul,191,0.77127653,0.8010471204188482,0.22872347,78.79,-1.6623449707031313,-2.072344970703128,True,completo,True
4335,4215901,SC,Sul,19,0.7713075,0.7368421052631579,0.22869247,,,,False,completo,True
4336,3200201,ES,Sudeste,259,0.7713194,0.8648648648648649,0.22868061,69.0,8.131942749023438,4.1119427490234415,False,completo,False
4337,3164472,MG,Sudeste,73,0.77132106,0.821917808219178,0.22867894,61.81,15.322102966308591,8.502102966308598,False,completo,True
4338,4209458,SC,Sul,30,0.7714027,0.6666666666666666,0.22859728,78.78,-1.6397259521484386,-2.0497259521484352,True,completo,True
4339,5214606,GO,Centro-Oeste,327,0.77140385,0.8012232415902141,0.22859615,73.95,3.1903884887695284,1.0503884887695278,False,completo,False
4340,3121209,MG,Sudeste,88,0.7714752,0.6818181818181818,0.2285248,79.34,-2.1924780273437534,-2.4124780273437523,True,completo,True
4341,4116802,PR,Sul,99,0.77148366,0.8787878787878788,0.22851634,79.57,-2.4216311645507744,-2.57163116455078,True,completo,True
4342,4113205,PR,Sul,505,0.77150416,0.7504950495049505,0.22849584,80.0,-2.8495864868164062,-2.8495864868164062,True,completo,True
4343,3115003,MG,Sudeste,28,0.7715636,0.8571428571428571,0.22843641,66.54,10.616356811523431,5.646356811523432,False,completo,True
4344,2104073,MA,Nordeste,109,0.77156734,0.6513761467889908,0.22843266,80.0,-2.84326171875,-2.84326171875,True,completo,True
4345,4125407,PR,Sul,67,0.7716014,0.7611940298507462,0.22839862,80.0,-2.8398590087890625,-2.8398590087890625,True,completo,True
4346,3151701,MG,Sudeste,140,0.7716326,0.7071428571428572,0.22836739,80.0,-2.8367385864257812,-2.8367385864257812,True,completo,True
4347,3528205,SP,Sudeste,40,0.77168614,0.725,0.22831386,80.0,-2.8313827514648438,-2.8313827514648438,True,parcial,True
4348,3132404,MG,Sudeste,708,0.77168655,0.7923728813559322,0.22831345,63.11,14.058655395507813,7.738655395507806,False,completo,True
4349,2612208,PE,Nordeste,723,0.77178144,0.7524204702627939,0.22821856,76.55,0.6281463623046903,-0.5718536376953125,False,completo,True
4350,3154457,MG,Sudeste,89,0.771847,0.7303370786516854,0.22815299,71.24,5.944700012207036,2.7847000122070256,False,completo,False
4351,3117801,MG,Sudeste,106,0.77188015,0.7830188679245284,0.22811985,64.92,12.268018798828123,6.668018798828129,False,completo,True
4352,5212808,GO,Centro-Oeste,131,0.7719539,0.8778625954198473,0.22804612,71.26,5.935388793945307,2.785388793945316,False,completo,False
4353,3139102,MG,Sudeste,59,0.77208793,0.711864406779661,0.22791207,71.14,6.068793640136718,2.8787936401367205,False,completo,True
4354,3147105,MG,Sudeste,854,0.7721454,0.765807962529274,0.22785461,57.9,19.31453857421875,10.96453857421875,False,completo,True
4355,3139201,MG,Sudeste,187,0.7721699,0.7593582887700535,0.22783011,77.62,-0.4030123901367233,-1.2230123901367165,True,completo,True
4356,2504108,PB,Nordeste,24,0.7722283,0.9166666666666666,0.2277717,70.72,6.50283172607422,3.1428317260742205,False,completo,True
4357,3542107,SP,Sudeste,112,0.77241504,0.7142857142857143,0.22758496,80.0,-2.7584991455078125,-2.7584991455078125,True,parcial,True
4358,4215679,SC,Sul,99,0.77242285,0.7373737373737373,0.22757715,80.0,-2.7577133178710938,-2.7577133178710938,True,completo,True
4359,2210102,PI,Nordeste,40,0.77246076,0.75,0.22753924,76.6,0.6460784912109432,-0.5339215087890636,False,completo,True
4360,5203104,GO,Centro-Oeste,28,0.77256924,0.8928571428571429,0.22743076,66.86,10.396927490234376,5.546927490234381,False,completo,True
4361,3111002,MG,Sudeste,183,0.7726564,0.819672131147541,0.22734362,71.58,5.685640258789064,2.655640258789063,False,completo,True
4362,5204201,GO,Centro-Oeste,14,0.7726616,0.6428571428571429,0.22733837,67.45,9.816159057617185,5.196159057617194,False,completo,True
4363,3133006,MG,Sudeste,118,0.77276087,0.8389830508474576,0.22723913,61.31,15.966084899902341,8.946084899902345,False,completo,True
4364,2103901,MA,Nordeste,169,0.77292305,0.8165680473372781,0.22707695,71.09,6.202304992675778,2.992304992675784,False,completo,True
4365,2209559,PI,Nordeste,66,0.77297246,0.6666666666666666,0.22702754,80.0,-2.7027511596679688,-2.7027511596679688,True,completo,True
4366,3162955,MG,Sudeste,328,0.7731375,0.7530487804878049,0.22686249,65.31,12.003751220703123,6.55375122070312,False,completo,True
4367,3164605,MG,Sudeste,130,0.7732776,0.7692307692307693,0.22672242,72.84,4.487758789062497,1.9377587890624994,False,completo,True
4368,3161809,MG,Sudeste,95,0.773286,0.7894736842105263,0.22671402,64.24,13.088598022460943,7.218598022460938,False,completo,True
4369,3137205,MG,Sudeste,506,0.77330774,0.8241106719367589,0.22669226,73.73,3.6007723999023398,1.380772399902341,False,completo,False
4370,3130903,MG,Sudeste,151,0.77333874,0.847682119205298,0.22666126,70.4,6.933869934082026,3.453869934082036,False,completo,True
4371,3542305,SP,Sudeste,51,0.7734316,0.8431372549019608,0.2265684,80.0,-2.6568374633789062,-2.6568374633789062,True,parcial,True
4372,3514924,SP,Sudeste,33,0.77345866,0.8484848484848485,0.22654134,73.56,3.785863342285154,1.495863342285162,False,parcial,False
4373,4103958,PR,Sul,78,0.77348864,0.8461538461538461,0.22651136,80.0,-2.6511383056640625,-2.6511383056640625,True,completo,True
4374,4117255,PR,Sul,132,0.7735482,0.7272727272727273,0.22645181,80.0,-2.6451797485351562,-2.6451797485351562,True,completo,False
4375,5004007,MS,Centro-Oeste,100,0.77361816,0.74,0.22638184,79.07,-1.7081835937499932,-2.0181835937499955,True,completo,True
4376,4105508,PR,Sul,896,0.773747,0.7522321428571429,0.22625297,79.62,-2.2452975463867233,-2.3752975463867188,True,completo,False
4377,4124202,PR,Sul,34,0.77389395,0.8823529411764706,0.22610605,80.0,-2.6106033325195312,-2.6106033325195312,True,completo,True
4378,4107306,PR,Sul,60,0.7740148,0.6166666666666667,0.22598523,79.25,-1.8485260009765625,-2.0985260009765625,True,completo,False
4379,2615904,PE,Nordeste,98,0.7741287,0.826530612244898,0.22587132,77.54,-0.1271353149414125,-0.9671353149414017,True,completo,True
4380,3124500,MG,Sudeste,99,0.77412885,0.8080808080808081,0.22587115,73.63,3.782887573242192,1.522887573242187,False,completo,False
4381,2209500,PI,Nordeste,41,0.7741621,0.8536585365853658,0.22583789,74.44,2.9762139892578148,1.0162139892578068,False,completo,True
4382,3121407,MG,Sudeste,58,0.77418435,0.8103448275862069,0.22581565,80.0,-2.5815658569335938,-2.5815658569335938,True,completo,False
4383,2702009,AL,Nordeste,97,0.7741994,0.7731958762886598,0.22580057,75.74,1.6799447631835989,0.1999447631835949,False,completo,False
4384,3111606,MG,Sudeste,204,0.7742318,0.75,0.22576821,67.91,9.513179626464847,5.073179626464849,False,completo,True
4385,3165305,MG,Sudeste,71,0.7742875,0.8169014084507042,0.22571248,63.39,14.038749084472656,7.828749084472662,False,completo,True
4386,3164506,MG,Sudeste,43,0.7743151,0.813953488372093,0.22568488,,,,False,completo,False
4387,2204006,PI,Nordeste,38,0.77433556,0.8421052631578947,0.22566444,78.27,-0.8364443969726523,-1.4264443969726557,True,completo,True
4388,3115508,MG,Sudeste,160,0.7745266,0.74375,0.2254734,76.93,0.5226596069335869,-0.5373403930664011,False,completo,True
4389,2110104,MA,Nordeste,189,0.7745331,0.798941798941799,0.2254669,80.0,-2.54669189453125,-2.54669189453125,True,completo,True
4390,2300408,CE,Nordeste,154,0.774581,0.7597402597402597,0.22541898,75.88,1.5780993652343795,0.14809936523437273,False,completo,True
4391,5004601,MS,Centro-Oeste,350,0.7746273,0.7942857142857143,0.22537267,74.38,3.0827304077148483,1.1027304077148443,False,completo,True
4392,3147006,MG,Sudeste,951,0.7746622,0.6919032597266036,0.2253378,68.02,9.446217041015629,5.046217041015623,False,completo,False
4393,3125200,MG,Sudeste,23,0.7746968,0.8695652173913043,0.22530317,73.24,4.229680786132818,1.829680786132812,False,completo,True
4394,5209952,GO,Centro-Oeste,186,0.77472246,0.8279569892473119,0.22527754,69.23,8.242244262695309,4.312244262695316,False,completo,False
4395,2301703,CE,Nordeste,211,0.77479833,0.7393364928909952,0.22520167,73.96,3.5198355102539125,1.379835510253912,False,completo,True
4396,5215702,GO,Centro-Oeste,354,0.77484125,0.8107344632768362,0.22515875,69.91,7.574123229980472,3.9041232299804705,False,completo,True
4397,3133709,MG,Sudeste,162,0.77500826,0.8024691358024691,0.22499174,73.57,3.930823974609382,1.6508239746093807,False,completo,True
4398,3157302,MG,Sudeste,45,0.7750596,0.9111111111111111,0.22494042,55.44,22.06595855712891,12.765958557128911,False,completo,True
4399,3162575,MG,Sudeste,59,0.7750864,0.7288135593220338,0.2249136,79.91,-2.4013635253906216,-2.4313635253906227,True,completo,True
4400,4209201,SC,Sul,36,0.77510935,0.75,0.22489065,71.59,5.920932922363278,2.8909329223632767,False,completo,True
4401,3159357,MG,Sudeste,42,0.7751647,0.5952380952380952,0.22483528,64.4,13.116471862792963,7.306471862792975,False,completo,True
4402,4115804,PR,Sul,665,0.77518487,0.793984962406015,0.22481513,79.33,-1.8115139770507795,-2.0415139770507835,True,completo,True
4403,3105202,MG,Sudeste,40,0.7751859,0.775,0.22481412,65.57,11.948585205078132,6.598585205078123,False,completo,False
4404,4127858,PR,Sul,128,0.7755096,0.75,0.2244904,79.46,-1.909043273925775,-2.089043273925782,True,completo,True
4405,4107009,PR,Sul,159,0.7755832,0.6855345911949685,0.22441679,80.0,-2.441680908203125,-2.441680908203125,True,completo,False
4406,3144359,MG,Sudeste,71,0.77569795,0.647887323943662,0.22430205,79.61,-2.0402062988281244,-2.17020629882812,True,completo,False
4407,5000252,MS,Centro-Oeste,69,0.77573407,0.6376811594202898,0.22426593,77.19,0.3834100341796898,-0.5865899658203091,False,completo,False
4408,3120409,MG,Sudeste,59,0.77576,0.8983050847457628,0.22424,73.35,4.225996398925787,1.8559963989257824,False,completo,True
4409,4108403,PR,Sul,1041,0.77580434,0.7617675312199808,0.22419566,79.72,-2.13956329345703,-2.2295632934570335,True,completo,True
4410,1301951,AM,Norte,120,0.77583534,0.825,0.22416466,72.11,5.473534240722657,2.6435342407226585,False,completo,True
4411,5203906,GO,Centro-Oeste,109,0.77588093,0.6513761467889908,0.22411907,70.78,6.808096618652343,3.4780966186523443,False,completo,False
4412,4128609,PR,Sul,96,0.7759144,0.6770833333333334,0.22408563,80.0,-2.4085617065429688,-2.4085617065429688,True,completo,False
4413,4115200,PR,Sul,3319,0.7759759,0.7869840313347394,0.22402412,80.0,-2.4024124145507812,-2.4024124145507812,True,completo,True
4414,5103809,MT,Centro-Oeste,36,0.7760036,0.5833333333333334,0.2239964,80.0,-2.3996429443359375,-2.3996429443359375,True,completo,True
4415,5217203,GO,Centro-Oeste,119,0.77604204,0.6974789915966386,0.22395796,78.38,-0.775797729492183,-1.3257977294921943,True,completo,True
4416,3158904,MG,Sudeste,70,0.7760628,0.7714285714285715,0.22393721,80.0,-2.3937225341796875,-2.3937225341796875,True,completo,True
4417,2308401,CE,Nordeste,396,0.77610695,0.8232323232323232,0.22389305,75.55,2.060694885253909,0.5006948852539068,False,completo,True
4418,3119500,MG,Sudeste,63,0.7761118,0.6825396825396826,0.22388822,68.05,9.561175537109378,5.181175537109368,False,completo,True
4419,3170008,MG,Sudeste,94,0.7761141,0.6170212765957447,0.2238859,71.8,5.811412048339847,2.8614120483398438,False,completo,False
4420,3116605,MG,Sudeste,294,0.7761902,0.8299319727891157,0.22380978,64.18,13.439018554687493,7.539018554687502,False,completo,True
4421,5205802,GO,Centro-Oeste,95,0.77620125,0.8105263157894737,0.22379875,73.34,4.280124816894528,1.9101248168945375,False,completo,True
4422,3131307,MG,Sudeste,1931,0.7762083,0.7622993267736924,0.22379172,67.17,10.450826721191405,5.720826721191401,False,completo,True
4423,4106506,PR,Sul,301,0.77623594,0.7475083056478405,0.22376406,80.0,-2.37640380859375,-2.37640380859375,True,completo,True
4424,4112009,PR,Sul,440,0.77651274,0.7931818181818182,0.22348726,80.0,-2.348724365234375,-2.348724365234375,True,completo,True
4425,3113503,MG,Sudeste,86,0.77651525,0.7093023255813954,0.22348475,67.08,10.571527404785158,5.811527404785153,False,completo,True
4426,3202306,ES,Sudeste,344,0.7765438,0.7674418604651163,0.2234562,74.96,2.69438079833985,0.9243807983398398,False,completo,True
4427,3164001,MG,Sudeste,77,0.77655333,0.6753246753246753,0.22344667,80.0,-2.34466552734375,-2.34466552734375,True,completo,True
4428,3539004,SP,Sudeste,103,0.7766676,0.7572815533980582,0.2233324,80.0,-2.3332366943359375,-2.3332366943359375,True,parcial,True
4429,3109709,MG,Sudeste,138,0.77675384,0.8115942028985508,0.22324616,64.71,12.965384521484381,7.275384521484369,False,completo,True
4430,2208304,PI,Nordeste,394,0.77692974,0.8248730964467005,0.22307026,76.3,1.392970275878909,0.11297027587890796,False,completo,True
4431,3114204,MG,Sudeste,205,0.77693605,0.7268292682926829,0.22306395,69.28,8.413603515624999,4.503603515625002,False,completo,True
4432,3143609,MG,Sudeste,28,0.77705574,0.6785714285714286,0.22294426,80.0,-2.2944259643554688,-2.2944259643554688,True,completo,True
4433,3112059,MG,Sudeste,36,0.7771373,0.6666666666666666,0.22286272,63.46,14.253729858398437,8.073729858398437,False,completo,True
4434,3144706,MG,Sudeste,177,0.7772534,0.7231638418079096,0.22274661,63.58,14.145341796875002,8.015341796875006,False,completo,True
4435,3153400,MG,Sudeste,152,0.77725744,0.7763157894736842,0.22274256,77.76,-0.034253845214848866,-0.8042538452148449,True,completo,True
4436,4107751,PR,Sul,92,0.7772904,0.7717391304347826,0.2227096,80.0,-2.2709579467773438,-2.2709579467773438,True,completo,True
4437,3144003,MG,Sudeste,245,0.777383,0.8,0.22261697,64.53,13.208304138183593,7.4483041381835875,False,completo,True
4438,4116000,PR,Sul,29,0.77749485,0.5172413793103449,0.22250515,77.49,0.2594812011718801,-0.6005187988281193,False,completo,False
4439,3138351,MG,Sudeste,63,0.77749664,0.8253968253968254,0.22250336,57.42,20.329664306640623,11.789664306640631,False,completo,True
4440,4118402,PR,Sul,994,0.77756315,0.744466800804829,0.22243685,80.0,-2.243682861328125,-2.243682861328125,True,completo,True
4441,5006275,MS,Centro-Oeste,135,0.77760935,0.7851851851851852,0.22239065,76.92,0.8409329223632795,-0.21906707763672273,False,completo,False
4442,3128204,MG,Sudeste,76,0.7776764,0.8421052631578947,0.2223236,,,1.0076391601562449,False,completo,True
4443,3132909,MG,Sudeste,104,0.77790654,0.7980769230769231,0.22209346,64.25,13.540657043457031,7.670657043457027,False,completo,True
4444,3202108,ES,Sudeste,198,0.7781244,0.9393939393939394,0.22187561,70.94,6.872438964843752,3.6024389648437563,False,completo,True
4445,3134905,MG,Sudeste,244,0.7781285,0.7950819672131147,0.2218715,63.18,14.632850952148438,8.342850952148439,False,completo,True
4446,4212403,SC,Sul,30,0.77822846,0.7,0.22177154,80.0,-2.177154541015625,-2.177154541015625,True,completo,True
4447,3147204,MG,Sudeste,184,0.77841675,0.6902173913043478,0.22158325,65.34,12.501674804687497,7.061674804687499,False,completo,True
4448,4127007,PR,Sul,136,0.7786959,0.8823529411764706,0.22130412,77.71,0.15959075927735,-0.6204092407226511,False,completo,False
4449,3140506,MG,Sudeste,160,0.7787878,0.78125,0.22121221,60.0,17.87877655029297,10.348776550292968,False,completo,True
4450,2202604,PI,Nordeste,167,0.7788355,0.8263473053892215,0.22116452,75.84,2.0435449218749966,0.5935449218749937,False,completo,False
4451,3123304,MG,Sudeste,50,0.7790177,0.96,0.22098231,77.19,0.7117715454101585,-0.25822845458984034,False,completo,False
4452,4112207,PR,Sul,56,0.7791303,0.7678571428571429,0.22086972,80.0,-2.08697509765625,-2.08697509765625,True,completo,True
4453,3105103,MG,Sudeste,161,0.7791312,0.8074534161490683,0.22086883,68.24,9.67311645507813,5.363116455078128,False,completo,False
4454,4117214,PR,Sul,54,0.77914536,0.7962962962962963,0.22085464,80.0,-2.0854644775390625,-2.0854644775390625,True,completo,True
4455,4104501,PR,Sul,200,0.77915275,0.8,0.22084725,78.69,-0.774724426269529,-1.2147244262695267,True,completo,True
4456,4102109,PR,Sul,256,0.779182,0.75390625,0.22081798,79.63,-1.7117947387695267,-1.8417947387695364,True,completo,True
4457,3107703,MG,Sudeste,64,0.7791885,0.90625,0.22081149,,,-2.081146240234375,False,completo,True
4458,3170578,MG,Sudeste,60,0.7792709,0.8333333333333334,0.22072911,80.0,-2.0729141235351562,-2.0729141235351562,True,completo,False
4459,3164407,MG,Sudeste,75,0.7793524,0.9066666666666666,0.22064757,69.08,8.855241699218752,4.865241699218757,False,completo,True
4460,3164431,MG,Sudeste,26,0.7794228,0.9230769230769231,0.22057718,57.79,20.152283630371095,11.762283630371087,False,completo,True
4461,3109105,MG,Sudeste,93,0.77947253,0.8279569892473119,0.22052747,65.8,12.14725036621094,6.887250366210935,False,completo,True
4462,2601508,PE,Nordeste,123,0.7795452,0.7967479674796748,0.22045481,72.62,5.334521179199214,2.6945211791992136,False,completo,True
4463,3126109,MG,Sudeste,469,0.7795698,0.8571428571428571,0.2204302,69.05,8.906977844238284,4.906977844238284,False,completo,False
4464,3130002,MG,Sudeste,12,0.7796626,0.8333333333333334,0.22033739,63.8,14.166262817382815,8.126262817382809,False,completo,True
4465,3166907,MG,Sudeste,77,0.77972245,0.8181818181818182,0.22027755,66.47,11.502244262695314,6.502244262695314,False,completo,True
4466,3108206,MG,Sudeste,54,0.7798644,0.6851851851851852,0.22013563,80.0,-2.0135650634765625,-2.0135650634765625,True,completo,True
4467,5200308,GO,Centro-Oeste,397,0.77986646,0.7581863979848866,0.22013354,76.84,1.146648559570309,0.05664855957030568,False,completo,True
4468,3141801,MG,Sudeste,238,0.7798921,0.7941176470588235,0.22010791,71.72,6.269212036132814,3.2992120361328148,False,completo,True
4469,3111903,MG,Sudeste,46,0.7799359,0.9347826086956522,0.2200641,55.6,22.39359130859375,13.153591308593747,False,completo,True
4470,3136306,MG,Sudeste,545,0.77994275,0.7412844036697248,0.22005725,63.39,14.604277954101562,8.404277954101559,False,completo,False
4471,4204756,SC,Sul,8,0.780089,1.0,0.21991098,,,,False,completo,False
4472,3120839,MG,Sudeste,52,0.7802075,0.6923076923076923,0.21979249,80.0,-1.979248046875,-1.979248046875,True,completo,True
4473,3140308,MG,Sudeste,31,0.78024054,0.7096774193548387,0.21975946,64.77,13.254055480957035,7.594055480957024,False,completo,True
4474,4128500,PR,Sul,208,0.780273,0.7403846153846154,0.21972698,80.0,-1.9726943969726562,-1.9726943969726562,True,completo,True
4475,2608602,PE,Nordeste,97,0.78050303,0.8556701030927835,0.21949697,73.78,4.27030059814453,2.0703005981445273,False,completo,True
4476,4124400,PR,Sul,244,0.7806499,0.8155737704918032,0.2193501,79.58,-1.5150128173828108,-1.6550128173828114,True,completo,True
4477,3162807,MG,Sudeste,151,0.78078485,0.7019867549668874,0.21921515,80.0,-1.9215164184570312,-1.9215164184570312,True,completo,True
4478,3533304,SP,Sudeste,41,0.7807944,0.7317073170731707,0.21920562,78.23,-0.15056274414062898,-0.7505627441406233,True,parcial,True
4479,4201273,SC,Sul,55,0.7808046,0.9636363636363636,0.21919543,79.48,-1.3995404052734415,-1.5695404052734432,True,completo,True
4480,5218607,GO,Centro-Oeste,134,0.7808683,0.9701492537313433,0.21913171,70.11,7.976830139160157,4.386830139160153,False,completo,False
4481,3512100,SP,Sudeste,107,0.7809182,0.7289719626168224,0.21908182,80.0,-1.9081802368164062,-1.9081802368164062,True,parcial,True
4482,3130200,MG,Sudeste,126,0.7811291,0.7936507936507936,0.21887088,70.67,7.442915039062498,4.062915039062503,False,completo,True
4483,3519501,SP,Sudeste,65,0.7811651,0.7076923076923077,0.21883488,80.0,-1.88348388671875,-1.88348388671875,True,parcial,True
4484,3136801,MG,Sudeste,27,0.7812486,0.5555555555555556,0.21875137,65.99,12.134862670898443,6.954862670898436,False,completo,True
4485,3520608,SP,Sudeste,34,0.7812816,0.7058823529411765,0.21871841,80.0,-1.8718414306640625,-1.8718414306640625,True,parcial,False
4486,3102209,MG,Sudeste,46,0.7813061,0.8478260869565217,0.21869391,45.84,32.290607604980465,19.44060760498047,False,completo,True
4487,3139904,MG,Sudeste,137,0.78134143,0.7956204379562044,0.21865857,64.13,14.004140014648442,8.08414001464844,False,completo,True
4488,3519006,SP,Sudeste,86,0.7815779,0.813953488372093,0.21842211,80.0,-1.8422088623046875,-1.8422088623046875,True,parcial,True
4489,4123808,PR,Sul,116,0.7817699,0.8275862068965517,0.21823013,80.0,-1.8230133056640625,-1.8230133056640625,True,completo,True
4490,5204102,GO,Centro-Oeste,129,0.7817807,0.7829457364341085,0.21821928,74.25,3.928070068359375,1.8980700683593739,False,completo,True
4491,3134608,MG,Sudeste,197,0.78184646,0.7563451776649747,0.21815354,71.06,7.12464660644531,3.8946466064453062,False,completo,True
4492,3159803,MG,Sudeste,252,0.7818484,0.6309523809523809,0.21815163,72.24,5.944837341308599,3.1648373413085977,False,completo,False
4493,5203609,GO,Centro-Oeste,53,0.78188574,0.9056603773584906,0.21811426,54.03,24.158575744628905,14.318575744628909,False,completo,True
4494,5201454,GO,Centro-Oeste,39,0.78189534,0.8717948717948718,0.21810466,62.97,15.219537048339845,8.84953704833984,False,completo,False
4495,4103909,PR,Sul,227,0.7819081,0.7797356828193832,0.2180919,80.0,-1.8091888427734375,-1.8091888427734375,True,completo,True
4496,3131158,MG,Sudeste,190,0.78196895,0.7947368421052632,0.21803105,65.76,12.436891784667964,7.1568917846679625,False,completo,False
4497,2105351,MA,Nordeste,162,0.7820006,0.7283950617283951,0.2179994,80.0,-1.7999420166015625,-1.7999420166015625,True,completo,True
4498,3169406,MG,Sudeste,540,0.7820615,0.8203703703703704,0.21793848,64.27,13.93615386962891,8.07615386962891,False,completo,False
4499,4205605,SC,Sul,47,0.7822598,0.7021276595744681,0.21774018,80.0,-1.774017333984375,-1.774017333984375,True,completo,True
4500,4101408,PR,Sul,1191,0.78233844,0.7875734676742233,0.21766156,80.0,-1.7661590576171875,-1.7661590576171875,True,completo,True
4501,3119906,MG,Sudeste,51,0.7827893,1.0,0.21721071,74.76,3.518930664062495,1.6789306640625057,False,completo,False
4502,4106571,PR,Sul,38,0.78291476,0.868421052631579,0.21708524,80.0,-1.708526611328125,-1.708526611328125,True,completo,False
4503,5204706,GO,Centro-Oeste,144,0.78297967,0.8194444444444444,0.21702033,74.74,3.557966003417974,1.7079660034179653,False,completo,False
4504,3500600,SP,Sudeste,42,0.7829869,0.8095238095238095,0.21701312,80.0,-1.7013092041015625,-1.7013092041015625,True,parcial,True
4505,3157005,MG,Sudeste,392,0.7830991,0.7704081632653061,0.21690089,74.1,4.209913635253912,2.1299136352538994,False,completo,True
4506,2201919,PI,Nordeste,37,0.7831074,0.7567567567567568,0.2168926,80.0,-1.6892623901367188,-1.6892623901367188,True,completo,True
4507,2100105,MA,Nordeste,58,0.7831378,0.9310344827586207,0.2168622,73.36,4.953781738281251,2.593781738281251,False,completo,True
4508,3140902,MG,Sudeste,247,0.78315383,0.8097165991902834,0.21684617,80.0,-1.6846160888671875,-1.6846160888671875,True,completo,True
4509,3551306,SP,Sudeste,34,0.7831559,0.7647058823529411,0.21684408,80.0,-1.6844100952148438,-1.6844100952148438,True,parcial,True
4510,3146008,MG,Sudeste,230,0.7831785,0.8565217391304348,0.21682149,66.49,11.827848205566411,6.837848205566402,False,completo,True
4511,3113206,MG,Sudeste,209,0.7832898,0.8229665071770335,0.21671021,73.09,5.238979492187497,2.778979492187503,False,completo,True
4512,3108602,MG,Sudeste,283,0.7833046,0.7667844522968198,0.21669543,75.81,2.5204595947265602,1.0604595947265665,False,completo,True
4513,4103222,PR,Sul,49,0.78332096,0.7142857142857143,0.21667904,80.0,-1.6679000854492188,-1.6679000854492188,True,completo,True
4514,4126306,PR,Sul,226,0.78333926,0.8230088495575221,0.21666074,80.0,-1.66607666015625,-1.66607666015625,True,completo,True
4515,4106209,PR,Sul,270,0.78381634,0.774074074074074,0.21618366,78.62,-0.23836242675781705,-0.7083624267578159,True,completo,True
4516,4202131,SC,Sul,65,0.78385615,0.8153846153846154,0.21614385,80.0,-1.6143875122070312,-1.6143875122070312,True,completo,True
4517,3163805,MG,Sudeste,68,0.7839006,0.7794117647058824,0.21609938,75.65,2.740060424804682,1.2200604248046858,False,completo,False
4518,2309706,CE,Nordeste,812,0.78399694,0.7832512315270936,0.21600306,76.63,1.7696963500976608,0.60969635009765,False,completo,True
4519,3201407,ES,Sudeste,303,0.7840113,0.8283828382838284,0.2159887,73.43,4.971130676269524,2.641130676269526,False,completo,True
4520,2107258,MA,Nordeste,70,0.784063,0.7714285714285715,0.21593702,80.0,-1.5937042236328125,-1.5937042236328125,True,completo,True
4521,3152600,MG,Sudeste,61,0.78409064,0.8032786885245902,0.21590936,78.67,-0.26093475341797046,-0.7109347534179733,True,completo,True
4522,3159407,MG,Sudeste,25,0.7842343,0.88,0.21576571,67.77,10.653431396484379,6.16343139648437,False,completo,True
4523,3532843,SP,Sudeste,18,0.7842492,0.7222222222222222,0.21575081,79.1,-0.6750808715820256,-0.9750808715820369,True,parcial,True
4524,3119302,MG,Sudeste,289,0.7842632,0.7958477508650519,0.2157368,47.93,30.49632293701172,18.396322937011718,False,completo,True
4525,2515203,PB,Nordeste,33,0.78436303,0.696969696969697,0.21563697,80.0,-1.5636978149414062,-1.5636978149414062,True,completo,True
4526,2112852,MA,Nordeste,167,0.78447026,0.7425149700598802,0.21552974,80.0,-1.5529708862304688,-1.5529708862304688,True,completo,True
4527,3145703,MG,Sudeste,18,0.7844906,0.8333333333333334,0.21550941,72.78,5.669058532714843,3.0890585327148443,False,completo,False
4528,2311900,CE,Nordeste,141,0.78466237,0.8156028368794326,0.21533763,76.08,2.3862399291992205,1.026239929199221,False,completo,True
4529,3124401,MG,Sudeste,96,0.78472596,0.6666666666666666,0.21527404,68.68,9.792595214843743,5.652595214843757,False,completo,True
4530,2701100,AL,Nordeste,118,0.7849155,0.7966101694915254,0.2150845,76.97,1.5215542602539074,0.47155426025391023,False,completo,True
4531,3170651,MG,Sudeste,49,0.78503996,0.8979591836734694,0.21496004,64.67,13.833997802734373,8.13399780273437,False,completo,True
4532,3171709,MG,Sudeste,84,0.78504115,0.7380952380952381,0.21495885,61.6,16.904112243652342,9.994112243652339,False,completo,True
4533,3204351,ES,Sudeste,241,0.7852581,0.8298755186721992,0.21474189,75.44,3.085810241699221,1.4858102416992125,False,completo,True
4534,3159100,MG,Sudeste,18,0.78528863,0.9444444444444444,0.21471137,64.44,14.088861999511721,8.298861999511715,False,completo,True
4535,4105300,PR,Sul,130,0.7853677,0.8461538461538461,0.21463227,80.0,-1.463226318359375,-1.463226318359375,True,completo,True
4536,3514700,SP,Sudeste,83,0.7854133,0.9518072289156626,0.21458668,78.18,0.3613360595703057,-0.25866394042968466,False,parcial,True
4537,3540101,SP,Sudeste,33,0.7855996,0.9090909090909091,0.21440041,80.0,-1.4400405883789062,-1.4400405883789062,True,parcial,False
4538,3145372,MG,Sudeste,30,0.7857031,0.9333333333333333,0.21429688,69.97,8.600312500000001,4.9503124999999955,False,completo,True
4539,3156452,MG,Sudeste,23,0.78570443,0.782608695652174,0.21429557,59.92,18.65044219970703,11.080442199707036,False,completo,True
4540,3134806,MG,Sudeste,84,0.78571045,0.8452380952380952,0.21428955,72.3,6.271044921875003,3.5110449218749977,False,completo,True
4541,3201159,ES,Sudeste,218,0.7857822,0.8899082568807339,0.21421778,69.4,9.1782241821289,5.318224182128901,False,completo,True
4542,3163508,MG,Sudeste,55,0.7857975,0.8181818181818182,0.21420252,59.37,19.20975006103516,11.42975006103515,False,completo,True
4543,4104402,PR,Sul,153,0.7859422,0.8562091503267973,0.2140578,80.0,-1.4057769775390625,-1.4057769775390625,True,completo,True
4544,3107307,MG,Sudeste,514,0.7859557,0.7821011673151751,0.21404427,70.61,7.985573425292969,4.585573425292964,False,completo,True
4545,4123501,PR,Sul,343,0.7861596,0.793002915451895,0.21384043,79.32,-0.7040408325195244,-0.9340408325195284,True,completo,False
4546,4102000,PR,Sul,393,0.7862046,0.806615776081425,0.21379542,80.0,-1.3795394897460938,-1.3795394897460938,True,completo,True
4547,3544202,SP,Sudeste,85,0.7862118,0.8470588235294118,0.21378821,80.0,-1.3788223266601562,-1.3788223266601562,True,parcial,False
4548,3306156,RJ,Sudeste,60,0.78621596,0.8333333333333334,0.21378404,,,-1.3784027099609375,False,completo,False
4549,2514800,PB,Nordeste,21,0.786276,0.9523809523809523,0.21372402,80.0,-1.3723983764648438,-1.3723983764648438,True,completo,True
4550,3102100,MG,Sudeste,90,0.7862844,0.8555555555555555,0.21371561,,,,False,completo,True
4551,3158201,MG,Sudeste,118,0.78630114,0.8389830508474576,0.21369886,64.62,14.010111694335933,8.290111694335934,False,completo,False
4552,4107603,PR,Sul,212,0.78644943,0.7216981132075472,0.21355057,80.0,-1.3550567626953125,-1.3550567626953125,True,completo,True
4553,3166402,MG,Sudeste,20,0.786455,0.75,0.21354502,66.62,12.025500183105464,7.0855001831054665,False,completo,False
4554,2308302,CE,Nordeste,256,0.7865994,0.79296875,0.2134006,76.0,2.659942626953125,1.2699426269531244,False,completo,True
4555,3109501,MG,Sudeste,95,0.7866414,0.8631578947368421,0.21335858,73.25,5.4141387939453125,3.014138793945307,False,completo,True
4556,3163706,MG,Sudeste,367,0.78666955,0.8528610354223434,0.21333045,66.73,11.93695404052734,7.036954040527348,False,completo,True
4557,3203353,ES,Sudeste,124,0.78678435,0.782258064516129,0.21321565,78.73,-0.05156372070312898,-0.4815637207031216,True,completo,True
4558,5200852,GO,Centro-Oeste,52,0.78678787,0.7884615384615384,0.21321213,75.18,3.4987872314453057,1.808787231445308,False,completo,True
4559,3123007,MG,Sudeste,101,0.78682077,0.7623762376237624,0.21317923,58.87,19.812075500488284,11.842075500488278,False,completo,True
4560,2307205,CE,Nordeste,93,0.7869817,0.7741935483870968,0.2130183,75.23,3.4681735229492148,1.798173522949213,False,completo,True
4561,5204409,GO,Centro-Oeste,149,0.7870067,0.8456375838926175,0.21299332,77.1,1.6006683349609432,0.6006683349609432,False,completo,False
4562,3114303,MG,Sudeste,285,0.78704774,0.8666666666666667,0.21295226,71.94,6.764772949218752,3.8747729492187517,False,completo,False
4563,3117108,MG,Sudeste,97,0.78706384,0.7835051546391752,0.21293616,72.31,6.3963827514648415,3.6363827514648506,False,completo,True
4564,3149606,MG,Sudeste,57,0.7871103,0.8070175438596491,0.21288967,66.77,11.941029052734379,7.061029052734369,False,completo,True
4565,3139003,MG,Sudeste,315,0.7871339,0.8920634920634921,0.21286613,63.26,15.453386535644533,9.193386535644535,False,completo,True
4566,5220405,GO,Centro-Oeste,216,0.7871547,0.8240740740740741,0.21284533,73.9,4.815469360351557,2.6554693603515602,False,completo,True
4567,3204955,ES,Sudeste,103,0.7871876,0.8932038834951457,0.21281242,75.39,3.3287576293945307,1.7187576293945312,False,completo,True
4568,3114105,MG,Sudeste,145,0.78722495,0.7586206896551724,0.21277505,60.43,18.292496032714844,10.932496032714837,False,completo,True
4569,3514957,SP,Sudeste,26,0.7872846,0.7307692307692307,0.21271539,80.0,-1.2715377807617188,-1.2715377807617188,True,parcial,True
4570,4115358,PR,Sul,108,0.78735363,0.7685185185185185,0.21264637,80.0,-1.2646331787109375,-1.2646331787109375,True,completo,False
4571,3120201,MG,Sudeste,122,0.7873944,0.860655737704918,0.2126056,69.33,9.409440917968752,5.519440917968751,False,completo,True
4572,3167707,MG,Sudeste,40,0.7874551,0.775,0.21254492,68.72,10.025506286621095,5.895506286621099,False,completo,False
4573,3135456,MG,Sudeste,44,0.7874916,0.5909090909090909,0.21250838,,,,False,completo,False
4574,3138104,MG,Sudeste,50,0.78750575,0.48,0.21249425,80.0,-1.2494277954101562,-1.2494277954101562,True,completo,True
4575,3169208,MG,Sudeste,67,0.7875246,0.8059701492537313,0.21247542,60.67,18.08245666503906,10.812456665039065,False,completo,True
4576,3203007,ES,Sudeste,370,0.78765076,0.7,0.21234924,73.2,5.565075683593747,3.1450756835937455,False,completo,False
4577,4108452,PR,Sul,82,0.78774315,0.7804878048780488,0.21225685,80.0,-1.2256851196289062,-1.2256851196289062,True,completo,True
4578,5003454,MS,Centro-Oeste,179,0.78774333,0.664804469273743,0.21225667,80.0,-1.2256698608398438,-1.2256698608398438,True,completo,True
4579,4101309,PR,Sul,93,0.78779215,0.8817204301075269,0.21220785,80.0,-1.2207870483398438,-1.2207870483398438,True,completo,False
4580,3153301,MG,Sudeste,44,0.7878411,0.7954545454545454,0.21215892,76.39,2.394111022949218,1.1441110229492182,False,completo,True
4581,4124301,PR,Sul,27,0.78788954,0.8148148148148148,0.21211046,80.0,-1.2110443115234375,-1.2110443115234375,True,completo,True
4582,3153202,MG,Sudeste,22,0.7879336,0.5454545454545454,0.21206641,80.0,-1.2066421508789062,-1.2066421508789062,True,completo,True
4583,4111704,PR,Sul,84,0.7881005,0.7380952380952381,0.21189952,80.0,-1.1899490356445312,-1.1899490356445312,True,completo,True
4584,3204500,ES,Sudeste,99,0.7881028,0.7373737373737373,0.2118972,80.0,-1.1897201538085938,-1.1897201538085938,True,completo,True
4585,2207777,PI,Nordeste,46,0.7882214,0.6304347826086957,0.21177858,80.0,-1.1778564453125,-1.1778564453125,True,completo,True
4586,3162559,MG,Sudeste,152,0.7882287,0.7171052631578947,0.21177131,77.22,1.6028683471679699,0.6428683471679619,False,completo,True
4587,3169109,MG,Sudeste,109,0.78829926,0.8899082568807339,0.21170074,65.89,12.939925537109374,7.719925537109376,False,completo,True
4588,5218300,GO,Centro-Oeste,395,0.7883433,0.810126582278481,0.21165669,76.74,2.0943276977539114,0.9643276977539017,False,completo,True
4589,2202075,PI,Nordeste,24,0.7884881,0.75,0.21151191,80.0,-1.1511917114257812,-1.1511917114257812,True,completo,True
4590,3108552,MG,Sudeste,206,0.7888662,0.7669902912621359,0.21113378,77.23,1.6566195678710898,0.7066195678710869,False,completo,False
4591,3116308,MG,Sudeste,47,0.7889218,0.8085106382978723,0.21107823,74.17,4.722173767089842,2.6621737670898398,False,completo,False
4592,5200902,GO,Centro-Oeste,31,0.7889638,0.8064516129032258,0.2110362,72.21,6.686377563476569,3.8963775634765625,False,completo,True
4593,2110500,MA,Nordeste,309,0.78902984,0.7961165048543689,0.21097016,80.0,-1.097015380859375,-1.097015380859375,True,completo,True
4594,3126950,MG,Sudeste,23,0.78909457,0.8695652173913043,0.21090543,,,,False,completo,False
4595,3305901,RJ,Sudeste,61,0.78910506,0.7868852459016393,0.21089494,77.65,1.2605072021484318,0.46050720214843466,False,completo,False
4596,3161205,MG,Sudeste,64,0.78911513,0.90625,0.21088487,78.86,0.05151428222656307,-0.3384857177734375,False,completo,True
4597,5221551,GO,Centro-Oeste,69,0.78913665,0.8695652173913043,0.21086335,70.07,8.843665771484382,5.243665771484373,False,completo,False
4598,3150604,MG,Sudeste,63,0.7893743,0.7777777777777778,0.21062571,69.08,9.85743133544922,5.867431335449226,False,completo,True
4599,3549300,SP,Sudeste,14,0.7896052,1.0,0.2103948,80.0,-1.0394821166992188,-1.0394821166992188,True,parcial,True
4600,3127909,MG,Sudeste,17,0.7896196,0.9411764705882353,0.21038038,,,,False,completo,True
4601,2513968,PB,Nordeste,22,0.7897206,0.5454545454545454,0.2102794,80.0,-1.0279388427734375,-1.0279388427734375,True,completo,True
4602,4213104,SC,Sul,67,0.7897407,0.835820895522388,0.21025932,80.0,-1.0259323120117188,-1.0259323120117188,True,completo,True
4603,4103024,PR,Sul,28,0.7897964,0.9285714285714286,0.21020359,75.76,3.21964477539062,1.7396447753906301,False,completo,True
4604,3122207,MG,Sudeste,93,0.79014385,0.8709677419354839,0.20985615,69.54,9.4743814086914,5.664381408691412,False,completo,True
4605,4202156,SC,Sul,35,0.79017735,0.8,0.20982265,74.01,5.00773071289062,2.8877307128906295,False,completo,True
4606,3149101,MG,Sudeste,90,0.7902639,0.8666666666666667,0.20973611,55.01,24.016390075683596,14.54639007568359,False,completo,True
4607,3165107,MG,Sudeste,84,0.7903543,0.8214285714285714,0.20964569,70.04,8.995430908203119,5.375430908203128,False,completo,True
4608,3117900,MG,Sudeste,117,0.7904122,0.8376068376068376,0.20958781,74.47,4.571221618652345,2.621221618652342,False,completo,True
4609,3118700,MG,Sudeste,74,0.7904523,0.8243243243243243,0.2095477,72.67,6.375227050781248,3.7552270507812437,False,completo,False
4610,3138500,MG,Sudeste,38,0.7905178,0.7105263157894737,0.2094822,60.12,18.931780700683596,11.441780700683594,False,completo,True
4611,4215554,SC,Sul,24,0.7905467,0.6666666666666666,0.20945328,78.58,0.4746722412109392,-0.005327758789064774,False,completo,True
4612,4121802,PR,Sul,143,0.79061556,0.8601398601398601,0.20938444,75.41,3.6515539550781284,2.041553955078129,False,completo,True
4613,3147303,MG,Sudeste,186,0.7906315,0.8118279569892473,0.20936853,63.95,15.113148498535153,9.123148498535159,False,completo,True
4614,3164803,MG,Sudeste,9,0.7907579,1.0,0.2092421,68.83,10.24579040527344,6.165790405273441,False,completo,True
4615,4107736,PR,Sul,79,0.7908431,0.7974683544303798,0.20915687,80.0,-0.9156875610351562,-0.9156875610351562,True,completo,True
4616,3115102,MG,Sudeste,170,0.79088676,0.7764705882352941,0.20911324,72.14,6.948676452636718,4.128676452636725,False,completo,True
4617,4122503,PR,Sul,141,0.79095083,0.7588652482269503,0.20904917,80.0,-0.9049148559570312,-0.9049148559570312,True,completo,True
4618,3149903,MG,Sudeste,168,0.7911072,0.7916666666666666,0.20889282,72.62,6.4907177734374955,3.850717773437495,False,completo,True
4619,3162609,MG,Sudeste,76,0.79110944,0.6842105263157895,0.20889056,80.0,-0.8890533447265625,-0.8890533447265625,True,completo,True
4620,3112208,MG,Sudeste,31,0.7911396,0.7741935483870968,0.2088604,80.0,-0.8860397338867188,-0.8860397338867188,True,completo,True
4621,3110608,MG,Sudeste,252,0.7911738,0.8214285714285714,0.20882618,67.59,11.527378234863278,6.967378234863276,False,completo,True
4622,4123709,PR,Sul,107,0.7912611,0.7476635514018691,0.20873892,80.0,-0.8738937377929688,-0.8738937377929688,True,completo,False
4623,4115408,PR,Sul,171,0.79134876,0.847953216374269,0.20865124,78.57,0.5648724365234443,0.08487243652344034,False,completo,True
4624,2612471,PE,Nordeste,124,0.79143846,0.8709677419354839,0.20856154,76.08,3.063844604492189,1.7038446044921898,False,completo,True
4625,3135407,MG,Sudeste,70,0.7914489,0.8857142857142857,0.20855111,69.58,9.56488983154297,5.774889831542964,False,completo,False
4626,5106703,MT,Centro-Oeste,32,0.791474,0.96875,0.20852602,77.25,1.89739990234375,0.9473999023437472,False,completo,True
4627,2505006,PB,Nordeste,86,0.7914787,0.9767441860465116,0.2085213,73.11,6.037872924804688,3.5778729248046943,False,completo,True
4628,3151008,MG,Sudeste,101,0.7914794,0.8514851485148515,0.20852059,71.05,8.097941589355472,4.867941589355468,False,completo,True
4629,3122306,MG,Sudeste,1768,0.7914815,0.7771493212669683,0.2085185,67.23,11.918147583007809,7.218147583007806,False,completo,True
4630,5106190,MT,Centro-Oeste,84,0.79152364,0.75,0.20847636,79.33,-0.17763336181640454,-0.4076333618164085,True,completo,True
4631,2210359,PI,Nordeste,26,0.79163486,0.7307692307692307,0.20836514,80.0,-0.836517333984375,-0.836517333984375,True,completo,True
4632,3145901,MG,Sudeste,387,0.7916552,0.813953488372093,0.20834482,67.76,11.405519714355464,6.905519714355464,False,completo,True
4633,4208401,SC,Sul,231,0.79166526,0.8225108225108225,0.20833474,72.9,6.266526794433588,3.726526794433596,False,completo,True
4634,5209804,GO,Centro-Oeste,40,0.79173815,0.725,0.20826185,70.15,9.023812866210932,5.453812866210939,False,completo,True
4635,3146503,MG,Sudeste,70,0.7917802,0.8714285714285714,0.20821983,69.54,9.63801666259765,5.828016662597662,False,completo,True
4636,3533700,SP,Sudeste,52,0.7917901,0.9038461538461539,0.20820987,80.0,-0.82098388671875,-0.82098388671875,True,parcial,True
4637,3169356,MG,Sudeste,283,0.7918099,0.833922261484099,0.20819008,70.22,8.960992126464845,5.410992126464848,False,completo,True
4638,3205150,ES,Sudeste,62,0.79182446,0.6129032258064516,0.20817554,75.41,3.772449340820316,2.1624493408203165,False,completo,False
4639,5104542,MT,Centro-Oeste,112,0.7919298,0.7767857142857143,0.20807022,80.0,-0.8070220947265625,-0.8070220947265625,True,completo,True
4640,5209291,GO,Centro-Oeste,21,0.79203403,0.9523809523809523,0.20796597,73.75,5.453399658203125,3.2433996582031313,False,completo,True
4641,4106803,PR,Sul,183,0.79209816,0.8469945355191257,0.20790184,80.0,-0.7901840209960938,-0.7901840209960938,True,completo,True
4642,5221809,GO,Centro-Oeste,34,0.7921897,0.6764705882352942,0.20781028,78.38,0.8389712524414108,0.28897125244139943,False,completo,True
4643,3116209,MG,Sudeste,46,0.7922229,0.7608695652173914,0.20777708,77.9,1.3222900390624943,0.6122900390625006,False,completo,True
4644,3151404,MG,Sudeste,269,0.7922371,0.7881040892193308,0.2077629,80.0,-0.7762908935546875,-0.7762908935546875,True,completo,True
4645,2701001,AL,Nordeste,238,0.7924371,0.8823529411764706,0.20756292,74.59,4.653705749511715,2.753705749511724,False,completo,True
4646,3145505,MG,Sudeste,31,0.7924542,0.9354838709677419,0.20754582,65.19,14.055414733886721,8.555414733886721,False,completo,True
4647,3129103,MG,Sudeste,43,0.7925134,0.8604651162790697,0.20748663,77.39,1.8613351440429682,0.9713351440429676,False,completo,True
4648,3133105,MG,Sudeste,107,0.79258555,0.8037383177570093,0.20741445,80.0,-0.7414474487304688,-0.7414474487304688,True,completo,True
4649,4205357,SC,Sul,24,0.7925965,0.5833333333333334,0.20740348,80.0,-0.7403488159179688,-0.7403488159179688,True,completo,True
4650,3161007,MG,Sudeste,121,0.79260993,0.8429752066115702,0.20739007,70.8,8.460993957519534,5.130993957519536,False,completo,True
4651,2702108,AL,Nordeste,184,0.7926898,0.7336956521739131,0.2073102,80.0,-0.73101806640625,-0.73101806640625,True,completo,True
4652,3127404,MG,Sudeste,48,0.7926905,0.7708333333333334,0.20730948,65.09,14.179050598144528,8.639050598144536,False,completo,True
4653,4116703,PR,Sul,130,0.79269665,0.7538461538461538,0.20730335,80.0,-0.7303314208984375,-0.7303314208984375,True,completo,True
4654,3531001,SP,Sudeste,26,0.79283935,0.8076923076923077,0.20716065,80.0,-0.716064453125,-0.716064453125,True,parcial,True
4655,2504850,PB,Nordeste,15,0.792863,0.9333333333333333,0.20713699,75.76,3.5263006591796824,2.0463006591796926,False,completo,True
4656,2205276,PI,Nordeste,41,0.7929568,0.9512195121951219,0.20704317,74.79,4.505684814453119,2.6756848144531205,False,completo,True
4657,3167103,MG,Sudeste,149,0.7931332,0.6711409395973155,0.2068668,,,,False,completo,False
4658,3156403,MG,Sudeste,37,0.79315215,0.7027027027027027,0.20684785,61.43,17.885216064453125,10.91521606445312,False,completo,True
4659,3123502,MG,Sudeste,19,0.79321015,0.7894736842105263,0.20678985,,,,False,completo,True
4660,4120606,PR,Sul,486,0.7932433,0.8251028806584362,0.20675671,80.0,-0.6756744384765625,-0.6756744384765625,True,completo,True
4661,3200169,ES,Sudeste,152,0.7934204,0.8157894736842105,0.20657963,77.74,1.6020410156250051,0.822041015625004,False,completo,True
4662,4115754,PR,Sul,149,0.7935832,0.8120805369127517,0.20641679,80.0,-0.6416778564453125,-0.6416778564453125,True,completo,False
4663,4127700,PR,Sul,1590,0.7936117,0.8188679245283019,0.2063883,79.64,-0.2788320922851568,-0.39883209228516137,True,completo,True
4664,4122701,PR,Sul,144,0.7938123,0.7986111111111112,0.20618773,80.0,-0.6187744140625,-0.6187744140625,True,completo,False
4665,3148004,MG,Sudeste,1280,0.79385084,0.803125,0.20614916,70.88,8.505086059570317,5.215086059570311,False,completo,True
4666,2301307,CE,Nordeste,285,0.79389685,0.7719298245614035,0.20610315,76.18,3.2096865844726494,1.8796865844726511,False,completo,True
4667,3127503,MG,Sudeste,40,0.7939775,0.825,0.2060225,68.63,10.767750854492192,6.607750854492181,False,completo,False
4668,3137809,MG,Sudeste,186,0.79412144,0.7096774193548387,0.20587856,68.05,11.362147521972659,6.9721475219726585,False,completo,True
4669,3126000,MG,Sudeste,78,0.79417866,0.8589743589743589,0.20582134,60.94,18.477869567871096,11.307869567871094,False,completo,True
4670,2307502,CE,Nordeste,245,0.7943243,0.7428571428571429,0.20567572,76.08,3.3524264526367205,1.992426452636721,False,completo,True
4671,3114600,MG,Sudeste,49,0.7943708,0.8979591836734694,0.20562923,71.89,7.547080383300781,4.637080383300784,False,completo,True
4672,3155603,MG,Sudeste,268,0.79449475,0.8694029850746269,0.20550525,74.39,5.059478149414062,3.079478149414058,False,completo,True
4673,5212303,GO,Centro-Oeste,87,0.7945881,0.7586206896551724,0.20541191,78.01,1.4488088989257761,0.7688088989257835,False,completo,False
4674,3106655,MG,Sudeste,42,0.7946327,0.8333333333333334,0.20536733,70.18,9.283264465332024,5.723264465332036,False,completo,True
4675,3152709,MG,Sudeste,58,0.7946514,0.9310344827586207,0.20534861,74.26,5.205141296386714,3.1751412963867125,False,completo,False
4676,3150505,MG,Sudeste,71,0.7946537,0.9436619718309859,0.20534629,73.93,5.535370178222649,3.385370178222658,False,completo,False
4677,3166303,MG,Sudeste,65,0.79469764,0.8461538461538461,0.20530236,70.39,9.079764709472656,5.599764709472652,False,completo,True
4678,4109104,PR,Sul,18,0.7947867,0.6666666666666666,0.20521331,80.0,-0.521331787109375,-0.521331787109375,True,completo,True
4679,4206405,SC,Sul,85,0.79483443,0.8352941176470589,0.20516557,80.0,-0.5165557861328125,-0.5165557861328125,True,completo,False
4680,5213509,GO,Centro-Oeste,64,0.7950618,0.8125,0.20493817,74.82,4.686179809570319,2.866179809570312,False,completo,True
4681,3133808,MG,Sudeste,666,0.7950637,0.8678678678678678,0.20493633,71.43,8.076370544433587,4.996370544433589,False,completo,True
4682,2607752,PE,Nordeste,274,0.7950868,0.8284671532846716,0.2049132,78.03,1.4786822509765614,0.8086822509765597,False,completo,True
4683,3108305,MG,Sudeste,166,0.79516095,0.8012048192771084,0.20483905,67.91,11.606098022460941,7.166098022460943,False,completo,True
4684,3305133,RJ,Sudeste,36,0.7952314,0.8055555555555556,0.2047686,75.86,3.663139953613282,2.223139953613284,False,completo,True
4685,3153806,MG,Sudeste,20,0.7952819,0.95,0.20471811,64.59,14.938190612792965,9.208190612792976,False,completo,False
4686,3162948,MG,Sudeste,91,0.7953929,0.7252747252747253,0.20460713,80.0,-0.46071624755859375,-0.46071624755859375,True,completo,True
4687,4116406,PR,Sul,39,0.79561764,0.9487179487179487,0.20438236,79.27,0.291767578125004,0.04176757812500398,False,completo,True
4688,3116407,MG,Sudeste,68,0.7956251,0.8529411764705882,0.20437491,75.74,3.8225076293945364,2.3425076293945324,False,completo,True
4689,3115201,MG,Sudeste,27,0.7956363,0.7037037037037037,0.2043637,70.55,9.013629150390628,5.583629150390621,False,completo,False
4690,3103900,MG,Sudeste,93,0.7956407,0.9032258064516129,0.2043593,74.92,4.644071655273436,2.8540716552734438,False,completo,False
4691,3148301,MG,Sudeste,79,0.79574543,0.9113924050632911,0.20425457,58.13,21.44454681396484,13.184546813964843,False,completo,True
4692,4118105,PR,Sul,131,0.7958062,0.8015267175572519,0.20419377,80.0,-0.41938018798828125,-0.41938018798828125,True,completo,False
4693,3155306,MG,Sudeste,49,0.7958217,0.9795918367346939,0.20417827,72.62,6.962176208496089,4.322176208496089,False,completo,False
4694,3137502,MG,Sudeste,199,0.7958481,0.8241206030150754,0.20415193,63.75,15.834808349609375,9.774808349609373,False,completo,True
4695,3110202,MG,Sudeste,46,0.79600275,0.6956521739130435,0.20399725,66.8,12.800273132324222,7.930273132324217,False,completo,True
4696,3147808,MG,Sudeste,22,0.7960199,0.7727272727272727,0.20398009,64.23,15.371989746093746,9.49198974609375,False,completo,True
4697,4113734,PR,Sul,92,0.7960245,0.8695652173913043,0.2039755,80.0,-0.397552490234375,-0.397552490234375,True,completo,False
4698,3158300,MG,Sudeste,58,0.7961077,0.8793103448275862,0.20389229,67.34,12.270771179199215,7.610771179199219,False,completo,False
4699,3120870,MG,Sudeste,102,0.79614145,0.803921568627451,0.20385855,79.36,0.2541433715820318,0.04414337158203807,False,completo,False
4700,3145000,MG,Sudeste,171,0.796155,0.7894736842105263,0.20384502,73.54,6.075493774414056,3.785493774414064,False,completo,False
4701,4111605,PR,Sul,29,0.7962492,0.8620689655172413,0.20375079,78.99,0.6349237060546926,0.2949237060546892,False,completo,True
4702,4124608,PR,Sul,75,0.79648554,0.7333333333333333,0.20351446,78.54,1.1085519409179625,0.6085519409179625,False,completo,True
4703,3202702,ES,Sudeste,142,0.796557,0.8732394366197183,0.20344299,74.88,4.7757006835937545,2.975700683593743,False,completo,True
4704,4110409,PR,Sul,53,0.79661894,0.6981132075471698,0.20338106,80.0,-0.338104248046875,-0.338104248046875,True,completo,False
4705,2202109,PI,Nordeste,32,0.7966356,1.0,0.20336437,80.0,-0.3364410400390625,-0.3364410400390625,True,completo,True
4706,3103603,MG,Sudeste,28,0.79664814,0.5714285714285714,0.20335186,75.76,3.9048178100585886,2.424817810058599,False,completo,True
4707,3135902,MG,Sudeste,60,0.79678303,0.8166666666666667,0.20321697,65.01,14.668306579589839,9.098306579589845,False,completo,False
4708,5107925,MT,Centro-Oeste,1711,0.7968475,0.8158971361776739,0.20315248,79.21,0.47475341796875625,0.20475341796874602,False,completo,True
4709,3149804,MG,Sudeste,229,0.7969191,0.834061135371179,0.2030809,69.85,9.841909790039068,6.151909790039056,False,completo,True
4710,4114351,PR,Sul,31,0.7969361,0.7096774193548387,0.2030639,80.0,-0.30638885498046875,-0.30638885498046875,True,completo,True
4711,3168002,MG,Sudeste,380,0.7970689,0.8578947368421053,0.2029311,70.99,8.716886291503911,5.456886291503906,False,completo,True
4712,4120655,PR,Sul,37,0.7971007,0.5945945945945946,0.20289928,79.9,-0.18992462158203693,-0.21992462158203807,True,completo,True
4713,3151305,MG,Sudeste,121,0.7971241,0.859504132231405,0.20287591,75.54,4.172409973144525,2.612409973144537,False,completo,False
4714,2604155,PE,Nordeste,73,0.79715985,0.8493150684931506,0.20284015,79.54,0.17598815917968125,0.025988159179689774,False,completo,True
4715,3143104,MG,Sudeste,422,0.7973626,0.8317535545023697,0.20263737,66.33,13.40625946044922,8.356259460449223,False,completo,False
4716,3134301,MG,Sudeste,52,0.79738724,0.8269230769230769,0.20261276,62.66,17.078723754882816,10.588723754882807,False,completo,True
4717,3102902,MG,Sudeste,91,0.79743105,0.7142857142857143,0.20256895,78.32,1.4231030273437568,0.8531030273437494,False,completo,True
4718,3156106,MG,Sudeste,34,0.7974354,0.8235294117647058,0.2025646,66.87,12.873537902832027,8.033537902832038,False,completo,True
4719,4124053,PR,Sul,219,0.7976478,0.7899543378995434,0.20235223,80.0,-0.23522186279296875,-0.23522186279296875,True,completo,True
4720,3121704,MG,Sudeste,35,0.79769665,0.7714285714285715,0.20230335,78.65,1.1196685791015568,0.6596685791015631,False,completo,False
4721,3160504,MG,Sudeste,12,0.797704,0.9166666666666666,0.20229602,63.31,16.46040100097656,10.220401000976565,False,completo,True
4722,2614402,PE,Nordeste,70,0.79775304,0.9428571428571428,0.20224696,75.45,4.325306701660153,2.73530670166015,False,completo,True
4723,3126406,MG,Sudeste,22,0.797786,0.9090909090909091,0.202214,62.69,17.08860260009766,10.608602600097655,False,completo,True
4724,3107604,MG,Sudeste,47,0.797809,0.8723404255319149,0.202191,55.99,23.79089904785156,14.700899047851564,False,completo,True
4725,3200706,ES,Sudeste,113,0.79794014,0.7787610619469026,0.20205986,75.4,4.394013977050776,2.784013977050776,False,completo,True
4726,5203401,GO,Centro-Oeste,75,0.79798967,0.7333333333333333,0.20201033,79.26,0.5389654541015574,0.2889654541015574,False,completo,True
4727,5204656,GO,Centro-Oeste,44,0.7980538,0.8181818181818182,0.2019462,71.97,7.835381774902345,4.955381774902349,False,completo,True
4728,3171907,MG,Sudeste,31,0.7981833,0.7096774193548387,0.20181668,80.0,-0.181671142578125,-0.181671142578125,True,completo,True
4729,4200804,SC,Sul,66,0.79819757,0.803030303030303,0.20180243,77.89,1.9297555541992182,1.2097555541992193,False,completo,True
4730,3136900,MG,Sudeste,122,0.7982736,0.8278688524590164,0.20172638,78.72,1.1073620605468761,0.6773620605468693,False,completo,True
4731,3105608,MG,Sudeste,860,0.7982982,0.8383720930232558,0.20170182,62.71,17.119818725585937,10.64981872558593,False,completo,True
4732,3132206,MG,Sudeste,142,0.79846424,0.9084507042253521,0.20153576,60.81,19.036420288085935,11.816420288085936,False,completo,True
4733,5208905,GO,Centro-Oeste,152,0.7984757,0.875,0.20152432,69.49,10.35756469726563,6.527564697265632,False,completo,True
4734,2106003,MA,Nordeste,131,0.7984891,0.9083969465648855,0.2015109,80.0,-0.151092529296875,-0.151092529296875,True,completo,False
4735,3165701,MG,Sudeste,85,0.79856735,0.9176470588235294,0.20143265,68.56,11.296735229492185,7.1067352294921875,False,completo,True
4736,3148202,MG,Sudeste,54,0.7985798,0.8148148148148148,0.20142019,73.79,6.067978820800775,3.8679788208007864,False,completo,True
4737,2608701,PE,Nordeste,103,0.7986737,0.8640776699029126,0.20132631,72.37,7.4973706054687455,4.767370605468756,False,completo,True
4738,2209450,PI,Nordeste,23,0.79870695,0.782608695652174,0.20129305,80.0,-0.129302978515625,-0.129302978515625,True,completo,False
4739,4113403,PR,Sul,39,0.798801,0.8974358974358975,0.201199,80.0,-0.11989593505859375,-0.11989593505859375,True,completo,False
4740,3104601,MG,Sudeste,123,0.79880893,0.8861788617886179,0.20119107,75.66,4.220889892578128,2.700889892578118,False,completo,True
4741,3113602,MG,Sudeste,70,0.79905236,0.7428571428571429,0.20094764,80.0,-0.09476470947265625,-0.09476470947265625,True,completo,True
4742,4117206,PR,Sul,71,0.7990754,0.9154929577464789,0.20092458,79.33,0.577539367675783,0.347539367675779,False,completo,True
4743,3145109,MG,Sudeste,174,0.7990888,0.867816091954023,0.20091122,71.01,8.898874511718745,5.648874511718745,False,completo,True
4744,3537701,SP,Sudeste,62,0.7991092,0.7580645161290323,0.20089078,80.0,-0.089080810546875,-0.089080810546875,True,parcial,False
4745,4212239,SC,Sul,31,0.79911983,0.8387096774193549,0.20088017,80.0,-0.08802032470703125,-0.08802032470703125,True,completo,True
4746,3142403,MG,Sudeste,90,0.7992953,0.8222222222222222,0.2007047,80.0,-0.07047271728515625,-0.07047271728515625,True,completo,True
4747,2705903,AL,Nordeste,28,0.799331,0.8214285714285714,0.20066899,80.0,-0.06690216064453125,-0.06690216064453125,True,completo,True
4748,2511103,PB,Nordeste,67,0.799578,0.835820895522388,0.20042199,76.28,3.677801818847655,2.387801818847663,False,completo,True
4749,3113909,MG,Sudeste,132,0.7995903,0.7878787878787878,0.20040971,75.21,4.749030151367194,3.069030151367187,False,completo,True
4750,4214151,SC,Sul,36,0.79975,0.6388888888888888,0.20025003,80.0,-0.02500152587890625,-0.02500152587890625,True,completo,True
4751,4120309,PR,Sul,40,0.7997561,0.75,0.20024389,80.0,-0.02439117431640625,-0.02439117431640625,True,completo,True
4752,2607109,PE,Nordeste,49,0.79976064,0.8979591836734694,0.20023936,78.78,1.1960665893554676,0.786066589355471,False,completo,True
4753,3515657,SP,Sudeste,25,0.799865,0.44,0.200135,80.0,-0.01349639892578125,-0.01349639892578125,True,parcial,False
4754,3201001,ES,Sudeste,195,0.79989105,0.8564102564102564,0.20010895,77.19,2.7991052246093773,1.8391052246093693,False,completo,False
4755,3149408,MG,Sudeste,13,0.7999024,1.0,0.20009762,,,-0.009765625,False,completo,True
4756,5204003,GO,Centro-Oeste,95,0.79990894,0.9368421052631579,0.20009106,71.31,8.680890502929685,5.55089050292969,False,completo,True
4757,4202578,SC,Sul,24,0.7999223,0.9583333333333334,0.20007771,74.35,5.642225646972662,3.652225646972653,False,completo,True
4758,3111705,MG,Sudeste,56,0.7999821,0.8571428571428571,0.20001793,76.58,3.418207092285158,2.238207092285151,False,completo,True
4759,3121100,MG,Sudeste,43,0.8000717,0.9302325581395349,0.19992828,66.18,13.827171630859368,8.717171630859369,False,completo,True
4760,5211701,GO,Centro-Oeste,61,0.8000742,0.8032786885245902,0.19992578,77.61,2.397423400878907,1.5774234008788994,False,completo,False
4761,4107553,PR,Sul,49,0.8000766,0.9591836734693877,0.1999234,76.57,3.437659912109382,2.24765991210937,False,completo,True
4762,3162005,MG,Sudeste,239,0.8001967,0.7615062761506276,0.1998033,76.83,3.189668579101564,2.099668579101561,False,completo,True
4763,4103404,PR,Sul,33,0.8002546,0.6363636363636364,0.19974542,80.0,0.02545928955078125,0.02545928955078125,False,completo,True
4764,3168705,MG,Sudeste,655,0.800276,0.7923664122137405,0.19972402,59.91,20.117595520019535,12.547595520019527,False,completo,True
4765,3114501,MG,Sudeste,169,0.8002845,0.8165680473372781,0.1997155,77.39,2.6384500122070307,1.7484500122070301,False,completo,False
4766,5206701,GO,Centro-Oeste,56,0.8003945,0.8392857142857143,0.19960552,72.05,7.989443969726565,5.139443969726557,False,completo,True
4767,5106851,MT,Centro-Oeste,27,0.8005461,0.7777777777777778,0.19945389,80.0,0.0546112060546875,0.0546112060546875,False,completo,True
4768,3135001,MG,Sudeste,25,0.8005494,0.84,0.19945061,65.26,14.794939270019526,9.324939270019527,False,completo,False
4769,3121506,MG,Sudeste,29,0.8005857,0.9655172413793104,0.19941431,70.08,9.978570861816408,6.378570861816399,False,completo,True
4770,3161502,MG,Sudeste,106,0.8006991,0.8773584905660378,0.19930089,80.0,0.06990814208984375,0.06990814208984375,False,completo,True
4771,3143807,MG,Sudeste,91,0.80079365,0.8241758241758241,0.19920635,78.23,1.8493609619140585,1.239360961914059,False,completo,True
4772,3124203,MG,Sudeste,208,0.8008302,0.5961538461538461,0.19916981,72.95,7.133015441894528,4.6230154418945375,False,completo,False
4773,3128501,MG,Sudeste,33,0.80084777,0.7272727272727273,0.19915223,80.0,0.08477783203125,0.08477783203125,False,completo,True
4774,3117405,MG,Sudeste,24,0.8009229,0.75,0.19907713,80.0,0.09228515625,0.09228515625,False,completo,True
4775,5211305,GO,Centro-Oeste,72,0.8011286,0.8333333333333334,0.19887137,77.21,2.9028616333007875,1.9428616333007795,False,completo,True
4776,2604908,PE,Nordeste,81,0.8012799,0.9506172839506173,0.1987201,76.97,3.157990722656251,2.117990722656245,False,completo,True
4777,3140209,MG,Sudeste,42,0.80140024,0.6190476190476191,0.19859976,67.84,12.300022277832028,7.830022277832029,False,completo,True
4778,3102001,MG,Sudeste,144,0.8014086,0.8541666666666666,0.19859141,64.6,15.540861511230474,9.81086151123047,False,completo,True
4779,5007976,MS,Centro-Oeste,55,0.80142206,0.8545454545454545,0.19857794,79.02,1.1222042846679727,0.7922042846679744,False,completo,True
4780,3141009,MG,Sudeste,135,0.80171716,0.7185185185185186,0.19828284,70.78,9.391714782714843,6.061714782714844,False,completo,True
4781,2108900,MA,Nordeste,80,0.8018138,0.775,0.19818622,80.0,0.1813812255859375,0.1813812255859375,False,completo,True
4782,5103601,MT,Centro-Oeste,82,0.8018142,0.7195121951219512,0.1981858,80.0,0.18141937255859375,0.18141937255859375,False,completo,True
4783,5108956,MT,Centro-Oeste,134,0.8018282,0.9328358208955224,0.1981718,77.58,2.6028231811523455,1.7728231811523472,False,completo,True
4784,4103354,PR,Sul,48,0.80190754,0.8541666666666666,0.19809246,80.0,0.1907501220703125,0.1907501220703125,False,completo,True
4785,3120508,MG,Sudeste,128,0.80201954,0.8203125,0.19798046,59.84,20.361950073242184,12.76195007324219,False,completo,True
4786,3162203,MG,Sudeste,88,0.80207115,0.8409090909090909,0.19792885,80.0,0.20711517333984375,0.20711517333984375,False,completo,True
4787,3152907,MG,Sudeste,85,0.8020894,0.7764705882352941,0.1979106,65.46,14.748938598632819,9.358938598632818,False,completo,True
4788,3171154,MG,Sudeste,44,0.80218625,0.8181818181818182,0.19781375,74.55,5.668627929687503,3.748627929687501,False,completo,True
4789,3163201,MG,Sudeste,50,0.8021972,0.86,0.19780278,77.75,2.4697189331054688,1.6997189331054727,False,completo,True
4790,5200100,GO,Centro-Oeste,182,0.8021978,0.7967032967032966,0.19780219,79.11,1.1097799682617193,0.8097799682617222,False,completo,True
4791,3149705,MG,Sudeste,150,0.80231774,0.8133333333333334,0.19768226,80.0,0.23177337646484375,0.23177337646484375,False,completo,False
4792,3107802,MG,Sudeste,143,0.80241144,0.7762237762237763,0.19758856,80.0,0.24114227294921875,0.24114227294921875,False,completo,True
4793,5215652,GO,Centro-Oeste,43,0.8024822,0.7441860465116279,0.19751781,79.61,0.6382223510742193,0.5082223510742239,False,completo,True
4794,4121257,PR,Sul,62,0.80257416,0.7741935483870968,0.19742584,80.0,0.257415771484375,0.257415771484375,False,completo,True
4795,2105658,MA,Nordeste,87,0.80274606,0.6781609195402298,0.19725394,80.0,0.27460479736328125,0.27460479736328125,False,completo,True
4796,2506509,PB,Nordeste,29,0.8028046,1.0,0.19719541,74.35,5.930456542968756,3.9404565429687466,False,completo,True
4797,3143708,MG,Sudeste,34,0.80283326,0.6176470588235294,0.19716674,,,11.633325195312494,False,completo,False
4798,5206602,GO,Centro-Oeste,33,0.8029108,0.7272727272727273,0.1970892,76.76,3.531076660156245,2.4110766601562545,False,completo,True
4799,5003157,MS,Centro-Oeste,341,0.8029813,0.6187683284457478,0.19701868,79.13,1.1681338500976608,0.8781338500976545,False,completo,False
4800,3554755,SP,Sudeste,19,0.80305475,0.47368421052631576,0.19694525,80.0,0.30547332763671875,0.30547332763671875,False,parcial,True
4801,3122603,MG,Sudeste,42,0.80305946,0.7619047619047619,0.19694054,,,,False,completo,True
4802,3124609,MG,Sudeste,21,0.80325246,0.6666666666666666,0.19674754,80.0,0.32524871826171875,0.32524871826171875,False,completo,True
4803,3105905,MG,Sudeste,154,0.80326813,0.8311688311688312,0.19673187,74.67,5.656812744140623,3.776812744140628,False,completo,False
4804,2601300,PE,Nordeste,104,0.8033781,0.8653846153846154,0.1966219,80.0,0.3378143310546875,0.3378143310546875,False,completo,True
4805,5200209,GO,Centro-Oeste,23,0.80365294,0.782608695652174,0.19634706,71.23,9.135295410156246,5.965295410156244,False,completo,True
4806,3104304,MG,Sudeste,154,0.8036898,0.8831168831168831,0.19631022,72.21,8.15898040771485,5.368980407714844,False,completo,True
4807,4128658,PR,Sul,60,0.8037712,0.8166666666666667,0.1962288,78.88,1.497120971679692,1.1171209716796824,False,completo,True
4808,4215075,SC,Sul,39,0.80378413,0.717948717948718,0.19621587,80.0,0.37841033935546875,0.37841033935546875,False,completo,True
4809,3122504,MG,Sudeste,46,0.8039295,0.7391304347826086,0.19607049,75.54,4.852951965332025,3.292951965332037,False,completo,True
4810,4102752,PR,Sul,41,0.8039414,0.8780487804878049,0.19605857,77.31,3.084142150878904,2.1541421508789114,False,completo,True
4811,2111722,MA,Nordeste,62,0.80412346,0.7903225806451613,0.19587654,80.0,0.41234588623046875,0.41234588623046875,False,completo,True
4812,3150000,MG,Sudeste,58,0.80422854,0.7758620689655172,0.19577146,80.0,0.4228515625,0.4228515625,False,completo,True
4813,3125507,MG,Sudeste,29,0.80425185,0.8275862068965517,0.19574815,80.0,0.4251861572265625,0.4251861572265625,False,completo,True
4814,5221007,GO,Centro-Oeste,44,0.804271,0.75,0.19572902,71.25,9.177101135253906,6.01710113525391,False,completo,True
4815,4217303,SC,Sul,140,0.80431324,0.8285714285714286,0.19568676,80.0,0.43132781982421875,0.43132781982421875,False,completo,True
4816,3132503,MG,Sudeste,342,0.8043752,0.8333333333333334,0.19562483,62.57,17.867515258789062,11.337515258789068,False,completo,True
4817,3130408,MG,Sudeste,52,0.8044043,0.8269230769230769,0.19559568,73.92,6.520429687499998,4.370429687500007,False,completo,True
4818,3103207,MG,Sudeste,18,0.8044589,0.7222222222222222,0.19554108,80.0,0.445892333984375,0.445892333984375,False,completo,True
4819,3101631,MG,Sudeste,92,0.8045513,0.782608695652174,0.1954487,73.26,7.195131530761714,4.795131530761722,False,completo,True
4820,4110706,PR,Sul,677,0.80458605,0.8818316100443131,0.19541395,80.0,0.4586029052734375,0.4586029052734375,False,completo,True
4821,3159704,MG,Sudeste,48,0.8046487,0.8333333333333334,0.1953513,74.06,6.4048666381835915,4.304866638183597,False,completo,True
4822,4119707,PR,Sul,45,0.80466026,0.8,0.19533974,79.82,0.6460263061523506,0.5860263061523483,False,completo,True
4823,4125803,PR,Sul,72,0.8047306,0.8611111111111112,0.1952694,80.0,0.47306060791015625,0.47306060791015625,False,completo,False
4824,3101300,MG,Sudeste,29,0.8047752,0.896551724137931,0.19522482,69.11,11.367516174316407,7.397516174316408,False,completo,True
4825,3521903,SP,Sudeste,147,0.804836,0.8299319727891157,0.19516402,80.0,0.4835968017578125,0.4835968017578125,False,parcial,False
4826,3136108,MG,Sudeste,27,0.80485046,0.8518518518518519,0.19514954,80.0,0.48504638671875,0.48504638671875,False,completo,True
4827,3518008,SP,Sudeste,14,0.80485755,0.5714285714285714,0.19514245,80.0,0.48575592041015625,0.48575592041015625,False,parcial,True
4828,3108404,MG,Sudeste,144,0.8048613,0.8472222222222222,0.1951387,67.86,12.626129760742188,8.166129760742194,False,completo,True
4829,4122800,PR,Sul,58,0.8048791,0.9310344827586207,0.19512087,80.0,0.4879150390625,0.4879150390625,False,completo,True
4830,3122702,MG,Sudeste,39,0.8050635,0.9230769230769231,0.19493651,68.96,11.546347656250006,7.50634765625,False,completo,True
4831,4107850,PR,Sul,62,0.8051336,0.8548387096774194,0.19486642,80.0,0.5133590698242188,0.5133590698242188,False,completo,False
4832,5207402,GO,Centro-Oeste,156,0.80533,0.7243589743589743,0.19467002,80.0,0.5329971313476562,0.5329971313476562,False,completo,True
4833,3109204,MG,Sudeste,76,0.80544204,0.7631578947368421,0.19455796,80.0,0.5442047119140625,0.5442047119140625,False,completo,True
4834,4122107,PR,Sul,36,0.8056187,0.6944444444444444,0.1943813,80.0,0.5618667602539062,0.5618667602539062,False,completo,True
4835,2303907,CE,Nordeste,153,0.80564207,0.9150326797385621,0.19435793,76.01,4.554208984374995,3.1642089843749943,False,completo,True
4836,5005251,MS,Centro-Oeste,137,0.8057116,0.7737226277372263,0.19428837,80.0,0.5711593627929688,0.5711593627929688,False,completo,True
4837,2204600,PI,Nordeste,50,0.8057159,0.82,0.19428408,80.0,0.57159423828125,0.57159423828125,False,completo,True
4838,3137536,MG,Sudeste,97,0.8057396,0.7628865979381443,0.19426042,80.0,0.5739593505859375,0.5739593505859375,False,completo,True
4839,3104452,MG,Sudeste,60,0.8058199,0.8666666666666667,0.19418007,60.38,20.20199310302734,12.821993103027339,False,completo,True
4840,3535408,SP,Sudeste,171,0.8059452,0.9239766081871345,0.19405478,80.0,0.5945205688476562,0.5945205688476562,False,parcial,True
4841,3138302,MG,Sudeste,35,0.8060222,0.7428571428571429,0.19397777,,,,False,completo,True
4842,3138674,MG,Sudeste,80,0.8061228,0.875,0.19387722,80.0,0.612274169921875,0.612274169921875,False,completo,True
4843,3162302,MG,Sudeste,25,0.8063106,0.72,0.1936894,78.4,2.231057739257807,1.6810577392578097,False,completo,True
4844,3514007,SP,Sudeste,92,0.80635923,0.9347826086956522,0.19364077,,,,False,ausente,True
4845,5220264,GO,Centro-Oeste,43,0.8063676,0.6744186046511628,0.19363242,80.0,0.6367568969726562,0.6367568969726562,False,completo,True
4846,4107504,PR,Sul,121,0.8063714,0.8264462809917356,0.19362861,80.0,0.6371383666992188,0.6371383666992188,False,completo,False
4847,4105904,PR,Sul,204,0.8064043,0.7843137254901961,0.1935957,80.0,0.6404266357421875,0.6404266357421875,False,completo,True
4848,4125209,PR,Sul,99,0.80640525,0.8484848484848485,0.19359475,80.0,0.6405258178710938,0.6405258178710938,False,completo,False
4849,3148905,MG,Sudeste,31,0.8064339,1.0,0.19356608,80.0,0.6433944702148438,0.6433944702148438,False,completo,True
4850,2302909,CE,Nordeste,174,0.80654734,0.8735632183908046,0.19345266,77.99,2.6647317504882864,1.9747317504882744,False,completo,True
4851,3108701,MG,Sudeste,37,0.80667,0.8108108108108109,0.19332999,58.04,22.626999816894532,14.326999816894528,False,completo,True
4852,3204252,ES,Sudeste,85,0.8067118,0.8,0.1932882,80.0,0.6711807250976562,0.6711807250976562,False,completo,True
4853,3138807,MG,Sudeste,144,0.80677843,0.8680555555555556,0.19322157,58.68,21.997841186523438,13.947841186523434,False,completo,True
4854,2605103,PE,Nordeste,366,0.80682266,0.8469945355191257,0.19317734,80.0,0.6822662353515625,0.6822662353515625,False,completo,True
4855,4206603,SC,Sul,93,0.8069273,0.6021505376344086,0.19307268,80.0,0.6927337646484375,0.6927337646484375,False,completo,True
4856,3144409,MG,Sudeste,43,0.80694073,0.8604651162790697,0.19305927,71.74,8.954076538085943,5.984076538085944,False,completo,False
4857,3141207,MG,Sudeste,37,0.8070649,0.918918918918919,0.19293511,80.0,0.7064895629882812,0.7064895629882812,False,completo,False
4858,3554904,SP,Sudeste,76,0.8070952,0.6973684210526315,0.19290477,80.0,0.7095260620117188,0.7095260620117188,False,parcial,True
4859,4125456,PR,Sul,55,0.80710554,0.7454545454545455,0.19289446,80.0,0.7105560302734375,0.7105560302734375,False,completo,True
4860,4106555,PR,Sul,58,0.8071291,0.8793103448275862,0.19287091,80.0,0.7129058837890625,0.7129058837890625,False,completo,True
4861,4123006,PR,Sul,168,0.8071305,0.7738095238095238,0.19286948,80.0,0.7130508422851562,0.7130508422851562,False,completo,True
4862,3141306,MG,Sudeste,42,0.80715925,0.7857142857142857,0.19284075,80.0,0.7159271240234375,0.7159271240234375,False,completo,True
4863,5204250,GO,Centro-Oeste,97,0.807217,0.7938144329896907,0.192783,73.68,7.041702575683587,4.801702575683592,False,completo,False
4864,3104403,MG,Sudeste,28,0.8072557,0.8928571428571429,0.19274431,59.26,21.46557067871094,13.64557067871094,False,completo,True
4865,3137403,MG,Sudeste,132,0.8072597,0.8787878787878788,0.19274032,66.55,14.175967407226565,9.205967407226566,False,completo,False
4866,4213153,SC,Sul,32,0.8072776,0.90625,0.19272238,79.63,1.0977603149414108,0.9677603149414011,False,completo,True
4867,4208955,SC,Sul,17,0.80733997,0.7647058823529411,0.19266003,80.0,0.7339935302734375,0.7339935302734375,False,completo,True
4868,3108008,MG,Sudeste,124,0.8073902,0.8387096774193549,0.19260979,69.34,11.399021301269528,7.519021301269532,False,completo,True
4869,5222302,GO,Centro-Oeste,65,0.80740505,0.8,0.19259495,75.29,5.450509033203119,3.8005090332031273,False,completo,True
4870,3204104,ES,Sudeste,282,0.80748016,0.8439716312056738,0.19251984,77.69,3.0580163574218773,2.268016357421871,False,completo,True
4871,3155207,MG,Sudeste,30,0.80755,0.8333333333333334,0.19244999,,,,False,completo,True
4872,3133758,MG,Sudeste,124,0.8075585,0.8951612903225806,0.19244152,75.2,5.555844116210935,3.875844116210942,False,completo,True
4873,3110707,MG,Sudeste,110,0.8075828,0.8181818181818182,0.1924172,71.0,9.758277893066406,6.508277893066406,False,completo,False
4874,3540853,SP,Sudeste,10,0.807618,0.8,0.19238198,80.0,0.7618026733398438,0.7618026733398438,False,parcial,True
4875,5213087,GO,Centro-Oeste,274,0.80763674,0.8175182481751825,0.19236326,76.32,4.443671875000007,3.1736718749999966,False,completo,True
4876,2104503,MA,Nordeste,93,0.8077207,0.7849462365591398,0.19227928,80.0,0.7720718383789062,0.7720718383789062,False,completo,True
4877,3171402,MG,Sudeste,36,0.80780745,0.75,0.19219255,55.31,25.470746459960935,16.12074645996094,False,completo,False
4878,3114907,MG,Sudeste,17,0.8078245,0.9411764705882353,0.19217551,70.55,10.232447814941409,6.802447814941402,False,completo,True
4879,3105301,MG,Sudeste,72,0.80786246,0.9444444444444444,0.19213754,74.43,6.356247253417962,4.396247253417968,False,completo,False
4880,4210902,SC,Sul,41,0.80789876,0.9512195121951219,0.19210124,80.0,0.7898788452148438,0.7898788452148438,False,completo,True
4881,3145604,MG,Sudeste,348,0.80801797,0.8563218390804598,0.19198203,54.71,26.091795959472655,16.51179595947265,False,completo,True
4882,3518909,SP,Sudeste,42,0.8080964,0.8095238095238095,0.19190359,80.0,0.8096389770507812,0.8096389770507812,False,parcial,True
4883,3128600,MG,Sudeste,65,0.8081844,0.5076923076923077,0.19181561,79.19,1.6284356689453148,1.3584356689453188,False,completo,False
4884,4127965,PR,Sul,213,0.8082105,0.8497652582159625,0.19178951,80.0,0.8210525512695312,0.8210525512695312,False,completo,True
4885,2104305,MA,Nordeste,158,0.80821157,0.879746835443038,0.19178843,80.0,0.8211593627929688,0.8211593627929688,False,completo,True
4886,3200904,ES,Sudeste,469,0.8083364,0.8699360341151386,0.19166362,78.66,2.173641052246097,1.7236410522460943,False,completo,True
4887,3114808,MG,Sudeste,32,0.8085017,0.71875,0.19149828,80.0,0.8501739501953125,0.8501739501953125,False,completo,True
4888,5107107,MT,Centro-Oeste,182,0.8087377,0.6868131868131868,0.1912623,80.0,0.8737716674804688,0.8737716674804688,False,completo,True
4889,4209854,SC,Sul,46,0.8088038,0.8478260869565217,0.1911962,80.0,0.8803787231445312,0.8803787231445312,False,completo,True
4890,3148806,MG,Sudeste,34,0.8088442,0.8529411764705882,0.19115579,80.0,0.8844223022460938,0.8844223022460938,False,completo,False
4891,3117603,MG,Sudeste,40,0.80908453,0.925,0.19091547,,,,False,completo,True
4892,4126272,PR,Sul,98,0.8091051,0.8571428571428571,0.1908949,80.0,0.9105072021484375,0.9105072021484375,False,completo,True
4893,3127602,MG,Sudeste,134,0.8091594,0.9104477611940298,0.1908406,75.13,5.785939331054692,4.085939331054689,False,completo,True
4894,3159902,MG,Sudeste,161,0.80917,0.8074534161490683,0.19082999,80.0,0.9169998168945312,0.9169998168945312,False,completo,True
4895,3202454,ES,Sudeste,342,0.8092695,0.8216374269005848,0.19073051,80.0,0.9269485473632812,0.9269485473632812,False,completo,True
4896,2201804,PI,Nordeste,20,0.80933076,0.55,0.19066924,80.0,0.933074951171875,0.933074951171875,False,completo,True
4897,4113908,PR,Sul,169,0.80934244,0.8757396449704142,0.19065756,80.0,0.9342422485351562,0.9342422485351562,False,completo,False
4898,3126752,MG,Sudeste,46,0.80936134,0.717391304347826,0.19063866,80.0,0.9361343383789062,0.9361343383789062,False,completo,True
4899,4112801,PR,Sul,165,0.8093626,0.8545454545454545,0.19063741,80.0,0.9362564086914062,0.9362564086914062,False,completo,True
4900,3131208,MG,Sudeste,179,0.8095662,0.770949720670391,0.1904338,79.02,1.9366192626953165,1.6066192626953182,False,completo,True
4901,3138708,MG,Sudeste,41,0.8095864,0.975609756097561,0.1904136,69.32,11.6386410522461,7.7486410522461,False,completo,True
4902,3507704,SP,Sudeste,54,0.80960125,0.7407407407407407,0.19039875,80.0,0.9601211547851562,0.9601211547851562,False,parcial,True
4903,3202553,ES,Sudeste,172,0.8096094,0.8197674418604651,0.19039059,74.85,6.110937500000006,4.300937500000003,False,completo,True
4904,4109005,PR,Sul,69,0.8096379,0.7536231884057971,0.1903621,80.0,0.9637908935546875,0.9637908935546875,False,completo,True
4905,4112751,PR,Sul,62,0.8096496,0.9032258064516129,0.19035041,80.0,0.9649581909179688,0.9649581909179688,False,completo,True
4906,3157906,MG,Sudeste,170,0.8096667,0.6,0.1903333,73.24,7.726667175292974,5.326667175292968,False,completo,False
4907,4103156,PR,Sul,42,0.8098117,0.9285714285714286,0.19018829,80.0,0.981170654296875,0.981170654296875,False,completo,True
4908,3111200,MG,Sudeste,388,0.80982065,0.8556701030927835,0.19017935,71.17,9.81206329345703,6.632063293457037,False,completo,True
4909,5208301,GO,Centro-Oeste,73,0.80983746,0.8082191780821918,0.19016254,79.92,1.0637493896484358,1.0337493896484347,False,completo,True
4910,2300150,CE,Nordeste,168,0.809889,0.8095238095238095,0.19011098,78.41,2.5788992309570347,2.0388992309570284,False,completo,True
4911,4110953,PR,Sul,173,0.80998725,0.8439306358381503,0.19001275,80.0,0.9987258911132812,0.9987258911132812,False,completo,True
4912,3118304,MG,Sudeste,1226,0.81011915,0.835236541598695,0.18988085,67.43,13.581917114257806,8.95191711425781,False,completo,True
4913,4126900,PR,Sul,44,0.81013143,0.7727272727272727,0.18986857,80.0,1.0131454467773438,1.0131454467773438,False,completo,True
4914,4103453,PR,Sul,289,0.81016445,0.7854671280276817,0.18983555,80.0,1.016448974609375,1.016448974609375,False,completo,True
4915,2611533,PE,Nordeste,123,0.8103485,0.8699186991869918,0.18965149,80.0,1.03485107421875,1.03485107421875,False,completo,True
4916,3128402,MG,Sudeste,72,0.8103552,0.7777777777777778,0.18964481,80.0,1.0355224609375,1.0355224609375,False,completo,True
4917,3109808,MG,Sudeste,19,0.8105988,0.9473684210526315,0.18940121,80.0,1.05987548828125,1.05987548828125,False,completo,True
4918,3201704,ES,Sudeste,152,0.8106474,0.8421052631578947,0.18935257,77.84,3.224743041992184,2.484743041992189,False,completo,True
4919,3203346,ES,Sudeste,197,0.81066024,0.868020304568528,0.18933976,78.47,2.5960247802734386,2.0760247802734426,False,completo,False
4920,3165537,MG,Sudeste,475,0.8107513,0.8252631578947368,0.18924868,80.0,1.07513427734375,1.07513427734375,False,completo,False
4921,3548302,SP,Sudeste,28,0.8107553,1.0,0.18924469,80.0,1.075531005859375,1.075531005859375,False,parcial,True
4922,3167806,MG,Sudeste,63,0.8109718,0.8888888888888888,0.1890282,74.19,6.907183227539065,4.857183227539068,False,completo,True
4923,4113809,PR,Sul,32,0.8109878,0.78125,0.18901223,80.0,1.0987777709960938,1.0987777709960938,False,completo,True
4924,3150406,MG,Sudeste,52,0.811072,0.8461538461538461,0.18892801,73.21,7.8972006225586,5.477200622558598,False,completo,True
4925,3144508,MG,Sudeste,88,0.81107336,0.8522727272727273,0.18892664,80.0,1.1073379516601562,1.1073379516601562,False,completo,True
4926,3112802,MG,Sudeste,105,0.8112797,0.8476190476190476,0.18872029,80.0,1.1279678344726562,1.1279678344726562,False,completo,True
4927,3136579,MG,Sudeste,33,0.8112857,0.9090909090909091,0.18871433,80.0,1.128570556640625,1.128570556640625,False,completo,True
4928,4125357,PR,Sul,71,0.8112931,0.9014084507042254,0.18870687,75.2,5.929310607910153,4.249310607910161,False,completo,True
4929,3146404,MG,Sudeste,47,0.81130624,0.8297872340425532,0.18869376,79.1,2.030622863769537,1.7306228637695256,False,completo,True
4930,3142908,MG,Sudeste,138,0.81135744,0.6739130434782609,0.18864256,80.0,1.1357421875,1.1357421875,False,completo,True
4931,3112307,MG,Sudeste,480,0.81150436,0.825,0.18849564,60.28,20.870436401367186,13.450436401367185,False,completo,True
4932,3161700,MG,Sudeste,58,0.81154215,0.8275862068965517,0.18845785,80.0,1.1542129516601562,1.1542129516601562,False,completo,False
4933,4119103,PR,Sul,188,0.81157273,0.8351063829787234,0.18842727,80.0,1.1572723388671875,1.1572723388671875,False,completo,False
4934,2105922,MA,Nordeste,79,0.811799,0.7848101265822784,0.18820101,80.0,1.179901123046875,1.179901123046875,False,completo,True
4935,3124708,MG,Sudeste,18,0.81200856,1.0,0.18799144,80.0,1.2008590698242188,1.2008590698242188,False,completo,True
4936,2202729,PI,Nordeste,81,0.81202745,0.8765432098765432,0.18797255,80.0,1.2027435302734375,1.2027435302734375,False,completo,True
4937,3104205,MG,Sudeste,364,0.81208116,0.8873626373626373,0.18791884,79.0,2.2081146240234375,1.868114624023434,False,completo,True
4938,5203500,GO,Centro-Oeste,271,0.81210834,0.8154981549815498,0.18789166,76.39,4.820830688476562,3.570830688476562,False,completo,True
4939,3158409,MG,Sudeste,23,0.8121254,0.7391304347826086,0.18787462,80.0,1.2125396728515625,1.2125396728515625,False,completo,True
4940,4210506,SC,Sul,350,0.8123207,0.7628571428571429,0.18767929,80.0,1.2320709228515625,1.2320709228515625,False,completo,True
4941,3101409,MG,Sudeste,41,0.8124556,0.926829268292683,0.1875444,71.23,10.015559692382809,6.845559692382807,False,completo,True
4942,4217956,SC,Sul,37,0.81248665,0.918918918918919,0.18751335,79.2,2.0486648559570284,1.7786648559570324,False,completo,True
4943,2107803,MA,Nordeste,322,0.81253546,0.5527950310559007,0.18746454,80.0,1.2535476684570312,1.2535476684570312,False,completo,False
4944,5205000,GO,Centro-Oeste,92,0.8126373,0.8586956521739131,0.18736267,79.02,2.243732910156254,1.9137329101562557,False,completo,True
4945,3136553,MG,Sudeste,33,0.81265265,0.7878787878787878,0.18734735,79.22,2.0452664184570324,1.7852664184570273,False,completo,True
4946,3204401,ES,Sudeste,134,0.81278354,0.7686567164179104,0.18721646,78.33,2.9483508300781267,2.3783508300781193,False,completo,True
4947,4115002,PR,Sul,86,0.81295925,0.7558139534883721,0.18704075,80.0,1.295928955078125,1.295928955078125,False,completo,False
4948,3133501,MG,Sudeste,142,0.8131606,0.8591549295774648,0.1868394,73.56,7.7560629272460915,5.466062927246099,False,completo,True
4949,4111555,PR,Sul,83,0.8132601,0.7710843373493976,0.18673992,80.0,1.3260040283203125,1.3260040283203125,False,completo,False
4950,3114006,MG,Sudeste,72,0.8132991,0.6805555555555556,0.18670088,79.19,2.1399102783203148,1.8699102783203188,False,completo,True
4951,4110805,PR,Sul,153,0.81335247,0.803921568627451,0.18664753,80.0,1.3352432250976562,1.3352432250976562,False,completo,True
4952,4211652,SC,Sul,23,0.8134765,0.8695652173913043,0.1865235,80.0,1.3476486206054688,1.3476486206054688,False,completo,True
4953,5204805,GO,Centro-Oeste,101,0.81367475,0.7722772277227723,0.18632525,79.91,1.457477416992191,1.4274774169921898,False,completo,True
4954,3125903,MG,Sudeste,51,0.81372535,0.8823529411764706,0.18627465,44.57,36.802535705566406,23.522535705566405,False,completo,True
4955,2200053,PI,Nordeste,61,0.8137556,0.819672131147541,0.18624443,80.0,1.3755569458007812,1.3755569458007812,False,completo,True
4956,3156601,MG,Sudeste,61,0.81383866,0.639344262295082,0.18616134,80.0,1.3838653564453125,1.3838653564453125,False,completo,True
4957,4108551,PR,Sul,27,0.8139127,0.7407407407407407,0.18608731,80.0,1.391265869140625,1.391265869140625,False,completo,True
4958,2106805,MA,Nordeste,143,0.8140508,0.6993006993006993,0.1859492,80.0,1.4050827026367188,1.4050827026367188,False,completo,True
4959,3119807,MG,Sudeste,29,0.8140844,0.7586206896551724,0.18591559,80.0,1.4084396362304688,1.4084396362304688,False,completo,True
4960,4111407,PR,Sul,173,0.8142441,0.8265895953757225,0.18575591,80.0,1.424407958984375,1.424407958984375,False,completo,True
4961,3528809,SP,Sudeste,110,0.8142873,0.9090909090909091,0.1857127,80.0,1.4287338256835938,1.4287338256835938,False,parcial,True
4962,3136207,MG,Sudeste,652,0.8143711,0.8297546012269938,0.18562889,64.07,17.367110900878913,11.427110900878901,False,completo,True
4963,4207650,SC,Sul,87,0.81451476,0.896551724137931,0.18548524,80.0,1.45147705078125,1.45147705078125,False,completo,False
4964,3164902,MG,Sudeste,23,0.81458765,0.9130434782608695,0.18541235,70.28,11.178763122558593,7.6487631225585915,False,completo,True
4965,3156502,MG,Sudeste,37,0.8146965,0.7567567567567568,0.18530351,80.0,1.4696502685546875,1.4696502685546875,False,completo,True
4966,3204658,ES,Sudeste,96,0.81470126,0.8541666666666666,0.18529874,80.0,1.470123291015625,1.470123291015625,False,completo,True
4967,5207808,GO,Centro-Oeste,84,0.81479335,0.7023809523809523,0.18520665,77.31,4.1693319702148415,3.239331970214849,False,completo,True
4968,3107000,MG,Sudeste,29,0.81487745,0.5862068965517241,0.18512255,80.0,1.4877471923828125,1.4877471923828125,False,completo,True
4969,3528858,SP,Sudeste,37,0.81488115,1.0,0.18511885,80.0,1.4881134033203125,1.4881134033203125,False,parcial,True
4970,3140407,MG,Sudeste,26,0.8150008,0.8461538461538461,0.18499923,77.3,4.200076293945315,3.2800762939453136,False,completo,True
4971,3532702,SP,Sudeste,57,0.8153091,0.8070175438596491,0.1846909,80.0,1.530914306640625,1.530914306640625,False,parcial,True
4972,5213053,GO,Centro-Oeste,30,0.81532735,0.8,0.18467265,68.83,12.702737731933595,8.622737731933597,False,completo,True
4973,4103305,PR,Sul,77,0.8154146,0.7532467532467533,0.18458539,80.0,1.5414581298828125,1.5414581298828125,False,completo,True
4974,3135308,MG,Sudeste,53,0.8155053,0.8113207547169812,0.18449467,72.45,9.100529479980466,6.400529479980463,False,completo,True
4975,4126108,PR,Sul,73,0.81554294,0.6986301369863014,0.18445706,80.0,1.554290771484375,1.554290771484375,False,completo,True
4976,2201051,PI,Nordeste,83,0.81562716,0.6987951807228916,0.18437284,80.0,1.562713623046875,1.562713623046875,False,completo,False
4977,4114005,PR,Sul,133,0.8157006,0.7518796992481203,0.18429941,80.0,1.5700607299804688,1.5700607299804688,False,completo,True
4978,3142304,MG,Sudeste,53,0.81583184,0.9056603773584906,0.18416816,78.2,3.383183288574216,2.7731832885742165,False,completo,True
4979,3204005,ES,Sudeste,146,0.81588215,0.863013698630137,0.18411785,80.0,1.5882110595703125,1.5882110595703125,False,completo,True
4980,3144904,MG,Sudeste,19,0.81596196,0.8947368421052632,0.18403804,80.0,1.5961990356445312,1.5961990356445312,False,completo,True
4981,3127388,MG,Sudeste,31,0.8161762,0.8064516129032258,0.18382382,75.76,5.857614746093745,4.377614746093755,False,completo,True
4982,4205100,SC,Sul,54,0.8161767,0.8888888888888888,0.18382329,80.0,1.6176681518554688,1.6176681518554688,False,completo,True
4983,3126505,MG,Sudeste,19,0.81618047,1.0,0.18381953,,,,False,completo,True
4984,2500734,PB,Nordeste,29,0.81620044,0.41379310344827586,0.18379956,80.0,1.6200408935546875,1.6200408935546875,False,completo,True
4985,3111150,MG,Sudeste,37,0.81636876,0.7297297297297297,0.18363124,80.0,1.6368789672851562,1.6368789672851562,False,completo,False
4986,4121406,PR,Sul,208,0.8163849,0.7980769230769231,0.18361509,80.0,1.63848876953125,1.63848876953125,False,completo,True
4987,4108650,PR,Sul,63,0.81672883,0.9047619047619048,0.18327117,80.0,1.672882080078125,1.672882080078125,False,completo,True
4988,5201207,GO,Centro-Oeste,16,0.8168556,0.8125,0.18314439,80.0,1.6855621337890625,1.6855621337890625,False,completo,True
4989,4200754,SC,Sul,27,0.8170211,0.8518518518518519,0.18297893,80.0,1.7021102905273438,1.7021102905273438,False,completo,True
4990,2105708,MA,Nordeste,410,0.81706953,0.7975609756097561,0.18293047,80.0,1.7069549560546875,1.7069549560546875,False,completo,True
4991,3552551,SP,Sudeste,32,0.81716967,0.90625,0.18283033,80.0,1.7169647216796875,1.7169647216796875,False,parcial,True
4992,4117404,PR,Sul,40,0.8172265,0.575,0.18277347,80.0,1.72265625,1.72265625,False,completo,True
4993,4102208,PR,Sul,44,0.81722826,0.8863636363636364,0.18277174,80.0,1.7228240966796875,1.7228240966796875,False,completo,False
4994,5221502,GO,Centro-Oeste,57,0.81727445,0.8070175438596491,0.18272555,73.74,7.98744750976563,5.767447509765631,False,completo,True
4995,3166006,MG,Sudeste,51,0.81744933,0.8627450980392157,0.18255067,79.39,2.3549340820312494,2.1449340820312557,False,completo,True
4996,5104203,MT,Centro-Oeste,117,0.8174573,0.8461538461538461,0.18254268,80.0,1.7457351684570312,1.7457351684570312,False,completo,True
4997,3163904,MG,Sudeste,70,0.8175329,0.9714285714285714,0.1824671,77.42,4.333288269042967,3.4432882690429665,False,completo,False
4998,3507753,SP,Sudeste,24,0.81754804,1.0,0.18245196,80.0,1.7548065185546875,1.7548065185546875,False,parcial,True
4999,4107405,PR,Sul,66,0.8177152,0.8636363636363636,0.18228477,80.0,1.7715225219726562,1.7715225219726562,False,completo,True
5000,4212601,SC,Sul,24,0.81774324,0.875,0.18225676,80.0,1.774322509765625,1.774322509765625,False,completo,True
5001,5219407,GO,Centro-Oeste,78,0.81782466,0.8333333333333334,0.18217534,78.93,2.852463073730462,2.4924630737304625,False,completo,True
5002,3147709,MG,Sudeste,89,0.817841,0.7865168539325843,0.182159,80.0,1.7840957641601562,1.7840957641601562,False,completo,True
5003,3549201,SP,Sudeste,10,0.8178605,0.8,0.18213952,80.0,1.7860488891601562,1.7860488891601562,False,parcial,True
5004,4113106,PR,Sul,41,0.8179166,0.7804878048780488,0.18208343,80.0,1.791656494140625,1.791656494140625,False,completo,False
5005,2610202,PE,Nordeste,237,0.81798095,0.9451476793248945,0.18201905,77.3,4.498095703125003,3.578095703125001,False,completo,True
5006,4120358,PR,Sul,55,0.8180927,0.8,0.1819073,80.0,1.8092727661132812,1.8092727661132812,False,completo,True
5007,4101150,PR,Sul,43,0.8183317,0.8604651162790697,0.18166828,80.0,1.8331756591796875,1.8331756591796875,False,completo,True
5008,3100302,MG,Sudeste,102,0.8183549,0.8431372549019608,0.1816451,80.0,1.8354873657226562,1.8354873657226562,False,completo,True
5009,2300903,CE,Nordeste,137,0.8184297,0.7445255474452555,0.18157029,80.0,1.8429718017578125,1.8429718017578125,False,completo,True
5010,2302107,CE,Nordeste,324,0.8184677,0.8672839506172839,0.18153232,78.18,3.666771240234368,3.046771240234378,False,completo,True
5011,3200300,ES,Sudeste,102,0.81855386,0.8725490196078431,0.18144614,75.35,6.505384826660162,4.875384826660152,False,completo,True
5012,3159209,MG,Sudeste,66,0.81867313,0.9242424242424242,0.18132687,80.0,1.8673095703125,1.8673095703125,False,completo,True
5013,2305407,CE,Nordeste,549,0.81881857,0.75591985428051,0.18118143,80.0,1.8818588256835938,1.8818588256835938,False,completo,True
5014,5217708,GO,Centro-Oeste,163,0.8189346,0.8650306748466258,0.18106538,74.41,7.483463134765628,5.5134631347656295,False,completo,True
5015,2605004,PE,Nordeste,292,0.8189545,0.8904109589041096,0.18104547,78.27,3.6254544067382852,3.035454406738282,False,completo,True
5016,3123908,MG,Sudeste,135,0.8190116,0.8888888888888888,0.18098837,80.0,1.9011611938476562,1.9011611938476562,False,completo,False
5017,2205201,PI,Nordeste,164,0.8190637,0.5914634146341463,0.18093628,79.14,2.7663720703124994,2.476372070312493,False,completo,False
5018,3516507,SP,Sudeste,28,0.81915176,0.8571428571428571,0.18084824,80.0,1.9151763916015625,1.9151763916015625,False,parcial,True
5019,2311355,CE,Nordeste,154,0.8191763,0.8831168831168831,0.18082368,79.4,2.5176330566406193,2.3176330566406307,False,completo,True
5020,4101903,PR,Sul,160,0.819236,0.80625,0.18076402,80.0,1.9235992431640625,1.9235992431640625,False,completo,True
5021,2209856,PI,Nordeste,27,0.81925684,0.9629629629629629,0.18074316,80.0,1.9256820678710938,1.9256820678710938,False,completo,True
5022,4126603,PR,Sul,266,0.81952316,0.8308270676691729,0.18047684,80.0,1.9523162841796875,1.9523162841796875,False,completo,True
5023,3200409,ES,Sudeste,385,0.81961524,0.8831168831168831,0.18038476,80.0,1.9615249633789062,1.9615249633789062,False,completo,True
5024,2105963,MA,Nordeste,106,0.8196427,0.9716981132075472,0.18035728,80.0,1.9642715454101562,1.9642715454101562,False,completo,True
5025,4215406,SC,Sul,51,0.8196719,0.7254901960784313,0.18032807,80.0,1.967193603515625,1.967193603515625,False,completo,True
5026,3157377,MG,Sudeste,22,0.81978554,0.7272727272727273,0.18021446,80.0,1.9785537719726562,1.9785537719726562,False,completo,True
5027,4117297,PR,Sul,35,0.8198133,0.9714285714285714,0.18018669,80.0,1.9813308715820312,1.9813308715820312,False,completo,False
5028,5219209,GO,Centro-Oeste,42,0.8198304,0.8571428571428571,0.18016958,73.75,8.233039855957031,6.0230398559570375,False,completo,False
5029,3106804,MG,Sudeste,16,0.8201287,1.0,0.17987132,70.55,11.462870788574222,8.032870788574215,False,completo,True
5030,2307106,CE,Nordeste,349,0.82023346,0.7077363896848138,0.17976654,78.19,3.8333459472656273,3.2133459472656227,False,completo,False
5031,3125408,MG,Sudeste,73,0.8203051,0.7945205479452054,0.17969489,80.0,2.0305099487304688,2.0305099487304688,False,completo,True
5032,3123858,MG,Sudeste,62,0.8203398,0.7741935483870968,0.1796602,78.84,3.193981323242184,2.8039813232421835,False,completo,True
5033,5208103,GO,Centro-Oeste,45,0.8204079,0.8666666666666667,0.17959207,72.26,9.780794372558589,7.0007943725585875,False,completo,True
5034,2108108,MA,Nordeste,211,0.82059586,0.9052132701421801,0.17940414,76.82,5.239585571289069,4.139585571289061,False,completo,True
5035,5208608,GO,Centro-Oeste,887,0.8209137,0.826381059751973,0.17908633,79.82,2.271369628906257,2.2113696289062545,False,completo,False
5036,2312502,CE,Nordeste,55,0.8209179,0.9636363636363636,0.1790821,79.85,2.2417892456054744,2.191789245605463,False,completo,False
5037,3160009,MG,Sudeste,31,0.82097983,0.45161290322580644,0.17902017,80.0,2.0979843139648438,2.0979843139648438,False,completo,False
5038,3553955,SP,Sudeste,192,0.8209885,0.9166666666666666,0.17901152,80.0,2.098846435546875,2.098846435546875,False,parcial,True
5039,3542503,SP,Sudeste,71,0.8209946,0.8450704225352113,0.17900538,80.0,2.0994644165039062,2.0994644165039062,False,parcial,True
5040,2101350,MA,Nordeste,18,0.82116085,1.0,0.17883915,80.0,2.1160888671875,2.1160888671875,False,completo,False
5041,4127809,PR,Sul,67,0.82132334,0.835820895522388,0.17867666,80.0,2.1323318481445312,2.1323318481445312,False,completo,True
5042,3161908,MG,Sudeste,164,0.8213242,0.9146341463414634,0.17867577,80.0,2.1324234008789062,2.1324234008789062,False,completo,True
5043,5212600,GO,Centro-Oeste,28,0.82152355,0.7142857142857143,0.17847645,80.0,2.1523513793945312,2.1523513793945312,False,completo,True
5044,3119708,MG,Sudeste,51,0.8218074,0.9215686274509803,0.17819262,73.66,8.520740356445316,6.270740356445316,False,completo,True
5045,3121803,MG,Sudeste,61,0.82197714,0.7213114754098361,0.17802286,80.0,2.1977157592773438,2.1977157592773438,False,completo,True
5046,5214408,GO,Centro-Oeste,94,0.82203543,0.8404255319148937,0.17796457,79.15,3.053544616699213,2.773544616699212,False,completo,True
5047,4217154,SC,Sul,19,0.82210314,0.8421052631578947,0.17789686,80.0,2.2103118896484375,2.2103118896484375,False,completo,True
5048,2302206,CE,Nordeste,676,0.8222781,0.8165680473372781,0.17772192,78.39,3.837806091308593,3.287806091308596,False,completo,True
5049,4103800,PR,Sul,91,0.8224748,0.8351648351648352,0.17752522,80.0,2.2474746704101562,2.2474746704101562,False,completo,True
5050,4201604,SC,Sul,45,0.8224987,0.7555555555555555,0.17750132,80.0,2.2498703002929688,2.2498703002929688,False,completo,False
5051,3117207,MG,Sudeste,30,0.8225406,0.7666666666666667,0.17745942,61.58,20.674058837890627,13.754058837890625,False,completo,True
5052,4117453,PR,Sul,71,0.82256925,0.9014084507042254,0.17743075,80.0,2.256927490234375,2.256927490234375,False,completo,True
5053,4117271,PR,Sul,41,0.8226116,0.8536585365853658,0.17738843,80.0,2.2611541748046875,2.2611541748046875,False,completo,True
5054,2305357,CE,Nordeste,292,0.82261497,0.7636986301369864,0.17738503,80.0,2.2614974975585938,2.2614974975585938,False,completo,False
5055,2510600,PB,Nordeste,29,0.822831,1.0,0.17716902,80.0,2.2830963134765625,2.2830963134765625,False,completo,True
5056,2307700,CE,Nordeste,1097,0.82302755,0.8167730173199635,0.17697245,79.79,2.5127572631835875,2.4427572631835943,False,completo,False
5057,3124302,MG,Sudeste,300,0.82304853,0.7233333333333334,0.17695147,66.83,15.47485534667969,10.61485534667969,False,completo,False
5058,2616183,PE,Nordeste,81,0.8231099,0.8271604938271605,0.17689008,80.0,2.3109893798828125,2.3109893798828125,False,completo,False
5059,5210406,GO,Centro-Oeste,522,0.82314646,0.814176245210728,0.17685354,79.11,3.204643859863282,2.9046438598632847,False,completo,True
5060,3148608,MG,Sudeste,110,0.823163,0.7454545454545455,0.17683703,67.16,15.156299438476566,10.426299438476562,False,completo,True
5061,3515608,SP,Sudeste,64,0.8233951,0.859375,0.17660493,80.0,2.339508056640625,2.339508056640625,False,parcial,True
5062,4215356,SC,Sul,24,0.82341033,0.75,0.17658967,80.0,2.341033935546875,2.341033935546875,False,completo,True
5063,3160405,MG,Sudeste,284,0.8234685,0.8169014084507042,0.1765315,80.0,2.3468475341796875,2.3468475341796875,False,completo,True
5064,3546504,SP,Sudeste,47,0.82352173,0.9148936170212766,0.17647827,80.0,2.3521728515625,2.3521728515625,False,parcial,True
5065,3103306,MG,Sudeste,23,0.8236531,0.8695652173913043,0.1763469,80.0,2.3653106689453125,2.3653106689453125,False,completo,True
5066,3130606,MG,Sudeste,49,0.82374734,0.8571428571428571,0.17625266,80.0,2.3747329711914062,2.3747329711914062,False,completo,True
5067,2208908,PI,Nordeste,93,0.82375926,0.8494623655913979,0.17624074,80.0,2.3759231567382812,2.3759231567382812,False,completo,True
5068,4110508,PR,Sul,196,0.82396555,0.826530612244898,0.17603445,80.0,2.3965530395507812,2.3965530395507812,False,completo,True
5069,4125555,PR,Sul,26,0.82420594,0.7307692307692307,0.17579406,80.0,2.42059326171875,2.42059326171875,False,completo,False
5070,4121901,PR,Sul,156,0.8242124,0.8461538461538461,0.17578763,80.0,2.421234130859375,2.421234130859375,False,completo,True
5071,4215604,SC,Sul,37,0.82438135,0.8648648648648649,0.17561865,80.0,2.4381332397460938,2.4381332397460938,False,completo,True
5072,2202026,PI,Nordeste,59,0.82496166,0.9830508474576272,0.17503834,80.0,2.4961700439453125,2.4961700439453125,False,completo,True
5073,3528304,SP,Sudeste,33,0.82498616,0.9393939393939394,0.17501384,80.0,2.4986190795898438,2.4986190795898438,False,parcial,False
5074,4207601,SC,Sul,52,0.8252169,0.8461538461538461,0.17478311,80.0,2.5216903686523438,2.5216903686523438,False,completo,True
5075,5205901,GO,Centro-Oeste,101,0.8252231,0.8217821782178217,0.17477691,72.79,9.732308349609369,7.162308349609376,False,completo,False
5076,4128005,PR,Sul,254,0.825458,0.7755905511811023,0.17454201,80.0,2.5457992553710938,2.5457992553710938,False,completo,True
5077,2313807,CE,Nordeste,224,0.8254611,0.8214285714285714,0.17453891,80.0,2.546112060546875,2.546112060546875,False,completo,True
5078,4119806,PR,Sul,124,0.8254756,0.7983870967741935,0.17452443,80.0,2.5475540161132812,2.5475540161132812,False,completo,False
5079,2205151,PI,Nordeste,51,0.8255641,0.8431372549019608,0.17443591,80.0,2.5564117431640625,2.5564117431640625,False,completo,True
5080,2201002,PI,Nordeste,54,0.82562935,0.9814814814814815,0.17437065,80.0,2.5629348754882812,2.5629348754882812,False,completo,True
5081,5216452,GO,Centro-Oeste,45,0.82564706,0.7777777777777778,0.17435294,77.97,4.594704895019532,3.9047048950195347,False,completo,True
5082,3165560,MG,Sudeste,13,0.82574207,0.8461538461538461,0.17425793,77.0,5.5742034912109375,4.544203491210936,False,completo,True
5083,4107207,PR,Sul,530,0.8258969,0.8264150943396227,0.17410308,80.0,2.589691162109375,2.589691162109375,False,completo,True
5084,5213103,GO,Centro-Oeste,919,0.8260583,0.8411316648531012,0.17394167,80.0,2.6058349609375,2.6058349609375,False,completo,True
5085,4124806,PR,Sul,134,0.8260627,0.8731343283582089,0.17393732,80.0,2.6062698364257812,2.6062698364257812,False,completo,True
5086,4113452,PR,Sul,75,0.8262255,0.7333333333333333,0.17377448,80.0,2.6225509643554688,2.6225509643554688,False,completo,True
5087,5202601,GO,Centro-Oeste,32,0.8262871,0.9375,0.17371291,76.59,6.038707885742184,4.8587078857421915,False,completo,True
5088,4121505,PR,Sul,193,0.826375,0.772020725388601,0.17362499,80.0,2.6374969482421875,2.6374969482421875,False,completo,True
5089,5103957,MT,Centro-Oeste,49,0.8264409,0.8367346938775511,0.17355913,80.0,2.6440887451171875,2.6440887451171875,False,completo,True
5090,5212253,GO,Centro-Oeste,21,0.8265389,0.7619047619047619,0.17346108,80.0,2.6538925170898438,2.6538925170898438,False,completo,True
5091,2203602,PI,Nordeste,41,0.8266391,0.6585365853658537,0.17336088,80.0,2.663909912109375,2.663909912109375,False,completo,False
5092,2708303,AL,Nordeste,171,0.82671726,0.9532163742690059,0.17328274,79.33,3.3417224121093767,3.1117224121093727,False,completo,True
5093,3201902,ES,Sudeste,382,0.82680637,0.8219895287958116,0.17319363,80.0,2.680633544921875,2.680633544921875,False,completo,True
5094,5204557,GO,Centro-Oeste,46,0.82688147,0.6086956521739131,0.17311853,73.27,9.41814849853516,7.02814849853516,False,completo,False
5095,5220157,GO,Centro-Oeste,64,0.8270574,0.859375,0.17294258,76.07,6.635741882324226,5.275741882324212,False,completo,True
5096,3546108,SP,Sudeste,26,0.82709163,1.0,0.17290837,80.0,2.7091598510742188,2.7091598510742188,False,parcial,True
5097,2203453,PI,Nordeste,55,0.8271727,0.8727272727272727,0.1728273,80.0,2.7172698974609375,2.7172698974609375,False,completo,True
5098,2104099,MA,Nordeste,198,0.8271884,0.8434343434343434,0.17281163,80.0,2.7188339233398438,2.7188339233398438,False,completo,True
5099,3504701,SP,Sudeste,10,0.8271886,1.0,0.17281139,80.0,2.7188644409179688,2.7188644409179688,False,parcial,True
5100,2105948,MA,Nordeste,78,0.8273468,0.9230769230769231,0.1726532,80.0,2.73468017578125,2.73468017578125,False,completo,True
5101,3202900,ES,Sudeste,81,0.827559,0.8148148148148148,0.172441,78.33,4.425897521972658,3.8558975219726506,False,completo,False
5102,4120150,PR,Sul,28,0.82758534,0.8571428571428571,0.17241466,80.0,2.7585372924804688,2.7585372924804688,False,completo,True
5103,5207253,GO,Centro-Oeste,72,0.82761604,0.8333333333333334,0.17238396,78.47,4.291604309082032,3.7716043090820364,False,completo,True
5104,5213400,GO,Centro-Oeste,13,0.827663,0.8461538461538461,0.172337,,,2.7663040161132812,False,completo,True
5105,4116059,PR,Sul,136,0.8277086,0.8308823529411765,0.1722914,80.0,2.7708587646484375,2.7708587646484375,False,completo,True
5106,5107750,MT,Centro-Oeste,38,0.82772976,0.9736842105263158,0.17227024,80.0,2.772979736328125,2.772979736328125,False,completo,True
5107,3103702,MG,Sudeste,59,0.8278871,0.9322033898305084,0.17211288,52.43,30.358711547851563,19.918711547851565,False,completo,True
5108,3120607,MG,Sudeste,52,0.8280292,0.9038461538461539,0.17197078,80.0,2.8029251098632812,2.8029251098632812,False,completo,True
5109,2106375,MA,Nordeste,122,0.82805204,0.9754098360655737,0.17194796,76.95,5.855206298828122,4.805206298828125,False,completo,True
5110,4124509,PR,Sul,86,0.82823414,0.8023255813953488,0.17176586,80.0,2.8234100341796875,2.8234100341796875,False,completo,True
5111,3158805,MG,Sudeste,45,0.828268,0.8666666666666667,0.17173201,76.82,6.006797485351569,4.906797485351561,False,completo,True
5112,3146602,MG,Sudeste,14,0.82830054,0.9285714285714286,0.17169946,80.0,2.8300552368164062,2.8300552368164062,False,completo,True
5113,3121001,MG,Sudeste,72,0.82858264,0.9027777777777778,0.17141736,80.0,2.8582611083984375,2.8582611083984375,False,completo,True
5114,4126405,PR,Sul,65,0.8287519,0.9076923076923077,0.17124808,80.0,2.8751907348632812,2.8751907348632812,False,completo,True
5115,5210000,GO,Centro-Oeste,505,0.8289198,0.8772277227722772,0.17108017,80.0,2.8919830322265625,2.8919830322265625,False,completo,False
5116,5204300,GO,Centro-Oeste,118,0.82902855,0.9152542372881356,0.17097145,74.28,8.622854919433593,6.602854919433597,False,completo,True
5117,5210208,GO,Centro-Oeste,364,0.829045,0.8324175824175825,0.170955,78.6,4.304502868652349,3.8345028686523506,False,completo,True
5118,3165008,MG,Sudeste,94,0.8290679,0.925531914893617,0.17093211,80.0,2.9067916870117188,2.9067916870117188,False,completo,False
5119,3165206,MG,Sudeste,71,0.8292691,0.9014084507042254,0.17073089,80.0,2.926910400390625,2.926910400390625,False,completo,True
5120,2301851,CE,Nordeste,239,0.82939917,0.7615062761506276,0.17060083,80.0,2.9399185180664062,2.9399185180664062,False,completo,True
5121,2511004,PB,Nordeste,40,0.82946527,0.7,0.17053473,80.0,2.9465255737304688,2.9465255737304688,False,completo,True
5122,3114709,MG,Sudeste,29,0.8297315,1.0,0.17026848,77.41,5.563152160644535,4.673152160644534,False,completo,False
5123,2302404,CE,Nordeste,396,0.82973975,0.9040404040404041,0.17026025,80.0,2.9739761352539062,2.9739761352539062,False,completo,True
5124,3103108,MG,Sudeste,15,0.8297546,0.8666666666666667,0.17024541,78.78,4.195456237792968,3.785456237792971,False,completo,True
5125,3103009,MG,Sudeste,64,0.82978076,0.84375,0.17021924,,,,False,completo,True
5126,3530201,SP,Sudeste,116,0.8298894,0.8793103448275862,0.17011058,80.0,2.9889450073242188,2.9889450073242188,False,parcial,False
5127,2210631,PI,Nordeste,52,0.8299195,0.7692307692307693,0.17008048,80.0,2.9919509887695312,2.9919509887695312,False,completo,True
5128,3203908,ES,Sudeste,505,0.82993346,0.8356435643564356,0.17006654,80.0,2.99334716796875,2.99334716796875,False,completo,True
5129,3120805,MG,Sudeste,137,0.8299617,0.7591240875912408,0.17003828,80.0,2.9961700439453125,2.9961700439453125,False,completo,True
5130,5220686,GO,Centro-Oeste,64,0.8299888,0.78125,0.17001122,80.0,2.9988784790039062,2.9988784790039062,False,completo,True
5131,2516904,PB,Nordeste,124,0.8300111,0.45161290322580644,0.16998887,80.0,3.0011138916015625,3.0011138916015625,False,completo,False
5132,2501104,PB,Nordeste,212,0.83029145,0.9056603773584906,0.16970855,80.0,3.029144287109375,3.029144287109375,False,completo,False
5133,3116704,MG,Sudeste,77,0.8304555,0.8311688311688312,0.16954452,77.38,5.665547485351567,4.765547485351561,False,completo,True
5134,3117702,MG,Sudeste,129,0.831393,0.7829457364341085,0.168607,80.0,3.1392974853515625,3.1392974853515625,False,completo,True
5135,4114203,PR,Sul,410,0.83141124,0.8170731707317073,0.16858876,80.0,3.1411209106445312,3.1411209106445312,False,completo,True
5136,2700904,AL,Nordeste,90,0.83149576,0.9888888888888889,0.16850424,80.0,3.1495742797851562,3.1495742797851562,False,completo,True
5137,4126355,PR,Sul,52,0.83162105,0.8269230769230769,0.16837895,80.0,3.1621017456054688,3.1621017456054688,False,completo,True
5138,4111100,PR,Sul,63,0.831795,0.873015873015873,0.16820502,80.0,3.1794967651367188,3.1794967651367188,False,completo,True
5139,2100808,MA,Nordeste,109,0.83186525,0.3394495412844037,0.16813475,80.0,3.1865234375,3.1865234375,False,completo,False
5140,5205208,GO,Centro-Oeste,55,0.83212245,0.8727272727272727,0.16787755,70.26,12.952242126464839,9.412242126464847,False,completo,True
5141,3103801,MG,Sudeste,26,0.8322824,0.9230769230769231,0.16771758,80.0,3.228240966796875,3.228240966796875,False,completo,True
5142,4123303,PR,Sul,107,0.8325836,0.5794392523364486,0.1674164,80.0,3.25836181640625,3.25836181640625,False,completo,False
5143,4123204,PR,Sul,35,0.8327402,0.8,0.16725981,80.0,3.274017333984375,3.274017333984375,False,completo,True
5144,3100401,MG,Sudeste,25,0.83277094,0.72,0.16722906,80.0,3.2770919799804688,3.2770919799804688,False,completo,True
5145,3166204,MG,Sudeste,83,0.8331022,0.8072289156626506,0.16689777,80.0,3.3102264404296875,3.3102264404296875,False,completo,True
5146,3104106,MG,Sudeste,56,0.83338326,0.8392857142857143,0.16661674,80.0,3.3383255004882812,3.3383255004882812,False,completo,True
5147,3204609,ES,Sudeste,235,0.8334809,0.825531914893617,0.1665191,80.0,3.3480911254882812,3.3480911254882812,False,completo,True
5148,4106852,PR,Sul,36,0.8335215,0.9444444444444444,0.16647851,80.0,3.3521499633789062,3.3521499633789062,False,completo,True
5149,5200829,GO,Centro-Oeste,39,0.83360714,0.8974358974358975,0.16639286,80.0,3.3607101440429688,3.3607101440429688,False,completo,True
5150,3147956,MG,Sudeste,60,0.83396345,0.85,0.16603655,77.38,6.016347045898442,5.116347045898436,False,completo,False
5151,3106507,MG,Sudeste,55,0.8342114,0.8909090909090909,0.16578859,,,,False,completo,True
5152,3521606,SP,Sudeste,47,0.834276,0.9574468085106383,0.16572398,80.0,3.4276046752929688,3.4276046752929688,False,parcial,True
5153,5216007,GO,Centro-Oeste,32,0.8342838,0.84375,0.16571617,76.04,7.38838287353515,6.0083828735351545,False,completo,False
5154,3115805,MG,Sudeste,96,0.83471507,0.9166666666666666,0.16528493,78.54,4.931504211425775,4.431504211425775,False,completo,True
5155,3520806,SP,Sudeste,39,0.8348506,0.9487179487179487,0.16514939,80.0,3.4850616455078125,3.4850616455078125,False,parcial,True
5156,3167905,MG,Sudeste,44,0.83499044,0.75,0.16500956,80.0,3.4990463256835938,3.4990463256835938,False,completo,True
5157,4127205,PR,Sul,217,0.83511573,0.8940092165898618,0.16488427,80.0,3.5115737915039062,3.5115737915039062,False,completo,True
5158,5213004,GO,Centro-Oeste,118,0.8352015,0.8389830508474576,0.1647985,78.69,4.8301492309570335,4.390149230957036,False,completo,True
5159,3507407,SP,Sudeste,118,0.8352562,0.8559322033898306,0.16474378,80.0,3.5256195068359375,3.5256195068359375,False,parcial,True
5160,3532504,SP,Sudeste,78,0.8353406,0.7435897435897436,0.16465938,80.0,3.5340652465820312,3.5340652465820312,False,parcial,False
5161,4110656,PR,Sul,27,0.83546054,0.8518518518518519,0.16453946,80.0,3.546051025390625,3.546051025390625,False,completo,True
5162,2309102,CE,Nordeste,108,0.83560795,0.8888888888888888,0.16439205,80.0,3.560791015625,3.560791015625,False,completo,False
5163,3203601,ES,Sudeste,69,0.8357689,0.8405797101449275,0.16423112,80.0,3.5768890380859375,3.5768890380859375,False,completo,True
5164,2307650,CE,Nordeste,3110,0.8360712,0.8463022508038586,0.1639288,80.0,3.60711669921875,3.60711669921875,False,completo,True
5165,4123600,PR,Sul,15,0.83628356,1.0,0.16371644,80.0,3.62835693359375,3.62835693359375,False,completo,True
5166,5209937,GO,Centro-Oeste,69,0.8362938,0.8695652173913043,0.16370618,76.77,6.8593792724609415,5.739379272460937,False,completo,True
5167,5222054,GO,Centro-Oeste,95,0.8363013,0.8421052631578947,0.16369867,78.5,5.130134582519531,4.620134582519526,False,completo,True
5168,3167301,MG,Sudeste,22,0.83640933,0.8636363636363636,0.16359067,80.0,3.64093017578125,3.64093017578125,False,completo,True
5169,3166956,MG,Sudeste,26,0.83646894,0.9615384615384616,0.16353106,80.0,3.6468963623046875,3.6468963623046875,False,completo,True
5170,4122305,PR,Sul,371,0.8364765,0.8867924528301887,0.1635235,80.0,3.6476516723632812,3.6476516723632812,False,completo,True
5171,2300754,CE,Nordeste,669,0.8364978,0.8251121076233184,0.16350222,80.0,3.6497802734375,3.6497802734375,False,completo,True
5172,3160108,MG,Sudeste,52,0.8366977,0.9423076923076923,0.1633023,80.0,3.669769287109375,3.669769287109375,False,completo,True
5173,3552601,SP,Sudeste,85,0.8367254,0.9882352941176471,0.16327459,80.0,3.6725387573242188,3.6725387573242188,False,parcial,True
5174,3112000,MG,Sudeste,93,0.83672917,0.9032258064516129,0.16327083,80.0,3.6729202270507812,3.6729202270507812,False,completo,True
5175,3151909,MG,Sudeste,86,0.8369627,0.8837209302325582,0.1630373,,,3.6962738037109375,False,completo,True
5176,3122801,MG,Sudeste,20,0.83705443,0.85,0.16294557,80.0,3.7054443359375,3.7054443359375,False,completo,True
5177,4119004,PR,Sul,61,0.8370558,0.8852459016393442,0.1629442,80.0,3.7055816650390625,3.7055816650390625,False,completo,False
5178,2509602,PB,Nordeste,45,0.83742225,0.9333333333333333,0.16257775,80.0,3.7422256469726562,3.7422256469726562,False,completo,True
5179,3169059,MG,Sudeste,16,0.8377438,0.9375,0.16225618,78.63,5.1443835449218795,4.674383544921881,False,completo,True
5180,2200301,PI,Nordeste,84,0.83837044,0.8214285714285714,0.16162956,80.0,3.8370437622070312,3.8370437622070312,False,completo,False
5181,2312403,CE,Nordeste,999,0.8385254,0.8568568568568569,0.16147459,80.0,3.8525390625,3.8525390625,False,completo,True
5182,5205703,GO,Centro-Oeste,14,0.8386412,1.0,0.16135877,77.79,6.074120483398431,5.324120483398431,False,completo,True
5183,4118709,PR,Sul,83,0.83874625,0.8433734939759037,0.16125375,80.0,3.8746261596679688,3.8746261596679688,False,completo,False
5184,4122008,PR,Sul,188,0.83878213,0.8936170212765957,0.16121787,80.0,3.8782119750976562,3.8782119750976562,False,completo,True
5185,4207858,SC,Sul,25,0.839366,0.88,0.16063398,80.0,3.9365997314453125,3.9365997314453125,False,completo,False
5186,3202009,ES,Sudeste,103,0.83967143,0.8155339805825242,0.16032857,80.0,3.9671401977539062,3.9671401977539062,False,completo,True
5187,2517407,PB,Nordeste,24,0.8399002,0.6666666666666666,0.1600998,80.0,3.990020751953125,3.990020751953125,False,completo,True
5188,5207352,GO,Centro-Oeste,44,0.8404127,0.9090909090909091,0.15958732,77.15,6.891267395019526,5.911267395019536,False,completo,True
5189,3547106,SP,Sudeste,36,0.8405719,0.8055555555555556,0.15942812,80.0,4.05718994140625,4.05718994140625,False,parcial,False
5190,5210901,GO,Centro-Oeste,233,0.8406532,0.8540772532188842,0.15934682,79.01,5.055315246582026,4.725315246582028,False,completo,True
5191,4119657,PR,Sul,35,0.84072435,0.8285714285714286,0.15927565,80.0,4.0724334716796875,4.0724334716796875,False,completo,True
5192,5215256,GO,Centro-Oeste,56,0.8407361,0.9464285714285714,0.15926391,80.0,4.0736083984375,4.0736083984375,False,completo,True
5193,3131406,MG,Sudeste,38,0.8407877,0.7631578947368421,0.15921229,75.9,8.17877349853515,6.748773498535158,False,completo,False
5194,3506201,SP,Sudeste,32,0.8408285,0.84375,0.15917152,80.0,4.082847595214844,4.082847595214844,False,parcial,True
5195,5202502,GO,Centro-Oeste,81,0.84117854,0.9012345679012346,0.15882146,79.85,4.267851257324224,4.217851257324213,False,completo,True
5196,4108205,PR,Sul,67,0.8412481,0.8507462686567164,0.1587519,80.0,4.124809265136719,4.124809265136719,False,completo,True
5197,5205471,GO,Centro-Oeste,207,0.84145314,0.8743961352657005,0.15854686,80.0,4.145317077636719,4.145317077636719,False,completo,True
5198,4120853,PR,Sul,68,0.8414971,0.8970588235294118,0.15850288,80.0,4.149711608886719,4.149711608886719,False,completo,True
5199,2210805,PI,Nordeste,120,0.84176,0.675,0.15824002,80.0,4.175994873046875,4.175994873046875,False,completo,False
5200,3142205,MG,Sudeste,94,0.8418276,0.7872340425531915,0.15817243,80.0,4.1827545166015625,4.1827545166015625,False,completo,True
5201,3529104,SP,Sudeste,13,0.8425328,1.0,0.15746719,80.0,4.2532806396484375,4.2532806396484375,False,parcial,True
5202,3547650,SP,Sudeste,22,0.8427136,0.9545454545454546,0.1572864,,,,False,parcial,True
5203,3102050,MG,Sudeste,93,0.84272224,0.8709677419354839,0.15727776,80.0,4.272224426269531,4.272224426269531,False,completo,True
5204,4116950,PR,Sul,84,0.8432679,0.8809523809523809,0.15673208,80.0,4.326789855957031,4.326789855957031,False,completo,True
5205,3129400,MG,Sudeste,50,0.84330416,0.88,0.15669584,80.0,4.330413818359375,4.330413818359375,False,completo,True
5206,5216908,GO,Centro-Oeste,26,0.8433452,0.8076923076923077,0.15665478,80.0,4.334526062011719,4.334526062011719,False,completo,True
5207,2211407,PI,Nordeste,42,0.8436232,0.7619047619047619,0.15637678,80.0,4.3623199462890625,4.3623199462890625,False,completo,False
5208,4119251,PR,Sul,34,0.8437018,0.9705882352941176,0.15629822,80.0,4.37017822265625,4.37017822265625,False,completo,True
5209,4120705,PR,Sul,94,0.84373504,0.9042553191489362,0.15626496,80.0,4.373504638671875,4.373504638671875,False,completo,True
5210,4113429,PR,Sul,43,0.8438295,0.8372093023255814,0.15617049,80.0,4.3829498291015625,4.3829498291015625,False,completo,True
5211,5220009,GO,Centro-Oeste,178,0.844295,0.898876404494382,0.15570498,80.0,4.42950439453125,4.42950439453125,False,completo,True
5212,5211602,GO,Centro-Oeste,23,0.8447224,0.7391304347826086,0.15527761,80.0,4.472236633300781,4.472236633300781,False,completo,True
5213,4103008,PR,Sul,54,0.8450008,0.9259259259259259,0.1549992,80.0,4.500083923339844,4.500083923339844,False,completo,True
5214,5218904,GO,Centro-Oeste,206,0.84514415,0.8786407766990292,0.15485585,77.9,6.614411926269526,5.904411926269532,False,completo,True
5215,3160959,MG,Sudeste,94,0.8451741,0.9361702127659575,0.15482593,80.0,4.5174102783203125,4.5174102783203125,False,completo,False
5216,2310308,CE,Nordeste,256,0.84536016,0.8828125,0.15463984,80.0,4.536018371582031,4.536018371582031,False,completo,False
5217,5211800,GO,Centro-Oeste,460,0.8455023,0.8434782608695652,0.15449768,80.0,4.55023193359375,4.55023193359375,False,completo,True
5218,2605400,PE,Nordeste,219,0.8455074,0.8356164383561644,0.15449262,80.0,4.5507354736328125,4.5507354736328125,False,completo,True
5219,3203163,ES,Sudeste,69,0.84591347,0.8985507246376812,0.15408653,80.0,4.591346740722656,4.591346740722656,False,completo,False
5220,2104909,MA,Nordeste,127,0.846002,0.8661417322834646,0.15399802,80.0,4.600196838378906,4.600196838378906,False,completo,True
5221,5215009,GO,Centro-Oeste,118,0.84605575,0.7627118644067796,0.15394425,80.0,4.6055755615234375,4.6055755615234375,False,completo,True
5222,4102505,PR,Sul,93,0.8462409,0.7741935483870968,0.15375912,80.0,4.62408447265625,4.62408447265625,False,completo,True
5223,5207501,GO,Centro-Oeste,50,0.8464229,0.98,0.15357709,69.25,15.392288208007812,11.47228820800781,False,completo,True
5224,2307007,CE,Nordeste,346,0.84667,0.884393063583815,0.15333003,80.0,4.666999816894531,4.666999816894531,False,completo,True
5225,3155009,MG,Sudeste,21,0.84677887,0.9047619047619048,0.15322113,80.0,4.677886962890625,4.677886962890625,False,completo,True
5226,5211206,GO,Centro-Oeste,258,0.84687656,0.8565891472868217,0.15312344,80.0,4.687652587890625,4.687652587890625,False,completo,True
5227,2501203,PB,Nordeste,101,0.8469125,0.7029702970297029,0.1530875,80.0,4.691253662109375,4.691253662109375,False,completo,False
5228,2204808,PI,Nordeste,72,0.8469501,0.9583333333333334,0.15304989,80.0,4.695014953613281,4.695014953613281,False,completo,True
5229,4107538,PR,Sul,50,0.8471257,0.96,0.15287429,80.0,4.7125701904296875,4.7125701904296875,False,completo,True
5230,3147600,MG,Sudeste,141,0.8476567,0.8085106382978723,0.15234327,80.0,4.7656707763671875,4.7656707763671875,False,completo,True
5231,2110039,MA,Nordeste,243,0.84814364,0.8600823045267489,0.15185636,80.0,4.814361572265625,4.814361572265625,False,completo,False
5232,3203700,ES,Sudeste,175,0.8482685,0.8171428571428572,0.15173149,80.0,4.826850891113281,4.826850891113281,False,completo,False
5233,5202809,GO,Centro-Oeste,26,0.8489722,1.0,0.1510278,72.79,12.107216796874994,9.537216796875,False,completo,True
5234,4126009,PR,Sul,68,0.8491279,0.8823529411764706,0.15087211,80.0,4.912788391113281,4.912788391113281,False,completo,True
5235,4124905,PR,Sul,58,0.8496574,0.9310344827586207,0.15034258,80.0,4.9657440185546875,4.9657440185546875,False,completo,True
5236,4217550,SC,Sul,40,0.849662,0.975,0.150338,80.0,4.9662017822265625,4.9662017822265625,False,completo,False
5237,2301406,CE,Nordeste,176,0.8497631,0.8068181818181818,0.1502369,80.0,4.976310729980469,4.976310729980469,False,completo,True
5238,5215306,GO,Centro-Oeste,161,0.8500728,0.782608695652174,0.1499272,80.0,5.0072784423828125,5.0072784423828125,False,completo,False
5239,2200806,PI,Nordeste,42,0.8500848,0.7380952380952381,0.14991522,80.0,5.008476257324219,5.008476257324219,False,completo,False
5240,3105707,MG,Sudeste,34,0.8500959,0.9411764705882353,0.14990407,,,,False,completo,True
5241,3110400,MG,Sudeste,30,0.85065615,0.8666666666666667,0.14934385,80.0,5.06561279296875,5.06561279296875,False,completo,False
5242,3555208,SP,Sudeste,15,0.851184,0.9333333333333333,0.14881599,80.0,5.118400573730469,5.118400573730469,False,parcial,True
5243,5210802,GO,Centro-Oeste,35,0.8512102,0.8285714285714286,0.14878982,80.0,5.1210174560546875,5.1210174560546875,False,completo,True
5244,5221700,GO,Centro-Oeste,132,0.85138863,0.9772727272727273,0.14861137,76.25,8.888862609863281,7.588862609863284,False,completo,True
5245,5203203,GO,Centro-Oeste,145,0.8514234,0.7862068965517242,0.14857662,80.0,5.142341613769531,5.142341613769531,False,completo,False
5246,5108204,MT,Centro-Oeste,35,0.8514989,0.8857142857142857,0.1485011,80.0,5.1498870849609375,5.1498870849609375,False,completo,False
5247,2308377,CE,Nordeste,151,0.85225195,0.8543046357615894,0.14774805,80.0,5.225196838378906,5.225196838378906,False,completo,True
5248,2302701,CE,Nordeste,204,0.8522802,0.8284313725490197,0.1477198,80.0,5.228019714355469,5.228019714355469,False,completo,True
5249,2208700,PI,Nordeste,77,0.8524934,0.8051948051948052,0.1475066,80.0,5.2493438720703125,5.2493438720703125,False,completo,True
5250,2303501,CE,Nordeste,957,0.8526447,0.8265412748171369,0.14735532,80.0,5.26446533203125,5.26446533203125,False,completo,True
5251,2202133,PI,Nordeste,72,0.8527787,0.9583333333333334,0.14722133,80.0,5.277870178222656,5.277870178222656,False,completo,True
5252,2313708,CE,Nordeste,53,0.8529133,0.8867924528301887,0.14708668,80.0,5.291328430175781,5.291328430175781,False,completo,True
5253,5219001,GO,Centro-Oeste,88,0.85325724,0.9204545454545454,0.14674276,78.37,6.955721740722652,6.4057217407226545,False,completo,False
5254,5215405,GO,Centro-Oeste,59,0.8536673,0.9661016949152542,0.14633268,80.0,5.366729736328125,5.366729736328125,False,completo,False
5255,3555109,SP,Sudeste,122,0.8537214,0.9344262295081968,0.14627862,80.0,5.372138977050781,5.372138977050781,False,parcial,True
5256,5218789,GO,Centro-Oeste,51,0.85390466,0.9607843137254902,0.14609534,79.37,6.020464782714839,5.8104647827148455,False,completo,True
5257,4216255,SC,Sul,65,0.8549434,0.9230769230769231,0.1450566,80.0,5.4943389892578125,5.4943389892578125,False,completo,False
5258,4123105,PR,Sul,35,0.8549832,0.9142857142857143,0.14501679,80.0,5.498321533203125,5.498321533203125,False,completo,True
5259,5219357,GO,Centro-Oeste,36,0.8551617,0.7777777777777778,0.14483827,79.56,5.956174316406248,5.806174316406256,False,completo,True
5260,2207553,PI,Nordeste,34,0.8551953,0.5,0.14480472,80.0,5.51953125,5.51953125,False,completo,False
5261,3205069,ES,Sudeste,281,0.8555674,0.8790035587188612,0.1444326,80.0,5.556739807128906,5.556739807128906,False,completo,True
5262,5210562,GO,Centro-Oeste,76,0.8555869,0.7763157894736842,0.14441311,80.0,5.558685302734375,5.558685302734375,False,completo,True
5263,5220058,GO,Centro-Oeste,24,0.8556008,0.875,0.14439923,80.0,5.5600738525390625,5.5600738525390625,False,completo,True
5264,5206305,GO,Centro-Oeste,50,0.8556274,0.82,0.14437258,80.0,5.562744140625,5.562744140625,False,completo,True
5265,2103158,MA,Nordeste,117,0.8562752,0.8803418803418803,0.1437248,80.0,5.6275177001953125,5.6275177001953125,False,completo,True
5266,5206909,GO,Centro-Oeste,23,0.856305,0.8260869565217391,0.143695,80.0,5.630500793457031,5.630500793457031,False,completo,True
5267,3515905,SP,Sudeste,27,0.8569851,0.9629629629629629,0.14301491,80.0,5.698509216308594,5.698509216308594,False,parcial,False
5268,5219738,GO,Centro-Oeste,101,0.8573216,0.8316831683168316,0.14267838,80.0,5.7321624755859375,5.7321624755859375,False,completo,True
5269,3130309,MG,Sudeste,66,0.8576147,0.9393939393939394,0.1423853,80.0,5.761466979980469,5.761466979980469,False,completo,True
5270,5205059,GO,Centro-Oeste,46,0.8578926,0.9130434782608695,0.14210743,80.0,5.7892608642578125,5.7892608642578125,False,completo,False
5271,5221908,GO,Centro-Oeste,46,0.8582145,0.8478260869565217,0.1417855,80.0,5.821449279785156,5.821449279785156,False,completo,False
5272,2203420,PI,Nordeste,45,0.85854244,0.8222222222222222,0.14145756,80.0,5.854248046875,5.854248046875,False,completo,True
5273,2210201,PI,Nordeste,34,0.8585487,0.9705882352941176,0.1414513,80.0,5.8548736572265625,5.8548736572265625,False,completo,True
5274,4115853,PR,Sul,103,0.8586833,0.9320388349514563,0.14131671,80.0,5.8683319091796875,5.8683319091796875,False,completo,True
5275,3152303,MG,Sudeste,57,0.85895556,0.9649122807017544,0.14104444,,,,False,completo,True
5276,5204854,GO,Centro-Oeste,129,0.8591027,0.8527131782945736,0.14089727,80.0,5.910270690917969,5.910270690917969,False,completo,True
5277,3119609,MG,Sudeste,24,0.8591842,0.625,0.1408158,80.0,5.918418884277344,5.918418884277344,False,completo,False
5278,5201603,GO,Centro-Oeste,46,0.85942054,0.9347826086956522,0.14057946,77.68,8.26205474853515,7.472054748535157,False,completo,False
5279,5218391,GO,Centro-Oeste,44,0.8599095,0.7727272727272727,0.14009053,80.0,5.990943908691406,5.990943908691406,False,completo,True
5280,5219712,GO,Centro-Oeste,73,0.86004025,0.9178082191780822,0.13995975,80.0,6.0040283203125,6.0040283203125,False,completo,True
5281,5215207,GO,Centro-Oeste,31,0.8601585,0.5483870967741935,0.1398415,80.0,6.0158538818359375,6.0158538818359375,False,completo,False
5282,5218052,GO,Centro-Oeste,73,0.86019635,0.7534246575342466,0.13980365,80.0,6.0196380615234375,6.0196380615234375,False,completo,False
5283,4118451,PR,Sul,77,0.8602712,0.9090909090909091,0.13972878,80.0,6.027122497558594,6.027122497558594,False,completo,False
5284,3537107,SP,Sudeste,411,0.86030555,0.9416058394160584,0.13969445,80.0,6.030555725097656,6.030555725097656,False,parcial,True
5285,5200159,GO,Centro-Oeste,33,0.86043626,0.8181818181818182,0.13956374,80.0,6.0436248779296875,6.0436248779296875,False,completo,False
5286,2603926,PE,Nordeste,53,0.86110985,1.0,0.13889015,80.0,6.110984802246094,6.110984802246094,False,completo,True
5287,3205176,ES,Sudeste,227,0.86156917,0.7973568281938326,0.13843083,80.0,6.156913757324219,6.156913757324219,False,completo,False
5288,2313351,CE,Nordeste,226,0.8615922,0.8008849557522124,0.13840783,80.0,6.159217834472656,6.159217834472656,False,completo,True
5289,5214861,GO,Centro-Oeste,49,0.8622876,0.8775510204081632,0.13771242,80.0,6.228759765625,6.228759765625,False,completo,True
5290,5210604,GO,Centro-Oeste,50,0.8623346,0.9,0.13766539,80.0,6.23345947265625,6.23345947265625,False,completo,False
5291,5221304,GO,Centro-Oeste,25,0.86350614,0.84,0.13649386,79.54,6.810616455078119,6.660616455078127,False,completo,True
5292,5205513,GO,Centro-Oeste,282,0.86359304,0.8865248226950354,0.13640696,79.6,6.759306335449224,6.629306335449215,False,completo,True
5293,5222203,GO,Centro-Oeste,61,0.8646784,0.7868852459016393,0.13532162,80.0,6.46783447265625,6.46783447265625,False,completo,True
5294,5219258,GO,Centro-Oeste,67,0.86504126,0.9253731343283582,0.13495874,77.35,9.154127502441412,8.244127502441401,False,completo,True
5295,2311207,CE,Nordeste,67,0.86527663,0.9104477611940298,0.13472337,80.0,6.5276641845703125,6.5276641845703125,False,completo,True
5296,2309607,CE,Nordeste,667,0.865696,0.8785607196401799,0.13430399,80.0,6.569602966308594,6.569602966308594,False,completo,True
5297,2301000,CE,Nordeste,1053,0.86597127,0.8404558404558404,0.13402873,80.0,6.597129821777344,6.597129821777344,False,completo,False
5298,5220603,GO,Centro-Oeste,200,0.8664882,0.91,0.13351178,80.0,6.6488189697265625,6.6488189697265625,False,completo,True
5299,3204559,ES,Sudeste,515,0.866553,0.8543689320388349,0.13344699,80.0,6.655303955078125,6.655303955078125,False,completo,True
5300,5212907,GO,Centro-Oeste,48,0.86658174,0.8333333333333334,0.13341826,80.0,6.658172607421875,6.658172607421875,False,completo,True
5301,5219456,GO,Centro-Oeste,23,0.8667927,0.9565217391304348,0.13320732,80.0,6.679267883300781,6.679267883300781,False,completo,True
5302,2612109,PE,Nordeste,51,0.8682195,0.9215686274509803,0.1317805,80.0,6.821952819824219,6.821952819824219,False,completo,True
5303,3106408,MG,Sudeste,78,0.868427,0.9743589743589743,0.13157302,80.0,6.8426971435546875,6.8426971435546875,False,completo,True
5304,2305704,CE,Nordeste,126,0.8686309,0.8888888888888888,0.13136911,80.0,6.863090515136719,6.863090515136719,False,completo,True
5305,2306256,CE,Nordeste,771,0.8689916,0.8495460440985733,0.13100839,80.0,6.899162292480469,6.899162292480469,False,completo,True
5306,5200506,GO,Centro-Oeste,22,0.86915,0.9090909090909091,0.13085002,,,6.915000915527344,False,completo,False
5307,5203807,GO,Centro-Oeste,83,0.86946905,0.927710843373494,0.13053095,80.0,6.946907043457031,6.946907043457031,False,completo,True
5308,3203304,ES,Sudeste,163,0.8704309,0.950920245398773,0.12956911,80.0,7.0430908203125,7.0430908203125,False,completo,True
5309,5219704,GO,Centro-Oeste,73,0.87046766,0.958904109589041,0.12953234,80.0,7.0467681884765625,7.0467681884765625,False,completo,True
5310,2308104,CE,Nordeste,532,0.8706273,0.8439849624060151,0.12937272,80.0,7.0627288818359375,7.0627288818359375,False,completo,True
5311,2307403,CE,Nordeste,278,0.87127215,0.9028776978417267,0.12872785,80.0,7.1272125244140625,7.1272125244140625,False,completo,True
5312,2301901,CE,Nordeste,705,0.87153816,0.8794326241134752,0.12846184,80.0,7.153816223144531,7.153816223144531,False,completo,True
5313,3534757,SP,Sudeste,120,0.8719779,0.9,0.12802207,80.0,7.197792053222656,7.197792053222656,False,parcial,True
5314,2111748,MA,Nordeste,101,0.8722187,0.9603960396039604,0.12778127,80.0,7.221870422363281,7.221870422363281,False,completo,True
5315,5204607,GO,Centro-Oeste,47,0.87313163,0.9361702127659575,0.12686837,79.44,7.873163757324221,7.683163757324223,False,completo,True
5316,5210307,GO,Centro-Oeste,27,0.874185,0.9259259259259259,0.12581497,80.0,7.4185028076171875,7.4185028076171875,False,completo,False
5317,2210300,PI,Nordeste,58,0.8746778,0.8793103448275862,0.12532222,80.0,7.467781066894531,7.467781066894531,False,completo,True
5318,5220280,GO,Centro-Oeste,22,0.8748272,0.8636363636363636,0.1251728,80.0,7.482719421386719,7.482719421386719,False,completo,True
5319,2311504,CE,Nordeste,175,0.8749592,0.9314285714285714,0.12504083,80.0,7.495918273925781,7.495918273925781,False,completo,True
5320,2313104,CE,Nordeste,253,0.8750126,0.841897233201581,0.12498742,80.0,7.501258850097656,7.501258850097656,False,completo,True
5321,2306405,CE,Nordeste,1461,0.87513876,0.8877481177275839,0.12486124,80.0,7.513877868652344,7.513877868652344,False,completo,True
5322,3200102,ES,Sudeste,277,0.87534755,0.9205776173285198,0.124652445,80.0,7.534751892089844,7.534751892089844,False,completo,True
5323,2303402,CE,Nordeste,226,0.8753799,0.8407079646017699,0.12462008,80.0,7.537994384765625,7.537994384765625,False,completo,True
5324,5000856,MS,Centro-Oeste,201,0.8754293,0.845771144278607,0.12457073,80.0,7.542930603027344,7.542930603027344,False,completo,True
5325,1101104,RO,Norte,160,0.87585497,0.7125,0.12414503,80.0,7.5854949951171875,7.5854949951171875,False,completo,False
5326,2313401,CE,Nordeste,1093,0.8765559,0.8600182982616651,0.12344408,80.0,7.6555938720703125,7.6555938720703125,False,completo,True
5327,2307601,CE,Nordeste,524,0.87799287,0.8969465648854962,0.12200713,80.0,7.799285888671875,7.799285888671875,False,completo,True
5328,5214879,GO,Centro-Oeste,40,0.8783165,0.95,0.12168348,80.0,7.8316497802734375,7.8316497802734375,False,completo,True
5329,5208152,GO,Centro-Oeste,59,0.8785256,0.7966101694915254,0.121474385,80.0,7.852561950683594,7.852561950683594,False,completo,False
5330,2306900,CE,Nordeste,335,0.87879974,0.8925373134328358,0.12120026,80.0,7.879974365234375,7.879974365234375,False,completo,True
5331,2301208,CE,Nordeste,317,0.8789721,0.9085173501577287,0.12102789,80.0,7.897209167480469,7.897209167480469,False,completo,True
5332,5202353,GO,Centro-Oeste,31,0.8793118,0.8387096774193549,0.1206882,80.0,7.931182861328125,7.931182861328125,False,completo,True
5333,5219506,GO,Centro-Oeste,37,0.8801321,1.0,0.11986792,80.0,8.013206481933594,8.013206481933594,False,completo,True
5334,5221452,GO,Centro-Oeste,37,0.88048524,0.9459459459459459,0.11951476,80.0,8.04852294921875,8.04852294921875,False,completo,False
5335,2609105,PE,Nordeste,123,0.88058126,0.967479674796748,0.11941874,80.0,8.058128356933594,8.058128356933594,False,completo,True
5336,2309805,CE,Nordeste,136,0.88164794,0.9117647058823529,0.118352056,80.0,8.164794921875,8.164794921875,False,completo,True
5337,2512507,PB,Nordeste,561,0.88236797,0.928698752228164,0.11763203,80.0,8.236793518066406,8.236793518066406,False,completo,True
5338,5215900,GO,Centro-Oeste,36,0.8823898,0.8333333333333334,0.117610216,80.0,8.238975524902344,8.238975524902344,False,completo,True
5339,2104628,MA,Nordeste,96,0.882613,0.9166666666666666,0.117387,80.0,8.261299133300781,8.261299133300781,False,completo,True
5340,5220207,GO,Centro-Oeste,275,0.88309383,0.9127272727272727,0.116906166,80.0,8.30938720703125,8.30938720703125,False,completo,True
5341,2202091,PI,Nordeste,22,0.883337,1.0,0.11666298,80.0,8.333702087402344,8.333702087402344,False,completo,False
5342,5207105,GO,Centro-Oeste,22,0.8833379,0.7727272727272727,0.116662085,80.0,8.333793640136719,8.333793640136719,False,completo,False
5343,2201572,PI,Nordeste,26,0.8834946,1.0,0.116505384,80.0,8.349464416503906,8.349464416503906,False,completo,False
5344,3200136,ES,Sudeste,146,0.8837168,0.9452054794520548,0.11628318,80.0,8.371681213378906,8.371681213378906,False,completo,True
5345,5222005,GO,Centro-Oeste,153,0.88448685,0.8954248366013072,0.115513146,80.0,8.448684692382812,8.448684692382812,False,completo,True
5346,2300101,CE,Nordeste,95,0.8846846,0.9157894736842105,0.11531538,80.0,8.468460083007812,8.468460083007812,False,completo,False
5347,2203230,PI,Nordeste,39,0.8850533,0.9230769230769231,0.11494672,80.0,8.505325317382812,8.505325317382812,False,completo,True
5348,2611903,PE,Nordeste,209,0.88523495,0.9090909090909091,0.11476505,80.0,8.52349853515625,8.52349853515625,False,completo,True
5349,2603900,PE,Nordeste,252,0.8857368,0.9246031746031746,0.11426318,80.0,8.573684692382812,8.573684692382812,False,completo,True
5350,5213905,GO,Centro-Oeste,37,0.8858883,1.0,0.11411172,80.0,8.588829040527344,8.588829040527344,False,completo,True
5351,2201945,PI,Nordeste,63,0.88592064,0.7777777777777778,0.114079356,80.0,8.592063903808594,8.592063903808594,False,completo,True
5352,2311603,CE,Nordeste,318,0.88670474,0.9245283018867925,0.11329526,80.0,8.67047119140625,8.67047119140625,False,completo,True
5353,2313302,CE,Nordeste,527,0.88690996,0.920303605313093,0.11309004,80.0,8.690994262695312,8.690994262695312,False,completo,True
5354,2301950,CE,Nordeste,305,0.88704616,0.9114754098360656,0.11295384,80.0,8.704612731933594,8.704612731933594,False,completo,True
5355,2309458,CE,Nordeste,321,0.88825554,0.8473520249221184,0.11174446,80.0,8.825553894042969,8.825553894042969,False,completo,True
5356,3141603,MG,Sudeste,74,0.8887227,0.8513513513513513,0.11127728,80.0,8.872268676757812,8.872268676757812,False,completo,True
5357,2310852,CE,Nordeste,272,0.88926154,0.8860294117647058,0.110738456,80.0,8.926155090332031,8.926155090332031,False,completo,True
5358,2303204,CE,Nordeste,338,0.8896483,0.8254437869822485,0.11035168,80.0,8.964828491210938,8.964828491210938,False,completo,True
5359,5218805,GO,Centro-Oeste,2502,0.8900911,0.8980815347721822,0.10990888,80.0,9.009109497070312,9.009109497070312,False,completo,True
5360,2304905,CE,Nordeste,125,0.8901872,0.968,0.109812796,80.0,9.018722534179688,9.018722534179688,False,completo,True
5361,3519105,SP,Sudeste,88,0.89094454,0.9772727272727273,0.10905546,80.0,9.094451904296875,9.094451904296875,False,parcial,True
5362,5207600,GO,Centro-Oeste,39,0.89158094,1.0,0.10841906,80.0,9.158096313476562,9.158096313476562,False,completo,False
5363,5101001,MT,Centro-Oeste,37,0.8922091,0.918918918918919,0.10779089,80.0,9.220909118652344,9.220909118652344,False,completo,True
5364,5210158,GO,Centro-Oeste,28,0.89250755,0.9642857142857143,0.10749245,80.0,9.250755310058594,9.250755310058594,False,completo,True
5365,2306306,CE,Nordeste,491,0.8933456,0.8961303462321792,0.106654406,80.0,9.334556579589844,9.334556579589844,False,completo,False
5366,2100873,MA,Nordeste,145,0.89391774,0.9172413793103448,0.10608226,80.0,9.391777038574219,9.391777038574219,False,completo,True
5367,5218706,GO,Centro-Oeste,56,0.89486235,1.0,0.105137646,77.08,12.406236572265627,11.406236572265627,False,completo,True
5368,5216304,GO,Centro-Oeste,102,0.8948863,0.9705882352941176,0.105113685,80.0,9.488632202148438,9.488632202148438,False,completo,True
5369,5205406,GO,Centro-Oeste,164,0.89502364,0.9451219512195121,0.104976356,80.0,9.502365112304688,9.502365112304688,False,completo,True
5370,2314102,CE,Nordeste,765,0.89573073,0.9019607843137255,0.104269266,80.0,9.573074340820312,9.573074340820312,False,completo,True
5371,5219100,GO,Centro-Oeste,82,0.8969359,1.0,0.10306412,78.53,11.163588256835936,10.663588256835936,False,completo,True
5372,2311009,CE,Nordeste,136,0.897699,1.0,0.102301,80.0,9.7698974609375,9.7698974609375,False,completo,True
5373,2200202,PI,Nordeste,187,0.8978524,0.9197860962566845,0.10214758,80.0,9.785240173339844,9.785240173339844,False,completo,True
5374,2309508,CE,Nordeste,224,0.8978862,0.9107142857142857,0.10211378,80.0,9.788619995117188,9.788619995117188,False,completo,True
5375,3133907,MG,Sudeste,49,0.89795965,0.8571428571428571,0.10204035,,,11.785967102050776,False,completo,True
5376,2709301,AL,Nordeste,633,0.8992537,0.9478672985781991,0.100746274,80.0,9.925369262695312,9.925369262695312,False,completo,True
5377,3100807,MG,Sudeste,46,0.89937097,0.8913043478260869,0.10062903,80.0,9.937095642089844,9.937095642089844,False,completo,True
5378,2208858,PI,Nordeste,66,0.899888,0.9242424242424242,0.10011202,80.0,9.988800048828125,9.988800048828125,False,completo,True
5379,2306553,CE,Nordeste,456,0.9003947,0.9254385964912281,0.09960532,80.0,10.039466857910156,10.039466857910156,False,completo,False
5380,2311306,CE,Nordeste,811,0.9007514,0.9247842170160296,0.09924859,80.0,10.075141906738281,10.075141906738281,False,completo,True
5381,5214101,GO,Centro-Oeste,52,0.90086067,1.0,0.09913933,80.0,10.086067199707031,10.086067199707031,False,completo,True
5382,2702306,AL,Nordeste,787,0.90108293,0.9224904701397713,0.09891707,80.0,10.108291625976562,10.108291625976562,False,completo,True
5383,2103125,MA,Nordeste,88,0.90115905,0.875,0.09884095,80.0,10.11590576171875,10.11590576171875,False,completo,False
5384,5214705,GO,Centro-Oeste,21,0.9019181,0.9523809523809523,0.09808189,80.0,10.191810607910156,10.191810607910156,False,completo,True
5385,2102077,MA,Nordeste,105,0.90213966,0.9523809523809523,0.09786034,80.0,10.213966369628906,10.213966369628906,False,completo,True
5386,2207207,PI,Nordeste,86,0.9023022,1.0,0.097697794,80.0,10.230216979980469,10.230216979980469,False,completo,True
5387,2305803,CE,Nordeste,441,0.9051928,0.8662131519274376,0.09480721,80.0,10.519279479980469,10.519279479980469,False,completo,True
5388,5211404,GO,Centro-Oeste,90,0.9061677,0.9555555555555556,0.093832314,80.0,10.616767883300781,10.616767883300781,False,completo,True
5389,2306801,CE,Nordeste,98,0.9065612,0.9387755102040817,0.093438804,80.0,10.656120300292969,10.656120300292969,False,completo,True
5390,2313500,CE,Nordeste,813,0.9069322,0.9175891758917589,0.093067825,80.0,10.693214416503906,10.693214416503906,False,completo,True
5391,5219605,GO,Centro-Oeste,36,0.9081204,0.9166666666666666,0.091879606,80.0,10.812042236328125,10.812042236328125,False,completo,True
5392,2205532,PI,Nordeste,61,0.9083392,0.9836065573770492,0.0916608,80.0,10.83392333984375,10.83392333984375,False,completo,False
5393,2313559,CE,Nordeste,232,0.90862554,0.9525862068965517,0.09137446,80.0,10.862556457519531,10.862556457519531,False,completo,True
5394,5214051,GO,Centro-Oeste,101,0.90904397,0.9405940594059405,0.09095603,80.0,10.904396057128906,10.904396057128906,False,completo,True
5395,3109253,MG,Sudeste,20,0.9113892,0.85,0.08861083,80.0,11.138916015625,11.138916015625,False,completo,False
5396,5203939,GO,Centro-Oeste,30,0.91289556,0.9666666666666667,0.08710444,80.0,11.289558410644531,11.289558410644531,False,completo,True
5397,5201306,GO,Centro-Oeste,159,0.9135652,0.9811320754716981,0.08643478,80.0,11.356521606445312,11.356521606445312,False,completo,True
5398,2304806,CE,Nordeste,59,0.9143457,0.9152542372881356,0.08565432,80.0,11.4345703125,11.4345703125,False,completo,True
5399,5206800,GO,Centro-Oeste,33,0.91516554,0.9696969696969697,0.08483446,80.0,11.516555786132812,11.516555786132812,False,completo,True
5400,2301109,CE,Nordeste,848,0.9153172,0.9115566037735849,0.08468282,80.0,11.531715393066406,11.531715393066406,False,completo,True
5401,2512309,PB,Nordeste,193,0.915452,0.8652849740932642,0.084548,80.0,11.545196533203125,11.545196533203125,False,completo,True
5402,3137908,MG,Sudeste,19,0.91614264,0.9473684210526315,0.08385736,,,,False,completo,True
5403,2211605,PI,Nordeste,20,0.9165307,1.0,0.08346927,80.0,11.653076171875,11.653076171875,False,completo,True
5404,5212055,GO,Centro-Oeste,34,0.917021,1.0,0.08297902,80.0,11.702095031738281,11.702095031738281,False,completo,True
5405,2311801,CE,Nordeste,763,0.9175378,0.944954128440367,0.08246219,80.0,11.7537841796875,11.7537841796875,False,completo,True
5406,2205607,PI,Nordeste,58,0.91775525,1.0,0.082244754,80.0,11.775527954101562,11.775527954101562,False,completo,True
5407,2205904,PI,Nordeste,68,0.91800344,0.8235294117647058,0.08199656,80.0,11.800346374511719,11.800346374511719,False,completo,False
5408,5213855,GO,Centro-Oeste,32,0.91806835,0.96875,0.08193165,80.0,11.806831359863281,11.806831359863281,False,completo,True
5409,2513943,PB,Nordeste,40,0.91857636,1.0,0.08142364,80.0,11.857635498046875,11.857635498046875,False,completo,True
5410,5212006,GO,Centro-Oeste,17,0.91944826,1.0,0.08055174,80.0,11.94482421875,11.94482421875,False,completo,True
5411,2708105,AL,Nordeste,86,0.9196253,0.9767441860465116,0.08037472,80.0,11.9625244140625,11.9625244140625,False,completo,True
5412,2105203,MA,Nordeste,97,0.9221627,0.8969072164948454,0.07783729,80.0,12.216270446777344,12.216270446777344,False,completo,True
5413,2302503,CE,Nordeste,532,0.92287713,0.9548872180451128,0.07712287,80.0,12.287712097167969,12.287712097167969,False,completo,True
5414,2306009,CE,Nordeste,177,0.9235252,0.8418079096045198,0.076474786,80.0,12.352523803710938,12.352523803710938,False,completo,True
5415,2305233,CE,Nordeste,914,0.9239359,0.9617067833698031,0.07606411,80.0,12.393585205078125,12.393585205078125,False,completo,False
5416,2205953,PI,Nordeste,139,0.9241732,0.8992805755395683,0.07582682,80.0,12.417320251464844,12.417320251464844,False,completo,False
5417,2300606,CE,Nordeste,113,0.9246031,0.8849557522123894,0.075396895,80.0,12.460311889648438,12.460311889648438,False,completo,True
5418,2209807,PI,Nordeste,53,0.92461383,0.6415094339622641,0.07538617,80.0,12.461380004882812,12.461380004882812,False,completo,False
5419,2312106,CE,Nordeste,172,0.9248518,0.9651162790697675,0.075148225,80.0,12.485176086425781,12.485176086425781,False,completo,True
5420,2301604,CE,Nordeste,260,0.927892,0.9807692307692307,0.07210797,80.0,12.789199829101562,12.789199829101562,False,completo,True
5421,2308500,CE,Nordeste,415,0.92958236,0.9349397590361446,0.07041764,80.0,12.958236694335938,12.958236694335938,False,completo,True
5422,2210052,PI,Nordeste,68,0.9307802,0.9264705882352942,0.06921983,80.0,13.078018188476562,13.078018188476562,False,completo,True
5423,2106672,MA,Nordeste,33,0.932183,0.9696969696969697,0.06781697,80.0,13.218299865722656,13.218299865722656,False,completo,True
5424,2305332,CE,Nordeste,89,0.93372065,0.9662921348314607,0.06627935,80.0,13.372062683105469,13.372062683105469,False,completo,False
5425,2306207,CE,Nordeste,92,0.9342139,0.967391304347826,0.06578612,80.0,13.42138671875,13.42138671875,False,completo,False
5426,2209104,PI,Nordeste,54,0.9349228,0.9814814814814815,0.065077186,80.0,13.492279052734375,13.492279052734375,False,completo,True
5427,2310704,CE,Nordeste,357,0.9390434,0.9131652661064426,0.060956597,80.0,13.904342651367188,13.904342651367188,False,completo,True
5428,2204303,PI,Nordeste,88,0.9410832,0.9659090909090909,0.058916807,80.0,14.108322143554688,14.108322143554688,False,completo,True
5429,2304285,CE,Nordeste,949,0.94273204,0.9388830347734457,0.057267964,80.0,14.273200988769531,14.273200988769531,False,completo,True
5430,2509156,PB,Nordeste,55,0.9436709,0.9818181818181818,0.05632907,80.0,14.367095947265625,14.367095947265625,False,completo,True
5431,2301802,CE,Nordeste,36,0.94498837,0.9166666666666666,0.05501163,80.0,14.49884033203125,14.49884033203125,False,completo,True
5432,2311108,CE,Nordeste,252,0.9453198,0.9206349206349206,0.05468023,80.0,14.531974792480469,14.531974792480469,False,completo,True
5433,2313252,CE,Nordeste,97,0.9455923,0.9175257731958762,0.054407716,80.0,14.559226989746094,14.559226989746094,False,completo,False
5434,2310407,CE,Nordeste,69,0.9467206,0.9420289855072463,0.0532794,80.0,14.67205810546875,14.67205810546875,False,completo,True
5435,2310100,CE,Nordeste,123,0.9476669,0.943089430894309,0.052333117,80.0,14.766685485839844,14.766685485839844,False,completo,True
5436,2304277,CE,Nordeste,59,0.94780576,0.9491525423728814,0.052194238,80.0,14.78057861328125,14.78057861328125,False,completo,True
5437,2307809,CE,Nordeste,445,0.948852,0.9662921348314607,0.051147997,80.0,14.885200500488281,14.885200500488281,False,completo,True
5438,2306702,CE,Nordeste,174,0.9490011,0.9367816091954023,0.050998926,80.0,14.900108337402344,14.900108337402344,False,completo,False
5439,2310209,CE,Nordeste,568,0.94902706,0.9507042253521126,0.05097294,80.0,14.9027099609375,14.9027099609375,False,completo,False
5440,2300804,CE,Nordeste,91,0.9500706,0.945054945054945,0.04992938,80.0,15.007064819335938,15.007064819335938,False,completo,True
5441,2302602,CE,Nordeste,745,0.95022196,0.9409395973154362,0.049778044,80.0,15.022193908691406,15.022193908691406,False,completo,True
5442,2304459,CE,Nordeste,225,0.951581,0.9288888888888889,0.048419,80.0,15.158096313476562,15.158096313476562,False,completo,True
5443,2310803,CE,Nordeste,246,0.9525682,0.9349593495934959,0.047431827,80.0,15.256820678710938,15.256820678710938,False,completo,True
5444,2314003,CE,Nordeste,420,0.95300347,0.9095238095238095,0.046996534,80.0,15.300346374511719,15.300346374511719,False,completo,False
5445,2304608,CE,Nordeste,85,0.9533116,0.9764705882352941,0.046688378,80.0,15.331161499023438,15.331161499023438,False,completo,True
5446,2305308,CE,Nordeste,313,0.9542757,0.9744408945686901,0.045724273,80.0,15.427574157714844,15.427574157714844,False,completo,True
5447,2300705,CE,Nordeste,187,0.95442,0.9411764705882353,0.04558003,80.0,15.441993713378906,15.441993713378906,False,completo,True
5448,2206506,PI,Nordeste,87,0.9545854,0.9770114942528736,0.045414627,80.0,15.458534240722656,15.458534240722656,False,completo,True
5449,2105807,MA,Nordeste,68,0.9548653,0.9705882352941176,0.045134723,80.0,15.486526489257812,15.486526489257812,False,completo,False
5450,2306504,CE,Nordeste,174,0.9548855,0.9252873563218391,0.045114517,80.0,15.488548278808594,15.488548278808594,False,completo,True
5451,2304202,CE,Nordeste,1210,0.95497197,0.9537190082644628,0.04502803,80.0,15.497200012207031,15.497200012207031,False,completo,True
5452,2310258,CE,Nordeste,453,0.9550793,0.9381898454746137,0.044920683,80.0,15.5079345703125,15.5079345703125,False,completo,True
5453,2303303,CE,Nordeste,168,0.9561554,0.9523809523809523,0.04384458,80.0,15.61553955078125,15.61553955078125,False,completo,True
5454,2313609,CE,Nordeste,451,0.9564001,0.9512195121951219,0.043599904,80.0,15.640007019042969,15.640007019042969,False,completo,True
5455,2312304,CE,Nordeste,570,0.9564338,0.9508771929824561,0.043566227,80.0,15.643379211425781,15.643379211425781,False,completo,True
5456,2310951,CE,Nordeste,68,0.9568995,1.0,0.043100476,80.0,15.689949035644531,15.689949035644531,False,completo,True
5457,2307635,CE,Nordeste,187,0.95761645,0.9518716577540107,0.04238355,80.0,15.761642456054688,15.761642456054688,False,completo,True
5458,2303931,CE,Nordeste,152,0.95773214,0.9539473684210527,0.04226786,80.0,15.773216247558594,15.773216247558594,False,completo,True
5459,2300200,CE,Nordeste,835,0.95785517,0.9772455089820359,0.042144835,80.0,15.785514831542969,15.785514831542969,False,completo,True
5460,2311231,CE,Nordeste,79,0.9580791,0.9746835443037974,0.0419209,80.0,15.807907104492188,15.807907104492188,False,completo,True
5461,2303808,CE,Nordeste,162,0.9583977,0.9876543209876543,0.041602314,80.0,15.839767456054688,15.839767456054688,False,completo,True
5462,2304301,CE,Nordeste,175,0.95842266,0.96,0.04157734,80.0,15.842269897460938,15.842269897460938,False,completo,True
5463,2305001,CE,Nordeste,620,0.958833,0.9564516129032258,0.04116702,80.0,15.88330078125,15.88330078125,False,completo,True
5464,2302305,CE,Nordeste,275,0.9592226,0.9781818181818182,0.040777385,80.0,15.922264099121094,15.922264099121094,False,completo,True
5465,2304269,CE,Nordeste,85,0.95926684,0.9882352941176471,0.04073316,80.0,15.926681518554688,15.926681518554688,False,completo,True
5466,2313005,CE,Nordeste,192,0.9598649,0.9895833333333334,0.040135086,80.0,15.986488342285156,15.986488342285156,False,completo,True
5467,2302800,CE,Nordeste,815,0.96059465,0.9496932515337423,0.039405346,80.0,16.059463500976562,16.059463500976562,False,completo,False
5468,2112704,MA,Nordeste,526,0.96079195,0.9657794676806084,0.039208055,80.0,16.079193115234375,16.079193115234375,False,completo,True
5469,2309904,CE,Nordeste,73,0.96083343,1.0,0.03916657,80.0,16.083343505859375,16.083343505859375,False,completo,True
5470,2312205,CE,Nordeste,385,0.96109,0.9506493506493506,0.03890997,80.0,16.10900115966797,16.10900115966797,False,completo,True
5471,2303006,CE,Nordeste,157,0.96113575,0.9872611464968153,0.038864255,80.0,16.113571166992188,16.113571166992188,False,completo,True
5472,2308609,CE,Nordeste,211,0.96116,0.9715639810426541,0.038839996,80.0,16.115997314453125,16.115997314453125,False,completo,True
5473,2304103,CE,Nordeste,674,0.96118456,0.9718100890207715,0.03881544,80.0,16.118453979492188,16.118453979492188,False,completo,True
5474,2311405,CE,Nordeste,876,0.96122086,0.9874429223744292,0.03877914,80.0,16.122085571289062,16.122085571289062,False,completo,False
5475,2313906,CE,Nordeste,200,0.96134496,0.99,0.038655043,80.0,16.134498596191406,16.134498596191406,False,completo,True
5476,2309003,CE,Nordeste,170,0.9625494,0.9882352941176471,0.03745061,80.0,16.25493621826172,16.25493621826172,False,completo,False
5477,2303659,CE,Nordeste,64,0.9627082,1.0,0.037291825,80.0,16.27082061767578,16.27082061767578,False,completo,True
5478,2308807,CE,Nordeste,84,0.96376735,0.9285714285714286,0.03623265,80.0,16.376731872558594,16.376731872558594,False,completo,True
5479,2313955,CE,Nordeste,205,0.9642714,0.9804878048780488,0.035728574,80.0,16.427139282226562,16.427139282226562,False,completo,True
5480,2313203,CE,Nordeste,236,0.9648671,0.9830508474576272,0.035132885,80.0,16.486709594726562,16.486709594726562,False,completo,False
5481,2305605,CE,Nordeste,143,0.96536887,0.986013986013986,0.034631133,80.0,16.536888122558594,16.536888122558594,False,completo,True
5482,2308351,CE,Nordeste,144,0.96573955,0.9791666666666666,0.03426045,80.0,16.573951721191406,16.573951721191406,False,completo,True
5483,2306108,CE,Nordeste,340,0.96585155,0.9676470588235294,0.034148455,80.0,16.58515167236328,16.58515167236328,False,completo,True
5484,2311959,CE,Nordeste,253,0.9659661,0.9841897233201581,0.034033895,80.0,16.59661102294922,16.59661102294922,False,completo,True
5485,2201903,PI,Nordeste,285,0.9659858,0.9894736842105263,0.034014225,80.0,16.59857940673828,16.59857940673828,False,completo,True
5486,2304707,CE,Nordeste,675,0.9662553,0.9777777777777777,0.033744693,80.0,16.625534057617188,16.625534057617188,False,completo,True
5487,2309300,CE,Nordeste,273,0.9665364,0.9963369963369964,0.033463597,80.0,16.653640747070312,16.653640747070312,False,completo,True
5488,2302057,CE,Nordeste,254,0.9668319,0.9566929133858267,0.033168077,80.0,16.683189392089844,16.683189392089844,False,completo,False
5489,2303956,CE,Nordeste,244,0.96741855,0.9713114754098361,0.03258145,80.0,16.741851806640625,16.741851806640625,False,completo,True
5490,2310902,CE,Nordeste,152,0.9675512,1.0,0.03244883,80.0,16.75511932373047,16.75511932373047,False,completo,False
5491,2305654,CE,Nordeste,124,0.9676888,0.9919354838709677,0.0323112,80.0,16.768882751464844,16.768882751464844,False,completo,True
5492,2300507,CE,Nordeste,105,0.967788,0.9904761904761905,0.03221202,80.0,16.77880096435547,16.77880096435547,False,completo,True
5493,2305209,CE,Nordeste,179,0.9686465,0.9608938547486033,0.031353474,80.0,16.864654541015625,16.864654541015625,False,completo,True
5494,2308203,CE,Nordeste,222,0.96876734,0.9819819819819819,0.031232655,80.0,16.876731872558594,16.876731872558594,False,completo,True
5495,2304251,CE,Nordeste,477,0.96888006,0.989517819706499,0.031119943,80.0,16.88800811767578,16.88800811767578,False,completo,False
5496,2312700,CE,Nordeste,191,0.9690989,0.9842931937172775,0.030901074,80.0,16.909889221191406,16.909889221191406,False,completo,False
5497,2307254,CE,Nordeste,452,0.9707927,0.9800884955752213,0.02920729,80.0,17.079269409179688,17.079269409179688,False,completo,True
5498,2312809,CE,Nordeste,113,0.9714741,0.9911504424778761,0.028525889,80.0,17.14740753173828,17.14740753173828,False,completo,True
5499,2307908,CE,Nordeste,132,0.97188973,0.9924242424242424,0.028110266,80.0,17.18897247314453,17.18897247314453,False,completo,True
5500,2308005,CE,Nordeste,422,0.9722378,0.9502369668246445,0.027762175,80.0,17.223785400390625,17.223785400390625,False,completo,False
5501,2312007,CE,Nordeste,287,0.97356963,0.9825783972125436,0.026430368,80.0,17.356964111328125,17.356964111328125,False,completo,True
5502,2308906,CE,Nordeste,269,0.97494483,0.9776951672862454,0.02505517,80.0,17.494483947753906,17.494483947753906,False,completo,True
5503,2309409,CE,Nordeste,334,0.9750772,1.0,0.024922788,80.0,17.507720947265625,17.507720947265625,False,completo,False
5504,2304509,CE,Nordeste,221,0.9752324,0.9819004524886877,0.024767578,80.0,17.523239135742188,17.523239135742188,False,completo,True
5505,2311702,CE,Nordeste,199,0.97532755,0.9849246231155779,0.024672449,80.0,17.532752990722656,17.532752990722656,False,completo,True
5506,2311264,CE,Nordeste,209,0.9757873,0.9904306220095693,0.024212718,80.0,17.57872772216797,17.57872772216797,False,completo,True
5507,2304236,CE,Nordeste,233,0.97580576,0.9914163090128756,0.02419424,80.0,17.58057403564453,17.58057403564453,False,completo,True
5508,2301257,CE,Nordeste,154,0.976143,0.9935064935064936,0.023856997,80.0,17.614303588867188,17.614303588867188,False,completo,True
5509,2305902,CE,Nordeste,433,0.97615045,0.9953810623556582,0.023849547,80.0,17.61504364013672,17.61504364013672,False,completo,True
5510,2309201,CE,Nordeste,213,0.97649115,0.9953051643192489,0.023508847,80.0,17.64911651611328,17.64911651611328,False,completo,True
5511,2303105,CE,Nordeste,162,0.9767393,0.9876543209876543,0.023260713,80.0,17.673927307128906,17.673927307128906,False,completo,True
5512,2306603,CE,Nordeste,222,0.9768494,0.990990990990991,0.023150623,80.0,17.6849365234375,17.6849365234375,False,completo,False
5513,2304657,CE,Nordeste,157,0.9778917,1.0,0.022108316,80.0,17.789169311523438,17.789169311523438,False,completo,True
5514,2304350,CE,Nordeste,229,0.9797508,1.0,0.020249188,80.0,17.975082397460938,17.975082397460938,False,completo,True
5515,2312908,CE,Nordeste,2307,0.9799001,0.9856957087126138,0.020099878,80.0,17.990013122558594,17.990013122558594,False,completo,True
5516,2304004,CE,Nordeste,277,0.98266953,1.0,0.017330468,80.0,18.266952514648438,18.266952514648438,False,completo,True
5517,2310506,CE,Nordeste,335,0.9832589,0.9970149253731343,0.016741097,80.0,18.325889587402344,18.325889587402344,False,completo,True
